protocol,model,fold,record_id,artist_name_fa,category,y_true,y_probability,y_prediction
stratified_5_fold,dummy_prior,1,1_DtHwreZyIh4,همایون شجریان,classic_fusion,0,0.2608695652173913,0
stratified_5_fold,dummy_prior,1,1_Cs0uWFNy4Tw,همایون شجریان,classic_fusion,0,0.2608695652173913,0
stratified_5_fold,dummy_prior,1,1_qhKcG8m70FE,همایون شجریان,classic_fusion,0,0.2608695652173913,0
stratified_5_fold,dummy_prior,1,2_shjoCUSf3og,علیرضا قربانی,classic_fusion,0,0.2608695652173913,0
stratified_5_fold,dummy_prior,1,2_KSZvwbbFa5g,علیرضا قربانی,classic_fusion,1,0.2608695652173913,0
stratified_5_fold,dummy_prior,1,3_LGRg9gERUjU,محسن چاووشی,pop,1,0.2608695652173913,0
stratified_5_fold,dummy_prior,1,3_XFBlfv-gEAo,محسن چاووشی,pop,1,0.2608695652173913,0
stratified_5_fold,dummy_prior,1,3_46TdUtNAopg,محسن چاووشی,pop,1,0.2608695652173913,0
stratified_5_fold,dummy_prior,1,3_JxwGTSxGCUM,محسن چاووشی,pop,1,0.2608695652173913,0
stratified_5_fold,dummy_prior,1,4_tSA-WxB7ts8,فرزاد فرزین,pop,0,0.2608695652173913,0
stratified_5_fold,dummy_prior,1,4_ErJWJv7oZl4,فرزاد فرزین,pop,0,0.2608695652173913,0
stratified_5_fold,dummy_prior,1,4_MaOhPH1bWJk,فرزاد فرزین,pop,0,0.2608695652173913,0
stratified_5_fold,dummy_prior,1,4_q4kQ5Eor5vM,فرزاد فرزین,pop,0,0.2608695652173913,0
stratified_5_fold,dummy_prior,1,4_ynz643RIo5o,فرزاد فرزین,pop,0,0.2608695652173913,0
stratified_5_fold,dummy_prior,1,5_hh-9qSUxkFk,محسن یگانه,pop,0,0.2608695652173913,0
stratified_5_fold,dummy_prior,1,5_u4y0jIoA9Yg,محسن یگانه,pop,0,0.2608695652173913,0
stratified_5_fold,dummy_prior,1,5_sad2za8qPwQ,محسن یگانه,pop,1,0.2608695652173913,0
stratified_5_fold,dummy_prior,1,6_E1xgedbMDwg,سهراب پاکزاد,pop,0,0.2608695652173913,0
stratified_5_fold,dummy_prior,1,6_7EFxlwV-2MU,سهراب پاکزاد,pop,0,0.2608695652173913,0
stratified_5_fold,dummy_prior,1,6_mMsf3f8ctTY,سهراب پاکزاد,pop,0,0.2608695652173913,0
stratified_5_fold,dummy_prior,1,8_YfJ9TIisS-w,ساسی مانکن,rap_hiphop,0,0.2608695652173913,0
stratified_5_fold,dummy_prior,1,8_NNtMb0DrBRA,ساسی مانکن,rap_hiphop,0,0.2608695652173913,0
stratified_5_fold,dummy_prior,1,9_N_DwOWb3IPE,هیچکس,rap_hiphop,0,0.2608695652173913,0
stratified_5_fold,dummy_prior,2,1_FgJhzDxnA9o,همایون شجریان,classic_fusion,0,0.2608695652173913,0
stratified_5_fold,dummy_prior,2,2_8_fXOF1v0iQ,علیرضا قربانی,classic_fusion,0,0.2608695652173913,0
stratified_5_fold,dummy_prior,2,2_n_ZKTif5tTY,علیرضا قربانی,classic_fusion,1,0.2608695652173913,0
stratified_5_fold,dummy_prior,2,3_z-GvlJJq7So,محسن چاووشی,pop,0,0.2608695652173913,0
stratified_5_fold,dummy_prior,2,3_kVmxQRyj-WA,محسن چاووشی,pop,1,0.2608695652173913,0
stratified_5_fold,dummy_prior,2,3_chU8u8UCWg8,محسن چاووشی,pop,1,0.2608695652173913,0
stratified_5_fold,dummy_prior,2,4_U-SNKX13tJc,فرزاد فرزین,pop,0,0.2608695652173913,0
stratified_5_fold,dummy_prior,2,4_gOOcxWbdRgE,فرزاد فرزین,pop,0,0.2608695652173913,0
stratified_5_fold,dummy_prior,2,4_lY0HiviZ-VE,فرزاد فرزین,pop,0,0.2608695652173913,0
stratified_5_fold,dummy_prior,2,4_X9f9cevCym8,فرزاد فرزین,pop,1,0.2608695652173913,0
stratified_5_fold,dummy_prior,2,4_VpO87vdDXAc,فرزاد فرزین,pop,0,0.2608695652173913,0
stratified_5_fold,dummy_prior,2,5_qXw9pCpyVEc,محسن یگانه,pop,0,0.2608695652173913,0
stratified_5_fold,dummy_prior,2,5_n3_ViPY9yyk,محسن یگانه,pop,0,0.2608695652173913,0
stratified_5_fold,dummy_prior,2,5_EcsR7-i4wgQ,محسن یگانه,pop,1,0.2608695652173913,0
stratified_5_fold,dummy_prior,2,6__pl7LSxtgD0,سهراب پاکزاد,pop,0,0.2608695652173913,0
stratified_5_fold,dummy_prior,2,7_Xq34n7EGX4U,گرشا رضایی,pop,0,0.2608695652173913,0
stratified_5_fold,dummy_prior,2,7_du58UVKaxBs,گرشا رضایی,pop,0,0.2608695652173913,0
stratified_5_fold,dummy_prior,2,7_ZEKGk8I7X34,گرشا رضایی,pop,0,0.2608695652173913,0
stratified_5_fold,dummy_prior,2,8_kbBulLOQ4qY,ساسی مانکن,rap_hiphop,0,0.2608695652173913,0
stratified_5_fold,dummy_prior,2,8_p0EwOVQ3P0s,ساسی مانکن,rap_hiphop,0,0.2608695652173913,0
stratified_5_fold,dummy_prior,2,8_L3UPz_KIZn8,ساسی مانکن,rap_hiphop,0,0.2608695652173913,0
stratified_5_fold,dummy_prior,2,8_K4fBpEhpVak,ساسی مانکن,rap_hiphop,0,0.2608695652173913,0
stratified_5_fold,dummy_prior,2,8_k7QpRijPbtQ,ساسی مانکن,rap_hiphop,1,0.2608695652173913,0
stratified_5_fold,dummy_prior,3,2_u5g5JeGq3kM,علیرضا قربانی,classic_fusion,1,0.2608695652173913,0
stratified_5_fold,dummy_prior,3,2_VLiQGtaeM0Q,علیرضا قربانی,classic_fusion,0,0.2608695652173913,0
stratified_5_fold,dummy_prior,3,2_EZijFtVqz_4,علیرضا قربانی,classic_fusion,0,0.2608695652173913,0
stratified_5_fold,dummy_prior,3,3_1RE2DZhrTkQ,محسن چاووشی,pop,0,0.2608695652173913,0
stratified_5_fold,dummy_prior,3,3_AJ19i4EK1i0,محسن چاووشی,pop,1,0.2608695652173913,0
stratified_5_fold,dummy_prior,3,3_UhSnIS0P-cg,محسن چاووشی,pop,0,0.2608695652173913,0
stratified_5_fold,dummy_prior,3,3_CAPkrogfXJk,محسن چاووشی,pop,0,0.2608695652173913,0
stratified_5_fold,dummy_prior,3,3__38Wou0AVcs,محسن چاووشی,pop,1,0.2608695652173913,0
stratified_5_fold,dummy_prior,3,3_tmh17LnO0OU,محسن چاووشی,pop,1,0.2608695652173913,0
stratified_5_fold,dummy_prior,3,4_DAWCE0GXe2Y,فرزاد فرزین,pop,0,0.2608695652173913,0
stratified_5_fold,dummy_prior,3,4_yXuQxa1ieGA,فرزاد فرزین,pop,0,0.2608695652173913,0
stratified_5_fold,dummy_prior,3,4_04cQcPj2Qj8,فرزاد فرزین,pop,0,0.2608695652173913,0
stratified_5_fold,dummy_prior,3,4_yVmTAyPIPgc,فرزاد فرزین,pop,0,0.2608695652173913,0
stratified_5_fold,dummy_prior,3,5_rL7sd3FqJ9A,محسن یگانه,pop,0,0.2608695652173913,0
stratified_5_fold,dummy_prior,3,6_OH5768Sd18k,سهراب پاکزاد,pop,0,0.2608695652173913,0
stratified_5_fold,dummy_prior,3,6_gDsNVAWX0-g,سهراب پاکزاد,pop,0,0.2608695652173913,0
stratified_5_fold,dummy_prior,3,6_2JCi3fSTxwA,سهراب پاکزاد,pop,0,0.2608695652173913,0
stratified_5_fold,dummy_prior,3,6_txd-SU1DHjI,سهراب پاکزاد,pop,0,0.2608695652173913,0
stratified_5_fold,dummy_prior,3,7_tjso_6uA4e0,گرشا رضایی,pop,0,0.2608695652173913,0
stratified_5_fold,dummy_prior,3,7_p_XX3ITquXk,گرشا رضایی,pop,0,0.2608695652173913,0
stratified_5_fold,dummy_prior,3,8_ddfW1OhMbEk,ساسی مانکن,rap_hiphop,0,0.2608695652173913,0
stratified_5_fold,dummy_prior,3,8_hwZU5Xwfk20,ساسی مانکن,rap_hiphop,1,0.2608695652173913,0
stratified_5_fold,dummy_prior,3,9_sqemXVtZg4w,هیچکس,rap_hiphop,1,0.2608695652173913,0
stratified_5_fold,dummy_prior,4,1_f3_y_O1qFJc,همایون شجریان,classic_fusion,1,0.2608695652173913,0
stratified_5_fold,dummy_prior,4,2_pTxdcjGYVuU,علیرضا قربانی,classic_fusion,0,0.2608695652173913,0
stratified_5_fold,dummy_prior,4,2_hQCnAVXjHWE,علیرضا قربانی,classic_fusion,1,0.2608695652173913,0
stratified_5_fold,dummy_prior,4,3_GHXE50UFijM,محسن چاووشی,pop,0,0.2608695652173913,0
stratified_5_fold,dummy_prior,4,3_tyQSLS1jZmY,محسن چاووشی,pop,1,0.2608695652173913,0
stratified_5_fold,dummy_prior,4,3_iX1tw6ozWO4,محسن چاووشی,pop,0,0.2608695652173913,0
stratified_5_fold,dummy_prior,4,3_MLBoUSr9vZI,محسن چاووشی,pop,1,0.2608695652173913,0
stratified_5_fold,dummy_prior,4,3_H_GGwkKa6mM,محسن چاووشی,pop,1,0.2608695652173913,0
stratified_5_fold,dummy_prior,4,4_3IOHKH0M53M,فرزاد فرزین,pop,0,0.2608695652173913,0
stratified_5_fold,dummy_prior,4,4_ZdEe9HWpIMo,فرزاد فرزین,pop,0,0.2608695652173913,0
stratified_5_fold,dummy_prior,4,4_k9U11IVfTZc,فرزاد فرزین,pop,0,0.2608695652173913,0
stratified_5_fold,dummy_prior,4,5_cDNDVtoJhik,محسن یگانه,pop,1,0.2608695652173913,0
stratified_5_fold,dummy_prior,4,5_witB-02AAao,محسن یگانه,pop,0,0.2608695652173913,0
stratified_5_fold,dummy_prior,4,5_nphqnZf9Uc0,محسن یگانه,pop,0,0.2608695652173913,0
stratified_5_fold,dummy_prior,4,6_nsExqoIjHTQ,سهراب پاکزاد,pop,0,0.2608695652173913,0
stratified_5_fold,dummy_prior,4,6_b6FCSE2_XkE,سهراب پاکزاد,pop,0,0.2608695652173913,0
stratified_5_fold,dummy_prior,4,7_FiF32_QR_5c,گرشا رضایی,pop,0,0.2608695652173913,0
stratified_5_fold,dummy_prior,4,7_iT7i_3xy9qs,گرشا رضایی,pop,0,0.2608695652173913,0
stratified_5_fold,dummy_prior,4,7_XUGJ6f0DtIA,گرشا رضایی,pop,0,0.2608695652173913,0
stratified_5_fold,dummy_prior,4,8_LpcvEthPmCE,ساسی مانکن,rap_hiphop,0,0.2608695652173913,0
stratified_5_fold,dummy_prior,4,8_vfBp8vu40js,ساسی مانکن,rap_hiphop,0,0.2608695652173913,0
stratified_5_fold,dummy_prior,4,8_lLNcbz_T7WI,ساسی مانکن,rap_hiphop,0,0.2608695652173913,0
stratified_5_fold,dummy_prior,4,9_olvrvRd6l1A,هیچکس,rap_hiphop,0,0.2608695652173913,0
stratified_5_fold,dummy_prior,5,1_UAuuh3c4Jyc,همایون شجریان,classic_fusion,0,0.2608695652173913,0
stratified_5_fold,dummy_prior,5,1_Nc23hVqxbzY,همایون شجریان,classic_fusion,0,0.2608695652173913,0
stratified_5_fold,dummy_prior,5,1_qgFBMyxJ4eg,همایون شجریان,classic_fusion,0,0.2608695652173913,0
stratified_5_fold,dummy_prior,5,3_gc_3dNm0fOU,محسن چاووشی,pop,0,0.2608695652173913,0
stratified_5_fold,dummy_prior,5,3_7YdC-IA-N0s,محسن چاووشی,pop,0,0.2608695652173913,0
stratified_5_fold,dummy_prior,5,3_EBchKWBj1ko,محسن چاووشی,pop,1,0.2608695652173913,0
stratified_5_fold,dummy_prior,5,4_vRhkav31tkI,فرزاد فرزین,pop,0,0.2608695652173913,0
stratified_5_fold,dummy_prior,5,4_g7KvUmXIY60,فرزاد فرزین,pop,0,0.2608695652173913,0
stratified_5_fold,dummy_prior,5,5_PY9m5mYMIdQ,محسن یگانه,pop,0,0.2608695652173913,0
stratified_5_fold,dummy_prior,5,5_OQjEpH0OXNo,محسن یگانه,pop,1,0.2608695652173913,0
stratified_5_fold,dummy_prior,5,6_uNa3i6zGd98,سهراب پاکزاد,pop,0,0.2608695652173913,0
stratified_5_fold,dummy_prior,5,6_bVmRq89vjRY,سهراب پاکزاد,pop,0,0.2608695652173913,0
stratified_5_fold,dummy_prior,5,6_NAw9qZq3SSE,سهراب پاکزاد,pop,1,0.2608695652173913,0
stratified_5_fold,dummy_prior,5,7_hti0pAu04_o,گرشا رضایی,pop,0,0.2608695652173913,0
stratified_5_fold,dummy_prior,5,7_P5O0gKeBZ3U,گرشا رضایی,pop,0,0.2608695652173913,0
stratified_5_fold,dummy_prior,5,7_qfDHsZ2Ncd4,گرشا رضایی,pop,0,0.2608695652173913,0
stratified_5_fold,dummy_prior,5,8_ej5aKGNBWek,ساسی مانکن,rap_hiphop,0,0.2608695652173913,0
stratified_5_fold,dummy_prior,5,8_QD9Nj6F0EN4,ساسی مانکن,rap_hiphop,0,0.2608695652173913,0
stratified_5_fold,dummy_prior,5,8_eDqWWbO6e1k,ساسی مانکن,rap_hiphop,0,0.2608695652173913,0
stratified_5_fold,dummy_prior,5,9_4qw3qTV4608,هیچکس,rap_hiphop,1,0.2608695652173913,0
stratified_5_fold,dummy_prior,5,9_i_bLcFCdSIo,هیچکس,rap_hiphop,0,0.2608695652173913,0
stratified_5_fold,dummy_prior,5,9_hnctT-Btbck,هیچکس,rap_hiphop,1,0.2608695652173913,0
stratified_5_fold,dummy_prior,5,9_nKY6vq97MzI,هیچکس,rap_hiphop,1,0.2608695652173913,0
stratified_5_fold,logistic_regression_balanced,1,1_DtHwreZyIh4,همایون شجریان,classic_fusion,0,0.4362083540718092,0
stratified_5_fold,logistic_regression_balanced,1,1_Cs0uWFNy4Tw,همایون شجریان,classic_fusion,0,0.28786226764662204,0
stratified_5_fold,logistic_regression_balanced,1,1_qhKcG8m70FE,همایون شجریان,classic_fusion,0,0.7190610520349621,1
stratified_5_fold,logistic_regression_balanced,1,2_shjoCUSf3og,علیرضا قربانی,classic_fusion,0,0.46850298836666965,0
stratified_5_fold,logistic_regression_balanced,1,2_KSZvwbbFa5g,علیرضا قربانی,classic_fusion,1,0.32475307483503807,0
stratified_5_fold,logistic_regression_balanced,1,3_LGRg9gERUjU,محسن چاووشی,pop,1,0.4053159142998048,0
stratified_5_fold,logistic_regression_balanced,1,3_XFBlfv-gEAo,محسن چاووشی,pop,1,0.45816926812111897,0
stratified_5_fold,logistic_regression_balanced,1,3_46TdUtNAopg,محسن چاووشی,pop,1,0.9179647032823107,1
stratified_5_fold,logistic_regression_balanced,1,3_JxwGTSxGCUM,محسن چاووشی,pop,1,0.22359014154872892,0
stratified_5_fold,logistic_regression_balanced,1,4_tSA-WxB7ts8,فرزاد فرزین,pop,0,0.6683444556589617,1
stratified_5_fold,logistic_regression_balanced,1,4_ErJWJv7oZl4,فرزاد فرزین,pop,0,0.026795947053429674,0
stratified_5_fold,logistic_regression_balanced,1,4_MaOhPH1bWJk,فرزاد فرزین,pop,0,0.6279605838544814,1
stratified_5_fold,logistic_regression_balanced,1,4_q4kQ5Eor5vM,فرزاد فرزین,pop,0,0.06511657525068838,0
stratified_5_fold,logistic_regression_balanced,1,4_ynz643RIo5o,فرزاد فرزین,pop,0,0.0386766723400802,0
stratified_5_fold,logistic_regression_balanced,1,5_hh-9qSUxkFk,محسن یگانه,pop,0,0.558100310051484,1
stratified_5_fold,logistic_regression_balanced,1,5_u4y0jIoA9Yg,محسن یگانه,pop,0,0.7606270448694901,1
stratified_5_fold,logistic_regression_balanced,1,5_sad2za8qPwQ,محسن یگانه,pop,1,0.6730138346332654,1
stratified_5_fold,logistic_regression_balanced,1,6_E1xgedbMDwg,سهراب پاکزاد,pop,0,0.07115491274776284,0
stratified_5_fold,logistic_regression_balanced,1,6_7EFxlwV-2MU,سهراب پاکزاد,pop,0,0.028012657911420182,0
stratified_5_fold,logistic_regression_balanced,1,6_mMsf3f8ctTY,سهراب پاکزاد,pop,0,0.6763455155243672,1
stratified_5_fold,logistic_regression_balanced,1,8_YfJ9TIisS-w,ساسی مانکن,rap_hiphop,0,0.6088216575113954,1
stratified_5_fold,logistic_regression_balanced,1,8_NNtMb0DrBRA,ساسی مانکن,rap_hiphop,0,0.6431466341823909,1
stratified_5_fold,logistic_regression_balanced,1,9_N_DwOWb3IPE,هیچکس,rap_hiphop,0,0.5214458440141704,1
stratified_5_fold,logistic_regression_balanced,2,1_FgJhzDxnA9o,همایون شجریان,classic_fusion,0,0.10115511297488586,0
stratified_5_fold,logistic_regression_balanced,2,2_8_fXOF1v0iQ,علیرضا قربانی,classic_fusion,0,0.013396459424301559,0
stratified_5_fold,logistic_regression_balanced,2,2_n_ZKTif5tTY,علیرضا قربانی,classic_fusion,1,0.3419825881614846,0
stratified_5_fold,logistic_regression_balanced,2,3_z-GvlJJq7So,محسن چاووشی,pop,0,0.3702369154446431,0
stratified_5_fold,logistic_regression_balanced,2,3_kVmxQRyj-WA,محسن چاووشی,pop,1,0.3628230834007382,0
stratified_5_fold,logistic_regression_balanced,2,3_chU8u8UCWg8,محسن چاووشی,pop,1,0.322934147541728,0
stratified_5_fold,logistic_regression_balanced,2,4_U-SNKX13tJc,فرزاد فرزین,pop,0,0.752313581540098,1
stratified_5_fold,logistic_regression_balanced,2,4_gOOcxWbdRgE,فرزاد فرزین,pop,0,0.03527524913187892,0
stratified_5_fold,logistic_regression_balanced,2,4_lY0HiviZ-VE,فرزاد فرزین,pop,0,0.4371831208652158,0
stratified_5_fold,logistic_regression_balanced,2,4_X9f9cevCym8,فرزاد فرزین,pop,1,0.1364373003714117,0
stratified_5_fold,logistic_regression_balanced,2,4_VpO87vdDXAc,فرزاد فرزین,pop,0,0.015509104216236134,0
stratified_5_fold,logistic_regression_balanced,2,5_qXw9pCpyVEc,محسن یگانه,pop,0,0.4825950161163004,0
stratified_5_fold,logistic_regression_balanced,2,5_n3_ViPY9yyk,محسن یگانه,pop,0,0.6008083740950172,1
stratified_5_fold,logistic_regression_balanced,2,5_EcsR7-i4wgQ,محسن یگانه,pop,1,0.6655581724134989,1
stratified_5_fold,logistic_regression_balanced,2,6__pl7LSxtgD0,سهراب پاکزاد,pop,0,0.35734185881955266,0
stratified_5_fold,logistic_regression_balanced,2,7_Xq34n7EGX4U,گرشا رضایی,pop,0,0.03491810523123218,0
stratified_5_fold,logistic_regression_balanced,2,7_du58UVKaxBs,گرشا رضایی,pop,0,0.4893940438164364,0
stratified_5_fold,logistic_regression_balanced,2,7_ZEKGk8I7X34,گرشا رضایی,pop,0,0.1352444880131617,0
stratified_5_fold,logistic_regression_balanced,2,8_kbBulLOQ4qY,ساسی مانکن,rap_hiphop,0,0.7694998431926132,1
stratified_5_fold,logistic_regression_balanced,2,8_p0EwOVQ3P0s,ساسی مانکن,rap_hiphop,0,0.6079179847111297,1
stratified_5_fold,logistic_regression_balanced,2,8_L3UPz_KIZn8,ساسی مانکن,rap_hiphop,0,0.673847529884729,1
stratified_5_fold,logistic_regression_balanced,2,8_K4fBpEhpVak,ساسی مانکن,rap_hiphop,0,0.8135744569499924,1
stratified_5_fold,logistic_regression_balanced,2,8_k7QpRijPbtQ,ساسی مانکن,rap_hiphop,1,0.8640098089073734,1
stratified_5_fold,logistic_regression_balanced,3,2_u5g5JeGq3kM,علیرضا قربانی,classic_fusion,1,0.284825036142547,0
stratified_5_fold,logistic_regression_balanced,3,2_VLiQGtaeM0Q,علیرضا قربانی,classic_fusion,0,0.7567574243091517,1
stratified_5_fold,logistic_regression_balanced,3,2_EZijFtVqz_4,علیرضا قربانی,classic_fusion,0,0.49713406054700676,0
stratified_5_fold,logistic_regression_balanced,3,3_1RE2DZhrTkQ,محسن چاووشی,pop,0,0.6171579781362906,1
stratified_5_fold,logistic_regression_balanced,3,3_AJ19i4EK1i0,محسن چاووشی,pop,1,0.8514357933214668,1
stratified_5_fold,logistic_regression_balanced,3,3_UhSnIS0P-cg,محسن چاووشی,pop,0,0.08396234442890377,0
stratified_5_fold,logistic_regression_balanced,3,3_CAPkrogfXJk,محسن چاووشی,pop,0,0.13719823758444954,0
stratified_5_fold,logistic_regression_balanced,3,3__38Wou0AVcs,محسن چاووشی,pop,1,0.7294421599704742,1
stratified_5_fold,logistic_regression_balanced,3,3_tmh17LnO0OU,محسن چاووشی,pop,1,0.8329034099474026,1
stratified_5_fold,logistic_regression_balanced,3,4_DAWCE0GXe2Y,فرزاد فرزین,pop,0,0.05179845206413173,0
stratified_5_fold,logistic_regression_balanced,3,4_yXuQxa1ieGA,فرزاد فرزین,pop,0,0.15712249220124613,0
stratified_5_fold,logistic_regression_balanced,3,4_04cQcPj2Qj8,فرزاد فرزین,pop,0,0.7573268006914832,1
stratified_5_fold,logistic_regression_balanced,3,4_yVmTAyPIPgc,فرزاد فرزین,pop,0,0.0873143137706405,0
stratified_5_fold,logistic_regression_balanced,3,5_rL7sd3FqJ9A,محسن یگانه,pop,0,0.3834459396526667,0
stratified_5_fold,logistic_regression_balanced,3,6_OH5768Sd18k,سهراب پاکزاد,pop,0,0.5004642470438145,1
stratified_5_fold,logistic_regression_balanced,3,6_gDsNVAWX0-g,سهراب پاکزاد,pop,0,0.9806965817103567,1
stratified_5_fold,logistic_regression_balanced,3,6_2JCi3fSTxwA,سهراب پاکزاد,pop,0,0.6944684460089681,1
stratified_5_fold,logistic_regression_balanced,3,6_txd-SU1DHjI,سهراب پاکزاد,pop,0,0.055777106375449616,0
stratified_5_fold,logistic_regression_balanced,3,7_tjso_6uA4e0,گرشا رضایی,pop,0,0.40221996366723795,0
stratified_5_fold,logistic_regression_balanced,3,7_p_XX3ITquXk,گرشا رضایی,pop,0,0.3522368356280958,0
stratified_5_fold,logistic_regression_balanced,3,8_ddfW1OhMbEk,ساسی مانکن,rap_hiphop,0,0.3557759207996995,0
stratified_5_fold,logistic_regression_balanced,3,8_hwZU5Xwfk20,ساسی مانکن,rap_hiphop,1,0.2689271091706045,0
stratified_5_fold,logistic_regression_balanced,3,9_sqemXVtZg4w,هیچکس,rap_hiphop,1,0.06463173929952988,0
stratified_5_fold,logistic_regression_balanced,4,1_f3_y_O1qFJc,همایون شجریان,classic_fusion,1,0.6931616085290399,1
stratified_5_fold,logistic_regression_balanced,4,2_pTxdcjGYVuU,علیرضا قربانی,classic_fusion,0,0.5577405861918187,1
stratified_5_fold,logistic_regression_balanced,4,2_hQCnAVXjHWE,علیرضا قربانی,classic_fusion,1,0.2288653215469319,0
stratified_5_fold,logistic_regression_balanced,4,3_GHXE50UFijM,محسن چاووشی,pop,0,0.462131602984369,0
stratified_5_fold,logistic_regression_balanced,4,3_tyQSLS1jZmY,محسن چاووشی,pop,1,0.5825399789846306,1
stratified_5_fold,logistic_regression_balanced,4,3_iX1tw6ozWO4,محسن چاووشی,pop,0,0.5651900446457059,1
stratified_5_fold,logistic_regression_balanced,4,3_MLBoUSr9vZI,محسن چاووشی,pop,1,0.6411235931465882,1
stratified_5_fold,logistic_regression_balanced,4,3_H_GGwkKa6mM,محسن چاووشی,pop,1,0.5892507123864058,1
stratified_5_fold,logistic_regression_balanced,4,4_3IOHKH0M53M,فرزاد فرزین,pop,0,0.04443383916897048,0
stratified_5_fold,logistic_regression_balanced,4,4_ZdEe9HWpIMo,فرزاد فرزین,pop,0,0.026333119614957663,0
stratified_5_fold,logistic_regression_balanced,4,4_k9U11IVfTZc,فرزاد فرزین,pop,0,0.06094059485046987,0
stratified_5_fold,logistic_regression_balanced,4,5_cDNDVtoJhik,محسن یگانه,pop,1,0.5036757527905994,1
stratified_5_fold,logistic_regression_balanced,4,5_witB-02AAao,محسن یگانه,pop,0,0.5262754537621696,1
stratified_5_fold,logistic_regression_balanced,4,5_nphqnZf9Uc0,محسن یگانه,pop,0,0.371218768321552,0
stratified_5_fold,logistic_regression_balanced,4,6_nsExqoIjHTQ,سهراب پاکزاد,pop,0,0.3039273243955496,0
stratified_5_fold,logistic_regression_balanced,4,6_b6FCSE2_XkE,سهراب پاکزاد,pop,0,0.8794800205673059,1
stratified_5_fold,logistic_regression_balanced,4,7_FiF32_QR_5c,گرشا رضایی,pop,0,0.030566871119100694,0
stratified_5_fold,logistic_regression_balanced,4,7_iT7i_3xy9qs,گرشا رضایی,pop,0,0.4692879959592153,0
stratified_5_fold,logistic_regression_balanced,4,7_XUGJ6f0DtIA,گرشا رضایی,pop,0,0.08059202006000578,0
stratified_5_fold,logistic_regression_balanced,4,8_LpcvEthPmCE,ساسی مانکن,rap_hiphop,0,0.3111350442400427,0
stratified_5_fold,logistic_regression_balanced,4,8_vfBp8vu40js,ساسی مانکن,rap_hiphop,0,0.38690370183140793,0
stratified_5_fold,logistic_regression_balanced,4,8_lLNcbz_T7WI,ساسی مانکن,rap_hiphop,0,0.7654484418503329,1
stratified_5_fold,logistic_regression_balanced,4,9_olvrvRd6l1A,هیچکس,rap_hiphop,0,0.47615821812456216,0
stratified_5_fold,logistic_regression_balanced,5,1_UAuuh3c4Jyc,همایون شجریان,classic_fusion,0,0.9735809334000265,1
stratified_5_fold,logistic_regression_balanced,5,1_Nc23hVqxbzY,همایون شجریان,classic_fusion,0,0.8438599810180059,1
stratified_5_fold,logistic_regression_balanced,5,1_qgFBMyxJ4eg,همایون شجریان,classic_fusion,0,0.3615935574470096,0
stratified_5_fold,logistic_regression_balanced,5,3_gc_3dNm0fOU,محسن چاووشی,pop,0,0.8104998477373252,1
stratified_5_fold,logistic_regression_balanced,5,3_7YdC-IA-N0s,محسن چاووشی,pop,0,0.3102245080175839,0
stratified_5_fold,logistic_regression_balanced,5,3_EBchKWBj1ko,محسن چاووشی,pop,1,0.8157572509079224,1
stratified_5_fold,logistic_regression_balanced,5,4_vRhkav31tkI,فرزاد فرزین,pop,0,0.10057959630794237,0
stratified_5_fold,logistic_regression_balanced,5,4_g7KvUmXIY60,فرزاد فرزین,pop,0,0.018384833083412374,0
stratified_5_fold,logistic_regression_balanced,5,5_PY9m5mYMIdQ,محسن یگانه,pop,0,0.6913617713077708,1
stratified_5_fold,logistic_regression_balanced,5,5_OQjEpH0OXNo,محسن یگانه,pop,1,0.39098564083838727,0
stratified_5_fold,logistic_regression_balanced,5,6_uNa3i6zGd98,سهراب پاکزاد,pop,0,0.6691780590414399,1
stratified_5_fold,logistic_regression_balanced,5,6_bVmRq89vjRY,سهراب پاکزاد,pop,0,0.00849959141376028,0
stratified_5_fold,logistic_regression_balanced,5,6_NAw9qZq3SSE,سهراب پاکزاد,pop,1,0.7006574690862557,1
stratified_5_fold,logistic_regression_balanced,5,7_hti0pAu04_o,گرشا رضایی,pop,0,0.014423399298612423,0
stratified_5_fold,logistic_regression_balanced,5,7_P5O0gKeBZ3U,گرشا رضایی,pop,0,0.012436554862784971,0
stratified_5_fold,logistic_regression_balanced,5,7_qfDHsZ2Ncd4,گرشا رضایی,pop,0,0.03365059232241441,0
stratified_5_fold,logistic_regression_balanced,5,8_ej5aKGNBWek,ساسی مانکن,rap_hiphop,0,0.6499682845836019,1
stratified_5_fold,logistic_regression_balanced,5,8_QD9Nj6F0EN4,ساسی مانکن,rap_hiphop,0,0.3663940110767071,0
stratified_5_fold,logistic_regression_balanced,5,8_eDqWWbO6e1k,ساسی مانکن,rap_hiphop,0,0.08624268781944701,0
stratified_5_fold,logistic_regression_balanced,5,9_4qw3qTV4608,هیچکس,rap_hiphop,1,0.4214682638716874,0
stratified_5_fold,logistic_regression_balanced,5,9_i_bLcFCdSIo,هیچکس,rap_hiphop,0,0.5617371611202592,1
stratified_5_fold,logistic_regression_balanced,5,9_hnctT-Btbck,هیچکس,rap_hiphop,1,0.12224797738110914,0
stratified_5_fold,logistic_regression_balanced,5,9_nKY6vq97MzI,هیچکس,rap_hiphop,1,0.08904837095639065,0
stratified_5_fold,random_forest_balanced,1,1_DtHwreZyIh4,همایون شجریان,classic_fusion,0,0.5315168878540248,1
stratified_5_fold,random_forest_balanced,1,1_Cs0uWFNy4Tw,همایون شجریان,classic_fusion,0,0.6355038879898472,1
stratified_5_fold,random_forest_balanced,1,1_qhKcG8m70FE,همایون شجریان,classic_fusion,0,0.5531393889366447,1
stratified_5_fold,random_forest_balanced,1,2_shjoCUSf3og,علیرضا قربانی,classic_fusion,0,0.6435253911883078,1
stratified_5_fold,random_forest_balanced,1,2_KSZvwbbFa5g,علیرضا قربانی,classic_fusion,1,0.42159515042768114,0
stratified_5_fold,random_forest_balanced,1,3_LGRg9gERUjU,محسن چاووشی,pop,1,0.47499066979093735,0
stratified_5_fold,random_forest_balanced,1,3_XFBlfv-gEAo,محسن چاووشی,pop,1,0.4266598240917934,0
stratified_5_fold,random_forest_balanced,1,3_46TdUtNAopg,محسن چاووشی,pop,1,0.6294990610589541,1
stratified_5_fold,random_forest_balanced,1,3_JxwGTSxGCUM,محسن چاووشی,pop,1,0.606069919200891,1
stratified_5_fold,random_forest_balanced,1,4_tSA-WxB7ts8,فرزاد فرزین,pop,0,0.590229949820813,1
stratified_5_fold,random_forest_balanced,1,4_ErJWJv7oZl4,فرزاد فرزین,pop,0,0.20012301547628783,0
stratified_5_fold,random_forest_balanced,1,4_MaOhPH1bWJk,فرزاد فرزین,pop,0,0.4164158834795155,0
stratified_5_fold,random_forest_balanced,1,4_q4kQ5Eor5vM,فرزاد فرزین,pop,0,0.14276743217702045,0
stratified_5_fold,random_forest_balanced,1,4_ynz643RIo5o,فرزاد فرزین,pop,0,0.15316230724052354,0
stratified_5_fold,random_forest_balanced,1,5_hh-9qSUxkFk,محسن یگانه,pop,0,0.5803182873284211,1
stratified_5_fold,random_forest_balanced,1,5_u4y0jIoA9Yg,محسن یگانه,pop,0,0.557221959295931,1
stratified_5_fold,random_forest_balanced,1,5_sad2za8qPwQ,محسن یگانه,pop,1,0.5999944271734673,1
stratified_5_fold,random_forest_balanced,1,6_E1xgedbMDwg,سهراب پاکزاد,pop,0,0.14615249657907864,0
stratified_5_fold,random_forest_balanced,1,6_7EFxlwV-2MU,سهراب پاکزاد,pop,0,0.22081439637061237,0
stratified_5_fold,random_forest_balanced,1,6_mMsf3f8ctTY,سهراب پاکزاد,pop,0,0.49221815546361425,0
stratified_5_fold,random_forest_balanced,1,8_YfJ9TIisS-w,ساسی مانکن,rap_hiphop,0,0.345355881825027,0
stratified_5_fold,random_forest_balanced,1,8_NNtMb0DrBRA,ساسی مانکن,rap_hiphop,0,0.44236650287738766,0
stratified_5_fold,random_forest_balanced,1,9_N_DwOWb3IPE,هیچکس,rap_hiphop,0,0.5101179283245156,1
stratified_5_fold,random_forest_balanced,2,1_FgJhzDxnA9o,همایون شجریان,classic_fusion,0,0.453219705613227,0
stratified_5_fold,random_forest_balanced,2,2_8_fXOF1v0iQ,علیرضا قربانی,classic_fusion,0,0.22389278535864265,0
stratified_5_fold,random_forest_balanced,2,2_n_ZKTif5tTY,علیرضا قربانی,classic_fusion,1,0.5805364496059233,1
stratified_5_fold,random_forest_balanced,2,3_z-GvlJJq7So,محسن چاووشی,pop,0,0.4486758651542478,0
stratified_5_fold,random_forest_balanced,2,3_kVmxQRyj-WA,محسن چاووشی,pop,1,0.3770008119918401,0
stratified_5_fold,random_forest_balanced,2,3_chU8u8UCWg8,محسن چاووشی,pop,1,0.42412410690703,0
stratified_5_fold,random_forest_balanced,2,4_U-SNKX13tJc,فرزاد فرزین,pop,0,0.6430678066894817,1
stratified_5_fold,random_forest_balanced,2,4_gOOcxWbdRgE,فرزاد فرزین,pop,0,0.18686355941051297,0
stratified_5_fold,random_forest_balanced,2,4_lY0HiviZ-VE,فرزاد فرزین,pop,0,0.39761435097928044,0
stratified_5_fold,random_forest_balanced,2,4_X9f9cevCym8,فرزاد فرزین,pop,1,0.3412349454967118,0
stratified_5_fold,random_forest_balanced,2,4_VpO87vdDXAc,فرزاد فرزین,pop,0,0.13498913122575254,0
stratified_5_fold,random_forest_balanced,2,5_qXw9pCpyVEc,محسن یگانه,pop,0,0.5599944370711437,1
stratified_5_fold,random_forest_balanced,2,5_n3_ViPY9yyk,محسن یگانه,pop,0,0.43803297951655923,0
stratified_5_fold,random_forest_balanced,2,5_EcsR7-i4wgQ,محسن یگانه,pop,1,0.6254648322972525,1
stratified_5_fold,random_forest_balanced,2,6__pl7LSxtgD0,سهراب پاکزاد,pop,0,0.43457778436655636,0
stratified_5_fold,random_forest_balanced,2,7_Xq34n7EGX4U,گرشا رضایی,pop,0,0.3025952444687487,0
stratified_5_fold,random_forest_balanced,2,7_du58UVKaxBs,گرشا رضایی,pop,0,0.46806910533478335,0
stratified_5_fold,random_forest_balanced,2,7_ZEKGk8I7X34,گرشا رضایی,pop,0,0.4634534735999345,0
stratified_5_fold,random_forest_balanced,2,8_kbBulLOQ4qY,ساسی مانکن,rap_hiphop,0,0.5287723812065761,1
stratified_5_fold,random_forest_balanced,2,8_p0EwOVQ3P0s,ساسی مانکن,rap_hiphop,0,0.4135246133814286,0
stratified_5_fold,random_forest_balanced,2,8_L3UPz_KIZn8,ساسی مانکن,rap_hiphop,0,0.6508916328940758,1
stratified_5_fold,random_forest_balanced,2,8_K4fBpEhpVak,ساسی مانکن,rap_hiphop,0,0.45474761483378107,0
stratified_5_fold,random_forest_balanced,2,8_k7QpRijPbtQ,ساسی مانکن,rap_hiphop,1,0.5397890850224516,1
stratified_5_fold,random_forest_balanced,3,2_u5g5JeGq3kM,علیرضا قربانی,classic_fusion,1,0.563109512221244,1
stratified_5_fold,random_forest_balanced,3,2_VLiQGtaeM0Q,علیرضا قربانی,classic_fusion,0,0.657769614907103,1
stratified_5_fold,random_forest_balanced,3,2_EZijFtVqz_4,علیرضا قربانی,classic_fusion,0,0.548599571043654,1
stratified_5_fold,random_forest_balanced,3,3_1RE2DZhrTkQ,محسن چاووشی,pop,0,0.6578250481563559,1
stratified_5_fold,random_forest_balanced,3,3_AJ19i4EK1i0,محسن چاووشی,pop,1,0.6321944827348441,1
stratified_5_fold,random_forest_balanced,3,3_UhSnIS0P-cg,محسن چاووشی,pop,0,0.28783083523874287,0
stratified_5_fold,random_forest_balanced,3,3_CAPkrogfXJk,محسن چاووشی,pop,0,0.3104051747687487,0
stratified_5_fold,random_forest_balanced,3,3__38Wou0AVcs,محسن چاووشی,pop,1,0.5914283955702716,1
stratified_5_fold,random_forest_balanced,3,3_tmh17LnO0OU,محسن چاووشی,pop,1,0.6347138709369994,1
stratified_5_fold,random_forest_balanced,3,4_DAWCE0GXe2Y,فرزاد فرزین,pop,0,0.10023797043893036,0
stratified_5_fold,random_forest_balanced,3,4_yXuQxa1ieGA,فرزاد فرزین,pop,0,0.2585757231259964,0
stratified_5_fold,random_forest_balanced,3,4_04cQcPj2Qj8,فرزاد فرزین,pop,0,0.3927162023519297,0
stratified_5_fold,random_forest_balanced,3,4_yVmTAyPIPgc,فرزاد فرزین,pop,0,0.2682952266718081,0
stratified_5_fold,random_forest_balanced,3,5_rL7sd3FqJ9A,محسن یگانه,pop,0,0.4964842686248089,0
stratified_5_fold,random_forest_balanced,3,6_OH5768Sd18k,سهراب پاکزاد,pop,0,0.2319378394419537,0
stratified_5_fold,random_forest_balanced,3,6_gDsNVAWX0-g,سهراب پاکزاد,pop,0,0.6041976824754148,1
stratified_5_fold,random_forest_balanced,3,6_2JCi3fSTxwA,سهراب پاکزاد,pop,0,0.48177979999476683,0
stratified_5_fold,random_forest_balanced,3,6_txd-SU1DHjI,سهراب پاکزاد,pop,0,0.1664544726538964,0
stratified_5_fold,random_forest_balanced,3,7_tjso_6uA4e0,گرشا رضایی,pop,0,0.5158685363562365,1
stratified_5_fold,random_forest_balanced,3,7_p_XX3ITquXk,گرشا رضایی,pop,0,0.24038311850549485,0
stratified_5_fold,random_forest_balanced,3,8_ddfW1OhMbEk,ساسی مانکن,rap_hiphop,0,0.3967810050379118,0
stratified_5_fold,random_forest_balanced,3,8_hwZU5Xwfk20,ساسی مانکن,rap_hiphop,1,0.2356785636329108,0
stratified_5_fold,random_forest_balanced,3,9_sqemXVtZg4w,هیچکس,rap_hiphop,1,0.36310857148137893,0
stratified_5_fold,random_forest_balanced,4,1_f3_y_O1qFJc,همایون شجریان,classic_fusion,1,0.4439242617250702,0
stratified_5_fold,random_forest_balanced,4,2_pTxdcjGYVuU,علیرضا قربانی,classic_fusion,0,0.5675344933950893,1
stratified_5_fold,random_forest_balanced,4,2_hQCnAVXjHWE,علیرضا قربانی,classic_fusion,1,0.3705991471532399,0
stratified_5_fold,random_forest_balanced,4,3_GHXE50UFijM,محسن چاووشی,pop,0,0.6099584692474975,1
stratified_5_fold,random_forest_balanced,4,3_tyQSLS1jZmY,محسن چاووشی,pop,1,0.5615368352738719,1
stratified_5_fold,random_forest_balanced,4,3_iX1tw6ozWO4,محسن چاووشی,pop,0,0.6363684053538037,1
stratified_5_fold,random_forest_balanced,4,3_MLBoUSr9vZI,محسن چاووشی,pop,1,0.6294641168809102,1
stratified_5_fold,random_forest_balanced,4,3_H_GGwkKa6mM,محسن چاووشی,pop,1,0.6776587805365665,1
stratified_5_fold,random_forest_balanced,4,4_3IOHKH0M53M,فرزاد فرزین,pop,0,0.12034661074105278,0
stratified_5_fold,random_forest_balanced,4,4_ZdEe9HWpIMo,فرزاد فرزین,pop,0,0.11737688668509212,0
stratified_5_fold,random_forest_balanced,4,4_k9U11IVfTZc,فرزاد فرزین,pop,0,0.23271362732158007,0
stratified_5_fold,random_forest_balanced,4,5_cDNDVtoJhik,محسن یگانه,pop,1,0.4619158233229615,0
stratified_5_fold,random_forest_balanced,4,5_witB-02AAao,محسن یگانه,pop,0,0.29312945311529204,0
stratified_5_fold,random_forest_balanced,4,5_nphqnZf9Uc0,محسن یگانه,pop,0,0.35872830550991924,0
stratified_5_fold,random_forest_balanced,4,6_nsExqoIjHTQ,سهراب پاکزاد,pop,0,0.3305861334830073,0
stratified_5_fold,random_forest_balanced,4,6_b6FCSE2_XkE,سهراب پاکزاد,pop,0,0.5203914171144213,1
stratified_5_fold,random_forest_balanced,4,7_FiF32_QR_5c,گرشا رضایی,pop,0,0.22305925869599533,0
stratified_5_fold,random_forest_balanced,4,7_iT7i_3xy9qs,گرشا رضایی,pop,0,0.4032999914063371,0
stratified_5_fold,random_forest_balanced,4,7_XUGJ6f0DtIA,گرشا رضایی,pop,0,0.24303881024269525,0
stratified_5_fold,random_forest_balanced,4,8_LpcvEthPmCE,ساسی مانکن,rap_hiphop,0,0.41314450153382787,0
stratified_5_fold,random_forest_balanced,4,8_vfBp8vu40js,ساسی مانکن,rap_hiphop,0,0.3165473191753971,0
stratified_5_fold,random_forest_balanced,4,8_lLNcbz_T7WI,ساسی مانکن,rap_hiphop,0,0.5428338915763554,1
stratified_5_fold,random_forest_balanced,4,9_olvrvRd6l1A,هیچکس,rap_hiphop,0,0.6590914414127392,1
stratified_5_fold,random_forest_balanced,5,1_UAuuh3c4Jyc,همایون شجریان,classic_fusion,0,0.6673703594401209,1
stratified_5_fold,random_forest_balanced,5,1_Nc23hVqxbzY,همایون شجریان,classic_fusion,0,0.7057592813986313,1
stratified_5_fold,random_forest_balanced,5,1_qgFBMyxJ4eg,همایون شجریان,classic_fusion,0,0.5672063800792281,1
stratified_5_fold,random_forest_balanced,5,3_gc_3dNm0fOU,محسن چاووشی,pop,0,0.533526019473301,1
stratified_5_fold,random_forest_balanced,5,3_7YdC-IA-N0s,محسن چاووشی,pop,0,0.4394184317853339,0
stratified_5_fold,random_forest_balanced,5,3_EBchKWBj1ko,محسن چاووشی,pop,1,0.7194051168265652,1
stratified_5_fold,random_forest_balanced,5,4_vRhkav31tkI,فرزاد فرزین,pop,0,0.17369807138715834,0
stratified_5_fold,random_forest_balanced,5,4_g7KvUmXIY60,فرزاد فرزین,pop,0,0.0944354093775309,0
stratified_5_fold,random_forest_balanced,5,5_PY9m5mYMIdQ,محسن یگانه,pop,0,0.6626914535824491,1
stratified_5_fold,random_forest_balanced,5,5_OQjEpH0OXNo,محسن یگانه,pop,1,0.43106541021576744,0
stratified_5_fold,random_forest_balanced,5,6_uNa3i6zGd98,سهراب پاکزاد,pop,0,0.2528317853489251,0
stratified_5_fold,random_forest_balanced,5,6_bVmRq89vjRY,سهراب پاکزاد,pop,0,0.07512701646150532,0
stratified_5_fold,random_forest_balanced,5,6_NAw9qZq3SSE,سهراب پاکزاد,pop,1,0.32098193352904464,0
stratified_5_fold,random_forest_balanced,5,7_hti0pAu04_o,گرشا رضایی,pop,0,0.10522370430186506,0
stratified_5_fold,random_forest_balanced,5,7_P5O0gKeBZ3U,گرشا رضایی,pop,0,0.07350133452466126,0
stratified_5_fold,random_forest_balanced,5,7_qfDHsZ2Ncd4,گرشا رضایی,pop,0,0.2951667658242731,0
stratified_5_fold,random_forest_balanced,5,8_ej5aKGNBWek,ساسی مانکن,rap_hiphop,0,0.4327629915025142,0
stratified_5_fold,random_forest_balanced,5,8_QD9Nj6F0EN4,ساسی مانکن,rap_hiphop,0,0.5854114700392432,1
stratified_5_fold,random_forest_balanced,5,8_eDqWWbO6e1k,ساسی مانکن,rap_hiphop,0,0.4391417792909082,0
stratified_5_fold,random_forest_balanced,5,9_4qw3qTV4608,هیچکس,rap_hiphop,1,0.5479987053642942,1
stratified_5_fold,random_forest_balanced,5,9_i_bLcFCdSIo,هیچکس,rap_hiphop,0,0.5657660586419486,1
stratified_5_fold,random_forest_balanced,5,9_hnctT-Btbck,هیچکس,rap_hiphop,1,0.41541007402643043,0
stratified_5_fold,random_forest_balanced,5,9_nKY6vq97MzI,هیچکس,rap_hiphop,1,0.4175478388430979,0
leave_one_artist_out,dummy_prior,1,8_LpcvEthPmCE,ساسی مانکن,rap_hiphop,0,0.28,0
leave_one_artist_out,dummy_prior,1,8_ej5aKGNBWek,ساسی مانکن,rap_hiphop,0,0.28,0
leave_one_artist_out,dummy_prior,1,8_ddfW1OhMbEk,ساسی مانکن,rap_hiphop,0,0.28,0
leave_one_artist_out,dummy_prior,1,8_kbBulLOQ4qY,ساسی مانکن,rap_hiphop,0,0.28,0
leave_one_artist_out,dummy_prior,1,8_YfJ9TIisS-w,ساسی مانکن,rap_hiphop,0,0.28,0
leave_one_artist_out,dummy_prior,1,8_vfBp8vu40js,ساسی مانکن,rap_hiphop,0,0.28,0
leave_one_artist_out,dummy_prior,1,8_hwZU5Xwfk20,ساسی مانکن,rap_hiphop,1,0.28,0
leave_one_artist_out,dummy_prior,1,8_p0EwOVQ3P0s,ساسی مانکن,rap_hiphop,0,0.28,0
leave_one_artist_out,dummy_prior,1,8_NNtMb0DrBRA,ساسی مانکن,rap_hiphop,0,0.28,0
leave_one_artist_out,dummy_prior,1,8_L3UPz_KIZn8,ساسی مانکن,rap_hiphop,0,0.28,0
leave_one_artist_out,dummy_prior,1,8_QD9Nj6F0EN4,ساسی مانکن,rap_hiphop,0,0.28,0
leave_one_artist_out,dummy_prior,1,8_eDqWWbO6e1k,ساسی مانکن,rap_hiphop,0,0.28,0
leave_one_artist_out,dummy_prior,1,8_K4fBpEhpVak,ساسی مانکن,rap_hiphop,0,0.28,0
leave_one_artist_out,dummy_prior,1,8_lLNcbz_T7WI,ساسی مانکن,rap_hiphop,0,0.28,0
leave_one_artist_out,dummy_prior,1,8_k7QpRijPbtQ,ساسی مانکن,rap_hiphop,1,0.28,0
leave_one_artist_out,dummy_prior,2,6_E1xgedbMDwg,سهراب پاکزاد,pop,0,0.28431372549019607,0
leave_one_artist_out,dummy_prior,2,6_nsExqoIjHTQ,سهراب پاکزاد,pop,0,0.28431372549019607,0
leave_one_artist_out,dummy_prior,2,6_7EFxlwV-2MU,سهراب پاکزاد,pop,0,0.28431372549019607,0
leave_one_artist_out,dummy_prior,2,6_OH5768Sd18k,سهراب پاکزاد,pop,0,0.28431372549019607,0
leave_one_artist_out,dummy_prior,2,6_uNa3i6zGd98,سهراب پاکزاد,pop,0,0.28431372549019607,0
leave_one_artist_out,dummy_prior,2,6_b6FCSE2_XkE,سهراب پاکزاد,pop,0,0.28431372549019607,0
leave_one_artist_out,dummy_prior,2,6_gDsNVAWX0-g,سهراب پاکزاد,pop,0,0.28431372549019607,0
leave_one_artist_out,dummy_prior,2,6_2JCi3fSTxwA,سهراب پاکزاد,pop,0,0.28431372549019607,0
leave_one_artist_out,dummy_prior,2,6_bVmRq89vjRY,سهراب پاکزاد,pop,0,0.28431372549019607,0
leave_one_artist_out,dummy_prior,2,6_mMsf3f8ctTY,سهراب پاکزاد,pop,0,0.28431372549019607,0
leave_one_artist_out,dummy_prior,2,6_NAw9qZq3SSE,سهراب پاکزاد,pop,1,0.28431372549019607,0
leave_one_artist_out,dummy_prior,2,6__pl7LSxtgD0,سهراب پاکزاد,pop,0,0.28431372549019607,0
leave_one_artist_out,dummy_prior,2,6_txd-SU1DHjI,سهراب پاکزاد,pop,0,0.28431372549019607,0
leave_one_artist_out,dummy_prior,3,2_8_fXOF1v0iQ,علیرضا قربانی,classic_fusion,0,0.24528301886792453,0
leave_one_artist_out,dummy_prior,3,2_shjoCUSf3og,علیرضا قربانی,classic_fusion,0,0.24528301886792453,0
leave_one_artist_out,dummy_prior,3,2_n_ZKTif5tTY,علیرضا قربانی,classic_fusion,1,0.24528301886792453,0
leave_one_artist_out,dummy_prior,3,2_pTxdcjGYVuU,علیرضا قربانی,classic_fusion,0,0.24528301886792453,0
leave_one_artist_out,dummy_prior,3,2_u5g5JeGq3kM,علیرضا قربانی,classic_fusion,1,0.24528301886792453,0
leave_one_artist_out,dummy_prior,3,2_KSZvwbbFa5g,علیرضا قربانی,classic_fusion,1,0.24528301886792453,0
leave_one_artist_out,dummy_prior,3,2_VLiQGtaeM0Q,علیرضا قربانی,classic_fusion,0,0.24528301886792453,0
leave_one_artist_out,dummy_prior,3,2_EZijFtVqz_4,علیرضا قربانی,classic_fusion,0,0.24528301886792453,0
leave_one_artist_out,dummy_prior,3,2_hQCnAVXjHWE,علیرضا قربانی,classic_fusion,1,0.24528301886792453,0
leave_one_artist_out,dummy_prior,4,4_tSA-WxB7ts8,فرزاد فرزین,pop,0,0.3020833333333333,0
leave_one_artist_out,dummy_prior,4,4_U-SNKX13tJc,فرزاد فرزین,pop,0,0.3020833333333333,0
leave_one_artist_out,dummy_prior,4,4_DAWCE0GXe2Y,فرزاد فرزین,pop,0,0.3020833333333333,0
leave_one_artist_out,dummy_prior,4,4_gOOcxWbdRgE,فرزاد فرزین,pop,0,0.3020833333333333,0
leave_one_artist_out,dummy_prior,4,4_ErJWJv7oZl4,فرزاد فرزین,pop,0,0.3020833333333333,0
leave_one_artist_out,dummy_prior,4,4_3IOHKH0M53M,فرزاد فرزین,pop,0,0.3020833333333333,0
leave_one_artist_out,dummy_prior,4,4_MaOhPH1bWJk,فرزاد فرزین,pop,0,0.3020833333333333,0
leave_one_artist_out,dummy_prior,4,4_yXuQxa1ieGA,فرزاد فرزین,pop,0,0.3020833333333333,0
leave_one_artist_out,dummy_prior,4,4_lY0HiviZ-VE,فرزاد فرزین,pop,0,0.3020833333333333,0
leave_one_artist_out,dummy_prior,4,4_04cQcPj2Qj8,فرزاد فرزین,pop,0,0.3020833333333333,0
leave_one_artist_out,dummy_prior,4,4_yVmTAyPIPgc,فرزاد فرزین,pop,0,0.3020833333333333,0
leave_one_artist_out,dummy_prior,4,4_X9f9cevCym8,فرزاد فرزین,pop,1,0.3020833333333333,0
leave_one_artist_out,dummy_prior,4,4_vRhkav31tkI,فرزاد فرزین,pop,0,0.3020833333333333,0
leave_one_artist_out,dummy_prior,4,4_q4kQ5Eor5vM,فرزاد فرزین,pop,0,0.3020833333333333,0
leave_one_artist_out,dummy_prior,4,4_ZdEe9HWpIMo,فرزاد فرزین,pop,0,0.3020833333333333,0
leave_one_artist_out,dummy_prior,4,4_ynz643RIo5o,فرزاد فرزین,pop,0,0.3020833333333333,0
leave_one_artist_out,dummy_prior,4,4_g7KvUmXIY60,فرزاد فرزین,pop,0,0.3020833333333333,0
leave_one_artist_out,dummy_prior,4,4_k9U11IVfTZc,فرزاد فرزین,pop,0,0.3020833333333333,0
leave_one_artist_out,dummy_prior,4,4_VpO87vdDXAc,فرزاد فرزین,pop,0,0.3020833333333333,0
leave_one_artist_out,dummy_prior,5,3_1RE2DZhrTkQ,محسن چاووشی,pop,0,0.18085106382978725,0
leave_one_artist_out,dummy_prior,5,3_gc_3dNm0fOU,محسن چاووشی,pop,0,0.18085106382978725,0
leave_one_artist_out,dummy_prior,5,3_LGRg9gERUjU,محسن چاووشی,pop,1,0.18085106382978725,0
leave_one_artist_out,dummy_prior,5,3_AJ19i4EK1i0,محسن چاووشی,pop,1,0.18085106382978725,0
leave_one_artist_out,dummy_prior,5,3_GHXE50UFijM,محسن چاووشی,pop,0,0.18085106382978725,0
leave_one_artist_out,dummy_prior,5,3_XFBlfv-gEAo,محسن چاووشی,pop,1,0.18085106382978725,0
leave_one_artist_out,dummy_prior,5,3_tyQSLS1jZmY,محسن چاووشی,pop,1,0.18085106382978725,0
leave_one_artist_out,dummy_prior,5,3_46TdUtNAopg,محسن چاووشی,pop,1,0.18085106382978725,0
leave_one_artist_out,dummy_prior,5,3_iX1tw6ozWO4,محسن چاووشی,pop,0,0.18085106382978725,0
leave_one_artist_out,dummy_prior,5,3_z-GvlJJq7So,محسن چاووشی,pop,0,0.18085106382978725,0
leave_one_artist_out,dummy_prior,5,3_7YdC-IA-N0s,محسن چاووشی,pop,0,0.18085106382978725,0
leave_one_artist_out,dummy_prior,5,3_UhSnIS0P-cg,محسن چاووشی,pop,0,0.18085106382978725,0
leave_one_artist_out,dummy_prior,5,3_EBchKWBj1ko,محسن چاووشی,pop,1,0.18085106382978725,0
leave_one_artist_out,dummy_prior,5,3_MLBoUSr9vZI,محسن چاووشی,pop,1,0.18085106382978725,0
leave_one_artist_out,dummy_prior,5,3_CAPkrogfXJk,محسن چاووشی,pop,0,0.18085106382978725,0
leave_one_artist_out,dummy_prior,5,3__38Wou0AVcs,محسن چاووشی,pop,1,0.18085106382978725,0
leave_one_artist_out,dummy_prior,5,3_tmh17LnO0OU,محسن چاووشی,pop,1,0.18085106382978725,0
leave_one_artist_out,dummy_prior,5,3_H_GGwkKa6mM,محسن چاووشی,pop,1,0.18085106382978725,0
leave_one_artist_out,dummy_prior,5,3_JxwGTSxGCUM,محسن چاووشی,pop,1,0.18085106382978725,0
leave_one_artist_out,dummy_prior,5,3_kVmxQRyj-WA,محسن چاووشی,pop,1,0.18085106382978725,0
leave_one_artist_out,dummy_prior,5,3_chU8u8UCWg8,محسن چاووشی,pop,1,0.18085106382978725,0
leave_one_artist_out,dummy_prior,6,5_cDNDVtoJhik,محسن یگانه,pop,1,0.2524271844660194,0
leave_one_artist_out,dummy_prior,6,5_PY9m5mYMIdQ,محسن یگانه,pop,0,0.2524271844660194,0
leave_one_artist_out,dummy_prior,6,5_qXw9pCpyVEc,محسن یگانه,pop,0,0.2524271844660194,0
leave_one_artist_out,dummy_prior,6,5_witB-02AAao,محسن یگانه,pop,0,0.2524271844660194,0
leave_one_artist_out,dummy_prior,6,5_hh-9qSUxkFk,محسن یگانه,pop,0,0.2524271844660194,0
leave_one_artist_out,dummy_prior,6,5_OQjEpH0OXNo,محسن یگانه,pop,1,0.2524271844660194,0
leave_one_artist_out,dummy_prior,6,5_nphqnZf9Uc0,محسن یگانه,pop,0,0.2524271844660194,0
leave_one_artist_out,dummy_prior,6,5_u4y0jIoA9Yg,محسن یگانه,pop,0,0.2524271844660194,0
leave_one_artist_out,dummy_prior,6,5_n3_ViPY9yyk,محسن یگانه,pop,0,0.2524271844660194,0
leave_one_artist_out,dummy_prior,6,5_rL7sd3FqJ9A,محسن یگانه,pop,0,0.2524271844660194,0
leave_one_artist_out,dummy_prior,6,5_EcsR7-i4wgQ,محسن یگانه,pop,1,0.2524271844660194,0
leave_one_artist_out,dummy_prior,6,5_sad2za8qPwQ,محسن یگانه,pop,1,0.2524271844660194,0
leave_one_artist_out,dummy_prior,7,1_UAuuh3c4Jyc,همایون شجریان,classic_fusion,0,0.27102803738317754,0
leave_one_artist_out,dummy_prior,7,1_DtHwreZyIh4,همایون شجریان,classic_fusion,0,0.27102803738317754,0
leave_one_artist_out,dummy_prior,7,1_f3_y_O1qFJc,همایون شجریان,classic_fusion,1,0.27102803738317754,0
leave_one_artist_out,dummy_prior,7,1_Nc23hVqxbzY,همایون شجریان,classic_fusion,0,0.27102803738317754,0
leave_one_artist_out,dummy_prior,7,1_FgJhzDxnA9o,همایون شجریان,classic_fusion,0,0.27102803738317754,0
leave_one_artist_out,dummy_prior,7,1_Cs0uWFNy4Tw,همایون شجریان,classic_fusion,0,0.27102803738317754,0
leave_one_artist_out,dummy_prior,7,1_qgFBMyxJ4eg,همایون شجریان,classic_fusion,0,0.27102803738317754,0
leave_one_artist_out,dummy_prior,7,1_qhKcG8m70FE,همایون شجریان,classic_fusion,0,0.27102803738317754,0
leave_one_artist_out,dummy_prior,8,9_sqemXVtZg4w,هیچکس,rap_hiphop,1,0.24074074074074073,0
leave_one_artist_out,dummy_prior,8,9_4qw3qTV4608,هیچکس,rap_hiphop,1,0.24074074074074073,0
leave_one_artist_out,dummy_prior,8,9_i_bLcFCdSIo,هیچکس,rap_hiphop,0,0.24074074074074073,0
leave_one_artist_out,dummy_prior,8,9_N_DwOWb3IPE,هیچکس,rap_hiphop,0,0.24074074074074073,0
leave_one_artist_out,dummy_prior,8,9_hnctT-Btbck,هیچکس,rap_hiphop,1,0.24074074074074073,0
leave_one_artist_out,dummy_prior,8,9_nKY6vq97MzI,هیچکس,rap_hiphop,1,0.24074074074074073,0
leave_one_artist_out,dummy_prior,8,9_olvrvRd6l1A,هیچکس,rap_hiphop,0,0.24074074074074073,0
leave_one_artist_out,dummy_prior,9,7_FiF32_QR_5c,گرشا رضایی,pop,0,0.28846153846153844,0
leave_one_artist_out,dummy_prior,9,7_Xq34n7EGX4U,گرشا رضایی,pop,0,0.28846153846153844,0
leave_one_artist_out,dummy_prior,9,7_tjso_6uA4e0,گرشا رضایی,pop,0,0.28846153846153844,0
leave_one_artist_out,dummy_prior,9,7_du58UVKaxBs,گرشا رضایی,pop,0,0.28846153846153844,0
leave_one_artist_out,dummy_prior,9,7_p_XX3ITquXk,گرشا رضایی,pop,0,0.28846153846153844,0
leave_one_artist_out,dummy_prior,9,7_hti0pAu04_o,گرشا رضایی,pop,0,0.28846153846153844,0
leave_one_artist_out,dummy_prior,9,7_P5O0gKeBZ3U,گرشا رضایی,pop,0,0.28846153846153844,0
leave_one_artist_out,dummy_prior,9,7_iT7i_3xy9qs,گرشا رضایی,pop,0,0.28846153846153844,0
leave_one_artist_out,dummy_prior,9,7_ZEKGk8I7X34,گرشا رضایی,pop,0,0.28846153846153844,0
leave_one_artist_out,dummy_prior,9,7_qfDHsZ2Ncd4,گرشا رضایی,pop,0,0.28846153846153844,0
leave_one_artist_out,dummy_prior,9,7_XUGJ6f0DtIA,گرشا رضایی,pop,0,0.28846153846153844,0
leave_one_artist_out,logistic_regression_balanced,1,8_LpcvEthPmCE,ساسی مانکن,rap_hiphop,0,0.9435146244617085,1
leave_one_artist_out,logistic_regression_balanced,1,8_ej5aKGNBWek,ساسی مانکن,rap_hiphop,0,0.9518314304604032,1
leave_one_artist_out,logistic_regression_balanced,1,8_ddfW1OhMbEk,ساسی مانکن,rap_hiphop,0,0.9210783529669979,1
leave_one_artist_out,logistic_regression_balanced,1,8_kbBulLOQ4qY,ساسی مانکن,rap_hiphop,0,0.9818133311026946,1
leave_one_artist_out,logistic_regression_balanced,1,8_YfJ9TIisS-w,ساسی مانکن,rap_hiphop,0,0.9670794138957658,1
leave_one_artist_out,logistic_regression_balanced,1,8_vfBp8vu40js,ساسی مانکن,rap_hiphop,0,0.9233580504880732,1
leave_one_artist_out,logistic_regression_balanced,1,8_hwZU5Xwfk20,ساسی مانکن,rap_hiphop,1,0.9516408685294728,1
leave_one_artist_out,logistic_regression_balanced,1,8_p0EwOVQ3P0s,ساسی مانکن,rap_hiphop,0,0.958708882952944,1
leave_one_artist_out,logistic_regression_balanced,1,8_NNtMb0DrBRA,ساسی مانکن,rap_hiphop,0,0.9637924141018068,1
leave_one_artist_out,logistic_regression_balanced,1,8_L3UPz_KIZn8,ساسی مانکن,rap_hiphop,0,0.6988859778803803,1
leave_one_artist_out,logistic_regression_balanced,1,8_QD9Nj6F0EN4,ساسی مانکن,rap_hiphop,0,0.9597741951135093,1
leave_one_artist_out,logistic_regression_balanced,1,8_eDqWWbO6e1k,ساسی مانکن,rap_hiphop,0,0.6103812171899141,1
leave_one_artist_out,logistic_regression_balanced,1,8_K4fBpEhpVak,ساسی مانکن,rap_hiphop,0,0.9832317791304984,1
leave_one_artist_out,logistic_regression_balanced,1,8_lLNcbz_T7WI,ساسی مانکن,rap_hiphop,0,0.9582552319484524,1
leave_one_artist_out,logistic_regression_balanced,1,8_k7QpRijPbtQ,ساسی مانکن,rap_hiphop,1,0.9677610693636444,1
leave_one_artist_out,logistic_regression_balanced,2,6_E1xgedbMDwg,سهراب پاکزاد,pop,0,0.028135697655559833,0
leave_one_artist_out,logistic_regression_balanced,2,6_nsExqoIjHTQ,سهراب پاکزاد,pop,0,0.2740901347321025,0
leave_one_artist_out,logistic_regression_balanced,2,6_7EFxlwV-2MU,سهراب پاکزاد,pop,0,0.03711506102052248,0
leave_one_artist_out,logistic_regression_balanced,2,6_OH5768Sd18k,سهراب پاکزاد,pop,0,0.6347260994062798,1
leave_one_artist_out,logistic_regression_balanced,2,6_uNa3i6zGd98,سهراب پاکزاد,pop,0,0.9306897249910032,1
leave_one_artist_out,logistic_regression_balanced,2,6_b6FCSE2_XkE,سهراب پاکزاد,pop,0,0.9799033743311167,1
leave_one_artist_out,logistic_regression_balanced,2,6_gDsNVAWX0-g,سهراب پاکزاد,pop,0,0.9877312057381507,1
leave_one_artist_out,logistic_regression_balanced,2,6_2JCi3fSTxwA,سهراب پاکزاد,pop,0,0.8393223562008533,1
leave_one_artist_out,logistic_regression_balanced,2,6_bVmRq89vjRY,سهراب پاکزاد,pop,0,0.013576639131792726,0
leave_one_artist_out,logistic_regression_balanced,2,6_mMsf3f8ctTY,سهراب پاکزاد,pop,0,0.549493851932977,1
leave_one_artist_out,logistic_regression_balanced,2,6_NAw9qZq3SSE,سهراب پاکزاد,pop,1,0.8845632006496688,1
leave_one_artist_out,logistic_regression_balanced,2,6__pl7LSxtgD0,سهراب پاکزاد,pop,0,0.3494214980510018,0
leave_one_artist_out,logistic_regression_balanced,2,6_txd-SU1DHjI,سهراب پاکزاد,pop,0,0.06882132884704306,0
leave_one_artist_out,logistic_regression_balanced,3,2_8_fXOF1v0iQ,علیرضا قربانی,classic_fusion,0,0.0014428033533009884,0
leave_one_artist_out,logistic_regression_balanced,3,2_shjoCUSf3og,علیرضا قربانی,classic_fusion,0,0.22184557657158913,0
leave_one_artist_out,logistic_regression_balanced,3,2_n_ZKTif5tTY,علیرضا قربانی,classic_fusion,1,0.3947357385411802,0
leave_one_artist_out,logistic_regression_balanced,3,2_pTxdcjGYVuU,علیرضا قربانی,classic_fusion,0,0.20981309202523388,0
leave_one_artist_out,logistic_regression_balanced,3,2_u5g5JeGq3kM,علیرضا قربانی,classic_fusion,1,0.20792091948373898,0
leave_one_artist_out,logistic_regression_balanced,3,2_KSZvwbbFa5g,علیرضا قربانی,classic_fusion,1,0.07079429257434282,0
leave_one_artist_out,logistic_regression_balanced,3,2_VLiQGtaeM0Q,علیرضا قربانی,classic_fusion,0,0.12364649595453742,0
leave_one_artist_out,logistic_regression_balanced,3,2_EZijFtVqz_4,علیرضا قربانی,classic_fusion,0,0.08034386714380924,0
leave_one_artist_out,logistic_regression_balanced,3,2_hQCnAVXjHWE,علیرضا قربانی,classic_fusion,1,0.03034473322971113,0
leave_one_artist_out,logistic_regression_balanced,4,4_tSA-WxB7ts8,فرزاد فرزین,pop,0,0.48810491199962586,0
leave_one_artist_out,logistic_regression_balanced,4,4_U-SNKX13tJc,فرزاد فرزین,pop,0,0.7812869225337181,1
leave_one_artist_out,logistic_regression_balanced,4,4_DAWCE0GXe2Y,فرزاد فرزین,pop,0,0.08990218234289866,0
leave_one_artist_out,logistic_regression_balanced,4,4_gOOcxWbdRgE,فرزاد فرزین,pop,0,0.04026048859238646,0
leave_one_artist_out,logistic_regression_balanced,4,4_ErJWJv7oZl4,فرزاد فرزین,pop,0,0.04454972631219677,0
leave_one_artist_out,logistic_regression_balanced,4,4_3IOHKH0M53M,فرزاد فرزین,pop,0,0.03682314888988833,0
leave_one_artist_out,logistic_regression_balanced,4,4_MaOhPH1bWJk,فرزاد فرزین,pop,0,0.6687911659407723,1
leave_one_artist_out,logistic_regression_balanced,4,4_yXuQxa1ieGA,فرزاد فرزین,pop,0,0.06864372709307014,0
leave_one_artist_out,logistic_regression_balanced,4,4_lY0HiviZ-VE,فرزاد فرزین,pop,0,0.44364695553201966,0
leave_one_artist_out,logistic_regression_balanced,4,4_04cQcPj2Qj8,فرزاد فرزین,pop,0,0.6850183818935633,1
leave_one_artist_out,logistic_regression_balanced,4,4_yVmTAyPIPgc,فرزاد فرزین,pop,0,0.056974344427270514,0
leave_one_artist_out,logistic_regression_balanced,4,4_X9f9cevCym8,فرزاد فرزین,pop,1,0.38433299872664645,0
leave_one_artist_out,logistic_regression_balanced,4,4_vRhkav31tkI,فرزاد فرزین,pop,0,0.13151653464438157,0
leave_one_artist_out,logistic_regression_balanced,4,4_q4kQ5Eor5vM,فرزاد فرزین,pop,0,0.12798495653316141,0
leave_one_artist_out,logistic_regression_balanced,4,4_ZdEe9HWpIMo,فرزاد فرزین,pop,0,0.018442378415296858,0
leave_one_artist_out,logistic_regression_balanced,4,4_ynz643RIo5o,فرزاد فرزین,pop,0,0.025190500202331847,0
leave_one_artist_out,logistic_regression_balanced,4,4_g7KvUmXIY60,فرزاد فرزین,pop,0,0.0522118126152522,0
leave_one_artist_out,logistic_regression_balanced,4,4_k9U11IVfTZc,فرزاد فرزین,pop,0,0.0782913864861289,0
leave_one_artist_out,logistic_regression_balanced,4,4_VpO87vdDXAc,فرزاد فرزین,pop,0,0.0230780114418027,0
leave_one_artist_out,logistic_regression_balanced,5,3_1RE2DZhrTkQ,محسن چاووشی,pop,0,0.5808731970057212,1
leave_one_artist_out,logistic_regression_balanced,5,3_gc_3dNm0fOU,محسن چاووشی,pop,0,0.11528619325141509,0
leave_one_artist_out,logistic_regression_balanced,5,3_LGRg9gERUjU,محسن چاووشی,pop,1,0.12756134125584992,0
leave_one_artist_out,logistic_regression_balanced,5,3_AJ19i4EK1i0,محسن چاووشی,pop,1,0.5770566257921917,1
leave_one_artist_out,logistic_regression_balanced,5,3_GHXE50UFijM,محسن چاووشی,pop,0,0.16106842328958323,0
leave_one_artist_out,logistic_regression_balanced,5,3_XFBlfv-gEAo,محسن چاووشی,pop,1,0.08865551163098069,0
leave_one_artist_out,logistic_regression_balanced,5,3_tyQSLS1jZmY,محسن چاووشی,pop,1,0.03757811071545094,0
leave_one_artist_out,logistic_regression_balanced,5,3_46TdUtNAopg,محسن چاووشی,pop,1,0.37857499027819813,0
leave_one_artist_out,logistic_regression_balanced,5,3_iX1tw6ozWO4,محسن چاووشی,pop,0,0.02457597288440144,0
leave_one_artist_out,logistic_regression_balanced,5,3_z-GvlJJq7So,محسن چاووشی,pop,0,0.018583614821299284,0
leave_one_artist_out,logistic_regression_balanced,5,3_7YdC-IA-N0s,محسن چاووشی,pop,0,0.12247938218135578,0
leave_one_artist_out,logistic_regression_balanced,5,3_UhSnIS0P-cg,محسن چاووشی,pop,0,0.0024498462110838265,0
leave_one_artist_out,logistic_regression_balanced,5,3_EBchKWBj1ko,محسن چاووشی,pop,1,0.23863377824695153,0
leave_one_artist_out,logistic_regression_balanced,5,3_MLBoUSr9vZI,محسن چاووشی,pop,1,0.1623678971604419,0
leave_one_artist_out,logistic_regression_balanced,5,3_CAPkrogfXJk,محسن چاووشی,pop,0,0.004337837085112747,0
leave_one_artist_out,logistic_regression_balanced,5,3__38Wou0AVcs,محسن چاووشی,pop,1,0.06169047349838693,0
leave_one_artist_out,logistic_regression_balanced,5,3_tmh17LnO0OU,محسن چاووشی,pop,1,0.22236015745497137,0
leave_one_artist_out,logistic_regression_balanced,5,3_H_GGwkKa6mM,محسن چاووشی,pop,1,0.12718618830988368,0
leave_one_artist_out,logistic_regression_balanced,5,3_JxwGTSxGCUM,محسن چاووشی,pop,1,0.07561255906876574,0
leave_one_artist_out,logistic_regression_balanced,5,3_kVmxQRyj-WA,محسن چاووشی,pop,1,0.032888126968259906,0
leave_one_artist_out,logistic_regression_balanced,5,3_chU8u8UCWg8,محسن چاووشی,pop,1,0.0172857048456843,0
leave_one_artist_out,logistic_regression_balanced,6,5_cDNDVtoJhik,محسن یگانه,pop,1,0.5992082011056439,1
leave_one_artist_out,logistic_regression_balanced,6,5_PY9m5mYMIdQ,محسن یگانه,pop,0,0.6965162236188711,1
leave_one_artist_out,logistic_regression_balanced,6,5_qXw9pCpyVEc,محسن یگانه,pop,0,0.39495855541323216,0
leave_one_artist_out,logistic_regression_balanced,6,5_witB-02AAao,محسن یگانه,pop,0,0.5119606749785721,1
leave_one_artist_out,logistic_regression_balanced,6,5_hh-9qSUxkFk,محسن یگانه,pop,0,0.6037607281016745,1
leave_one_artist_out,logistic_regression_balanced,6,5_OQjEpH0OXNo,محسن یگانه,pop,1,0.613869718606813,1
leave_one_artist_out,logistic_regression_balanced,6,5_nphqnZf9Uc0,محسن یگانه,pop,0,0.4951238700573762,0
leave_one_artist_out,logistic_regression_balanced,6,5_u4y0jIoA9Yg,محسن یگانه,pop,0,0.6528799412447731,1
leave_one_artist_out,logistic_regression_balanced,6,5_n3_ViPY9yyk,محسن یگانه,pop,0,0.5425940392363664,1
leave_one_artist_out,logistic_regression_balanced,6,5_rL7sd3FqJ9A,محسن یگانه,pop,0,0.4006143623249955,0
leave_one_artist_out,logistic_regression_balanced,6,5_EcsR7-i4wgQ,محسن یگانه,pop,1,0.6541306634065078,1
leave_one_artist_out,logistic_regression_balanced,6,5_sad2za8qPwQ,محسن یگانه,pop,1,0.7793356890854504,1
leave_one_artist_out,logistic_regression_balanced,7,1_UAuuh3c4Jyc,همایون شجریان,classic_fusion,0,0.9837697531714361,1
leave_one_artist_out,logistic_regression_balanced,7,1_DtHwreZyIh4,همایون شجریان,classic_fusion,0,0.6561185436165414,1
leave_one_artist_out,logistic_regression_balanced,7,1_f3_y_O1qFJc,همایون شجریان,classic_fusion,1,0.957036799374556,1
leave_one_artist_out,logistic_regression_balanced,7,1_Nc23hVqxbzY,همایون شجریان,classic_fusion,0,0.9037375340863775,1
leave_one_artist_out,logistic_regression_balanced,7,1_FgJhzDxnA9o,همایون شجریان,classic_fusion,0,0.34923085679525473,0
leave_one_artist_out,logistic_regression_balanced,7,1_Cs0uWFNy4Tw,همایون شجریان,classic_fusion,0,0.48770327414098247,0
leave_one_artist_out,logistic_regression_balanced,7,1_qgFBMyxJ4eg,همایون شجریان,classic_fusion,0,0.5756568937108685,1
leave_one_artist_out,logistic_regression_balanced,7,1_qhKcG8m70FE,همایون شجریان,classic_fusion,0,0.8600559123893091,1
leave_one_artist_out,logistic_regression_balanced,8,9_sqemXVtZg4w,هیچکس,rap_hiphop,1,0.024270906814185044,0
leave_one_artist_out,logistic_regression_balanced,8,9_4qw3qTV4608,هیچکس,rap_hiphop,1,0.2214146549007658,0
leave_one_artist_out,logistic_regression_balanced,8,9_i_bLcFCdSIo,هیچکس,rap_hiphop,0,0.15683514469270987,0
leave_one_artist_out,logistic_regression_balanced,8,9_N_DwOWb3IPE,هیچکس,rap_hiphop,0,0.13883162259337017,0
leave_one_artist_out,logistic_regression_balanced,8,9_hnctT-Btbck,هیچکس,rap_hiphop,1,0.14460714313484546,0
leave_one_artist_out,logistic_regression_balanced,8,9_nKY6vq97MzI,هیچکس,rap_hiphop,1,0.035870363538027646,0
leave_one_artist_out,logistic_regression_balanced,8,9_olvrvRd6l1A,هیچکس,rap_hiphop,0,0.08683702092871969,0
leave_one_artist_out,logistic_regression_balanced,9,7_FiF32_QR_5c,گرشا رضایی,pop,0,0.03613901830484669,0
leave_one_artist_out,logistic_regression_balanced,9,7_Xq34n7EGX4U,گرشا رضایی,pop,0,0.042082709768674745,0
leave_one_artist_out,logistic_regression_balanced,9,7_tjso_6uA4e0,گرشا رضایی,pop,0,0.3797358663535953,0
leave_one_artist_out,logistic_regression_balanced,9,7_du58UVKaxBs,گرشا رضایی,pop,0,0.5356001389169208,1
leave_one_artist_out,logistic_regression_balanced,9,7_p_XX3ITquXk,گرشا رضایی,pop,0,0.40142940903582314,0
leave_one_artist_out,logistic_regression_balanced,9,7_hti0pAu04_o,گرشا رضایی,pop,0,0.021852356029028984,0
leave_one_artist_out,logistic_regression_balanced,9,7_P5O0gKeBZ3U,گرشا رضایی,pop,0,0.03387922336287795,0
leave_one_artist_out,logistic_regression_balanced,9,7_iT7i_3xy9qs,گرشا رضایی,pop,0,0.4767946523576896,0
leave_one_artist_out,logistic_regression_balanced,9,7_ZEKGk8I7X34,گرشا رضایی,pop,0,0.2821192389216598,0
leave_one_artist_out,logistic_regression_balanced,9,7_qfDHsZ2Ncd4,گرشا رضایی,pop,0,0.027811292573696016,0
leave_one_artist_out,logistic_regression_balanced,9,7_XUGJ6f0DtIA,گرشا رضایی,pop,0,0.0684578513822387,0
leave_one_artist_out,random_forest_balanced,1,8_LpcvEthPmCE,ساسی مانکن,rap_hiphop,0,0.48289716674033717,0
leave_one_artist_out,random_forest_balanced,1,8_ej5aKGNBWek,ساسی مانکن,rap_hiphop,0,0.5680371382821986,1
leave_one_artist_out,random_forest_balanced,1,8_ddfW1OhMbEk,ساسی مانکن,rap_hiphop,0,0.6600874290028463,1
leave_one_artist_out,random_forest_balanced,1,8_kbBulLOQ4qY,ساسی مانکن,rap_hiphop,0,0.6962978518499502,1
leave_one_artist_out,random_forest_balanced,1,8_YfJ9TIisS-w,ساسی مانکن,rap_hiphop,0,0.4303222551917654,0
leave_one_artist_out,random_forest_balanced,1,8_vfBp8vu40js,ساسی مانکن,rap_hiphop,0,0.44840996102798825,0
leave_one_artist_out,random_forest_balanced,1,8_hwZU5Xwfk20,ساسی مانکن,rap_hiphop,1,0.4176829181546236,0
leave_one_artist_out,random_forest_balanced,1,8_p0EwOVQ3P0s,ساسی مانکن,rap_hiphop,0,0.5307105649998914,1
leave_one_artist_out,random_forest_balanced,1,8_NNtMb0DrBRA,ساسی مانکن,rap_hiphop,0,0.6840232789149737,1
leave_one_artist_out,random_forest_balanced,1,8_L3UPz_KIZn8,ساسی مانکن,rap_hiphop,0,0.6135901322060531,1
leave_one_artist_out,random_forest_balanced,1,8_QD9Nj6F0EN4,ساسی مانکن,rap_hiphop,0,0.6753495210116363,1
leave_one_artist_out,random_forest_balanced,1,8_eDqWWbO6e1k,ساسی مانکن,rap_hiphop,0,0.603520579583742,1
leave_one_artist_out,random_forest_balanced,1,8_K4fBpEhpVak,ساسی مانکن,rap_hiphop,0,0.6631345634311346,1
leave_one_artist_out,random_forest_balanced,1,8_lLNcbz_T7WI,ساسی مانکن,rap_hiphop,0,0.6788322850516318,1
leave_one_artist_out,random_forest_balanced,1,8_k7QpRijPbtQ,ساسی مانکن,rap_hiphop,1,0.6907635118752151,1
leave_one_artist_out,random_forest_balanced,2,6_E1xgedbMDwg,سهراب پاکزاد,pop,0,0.09500582453764446,0
leave_one_artist_out,random_forest_balanced,2,6_nsExqoIjHTQ,سهراب پاکزاد,pop,0,0.3086530399032764,0
leave_one_artist_out,random_forest_balanced,2,6_7EFxlwV-2MU,سهراب پاکزاد,pop,0,0.2748581458638462,0
leave_one_artist_out,random_forest_balanced,2,6_OH5768Sd18k,سهراب پاکزاد,pop,0,0.33420145313656935,0
leave_one_artist_out,random_forest_balanced,2,6_uNa3i6zGd98,سهراب پاکزاد,pop,0,0.41295066633214067,0
leave_one_artist_out,random_forest_balanced,2,6_b6FCSE2_XkE,سهراب پاکزاد,pop,0,0.5301373939994899,1
leave_one_artist_out,random_forest_balanced,2,6_gDsNVAWX0-g,سهراب پاکزاد,pop,0,0.7130432038584998,1
leave_one_artist_out,random_forest_balanced,2,6_2JCi3fSTxwA,سهراب پاکزاد,pop,0,0.48965100991186744,0
leave_one_artist_out,random_forest_balanced,2,6_bVmRq89vjRY,سهراب پاکزاد,pop,0,0.10639807164907976,0
leave_one_artist_out,random_forest_balanced,2,6_mMsf3f8ctTY,سهراب پاکزاد,pop,0,0.4659468571567528,0
leave_one_artist_out,random_forest_balanced,2,6_NAw9qZq3SSE,سهراب پاکزاد,pop,1,0.4252205864525528,0
leave_one_artist_out,random_forest_balanced,2,6__pl7LSxtgD0,سهراب پاکزاد,pop,0,0.27411500853907556,0
leave_one_artist_out,random_forest_balanced,2,6_txd-SU1DHjI,سهراب پاکزاد,pop,0,0.18481722265936493,0
leave_one_artist_out,random_forest_balanced,3,2_8_fXOF1v0iQ,علیرضا قربانی,classic_fusion,0,0.1197072915501069,0
leave_one_artist_out,random_forest_balanced,3,2_shjoCUSf3og,علیرضا قربانی,classic_fusion,0,0.6105592838463715,1
leave_one_artist_out,random_forest_balanced,3,2_n_ZKTif5tTY,علیرضا قربانی,classic_fusion,1,0.5576502974675254,1
leave_one_artist_out,random_forest_balanced,3,2_pTxdcjGYVuU,علیرضا قربانی,classic_fusion,0,0.561166186599032,1
leave_one_artist_out,random_forest_balanced,3,2_u5g5JeGq3kM,علیرضا قربانی,classic_fusion,1,0.5856794144457242,1
leave_one_artist_out,random_forest_balanced,3,2_KSZvwbbFa5g,علیرضا قربانی,classic_fusion,1,0.3646311055099728,0
leave_one_artist_out,random_forest_balanced,3,2_VLiQGtaeM0Q,علیرضا قربانی,classic_fusion,0,0.4925325348321459,0
leave_one_artist_out,random_forest_balanced,3,2_EZijFtVqz_4,علیرضا قربانی,classic_fusion,0,0.521457624231323,1
leave_one_artist_out,random_forest_balanced,3,2_hQCnAVXjHWE,علیرضا قربانی,classic_fusion,1,0.3656556396268793,0
leave_one_artist_out,random_forest_balanced,4,4_tSA-WxB7ts8,فرزاد فرزین,pop,0,0.5757571293695696,1
leave_one_artist_out,random_forest_balanced,4,4_U-SNKX13tJc,فرزاد فرزین,pop,0,0.6551756222805244,1
leave_one_artist_out,random_forest_balanced,4,4_DAWCE0GXe2Y,فرزاد فرزین,pop,0,0.2055845096509316,0
leave_one_artist_out,random_forest_balanced,4,4_gOOcxWbdRgE,فرزاد فرزین,pop,0,0.34855810545538135,0
leave_one_artist_out,random_forest_balanced,4,4_ErJWJv7oZl4,فرزاد فرزین,pop,0,0.35078751946998044,0
leave_one_artist_out,random_forest_balanced,4,4_3IOHKH0M53M,فرزاد فرزین,pop,0,0.20273519686553843,0
leave_one_artist_out,random_forest_balanced,4,4_MaOhPH1bWJk,فرزاد فرزین,pop,0,0.48129462935925016,0
leave_one_artist_out,random_forest_balanced,4,4_yXuQxa1ieGA,فرزاد فرزین,pop,0,0.3191042942417374,0
leave_one_artist_out,random_forest_balanced,4,4_lY0HiviZ-VE,فرزاد فرزین,pop,0,0.3064536092895368,0
leave_one_artist_out,random_forest_balanced,4,4_04cQcPj2Qj8,فرزاد فرزین,pop,0,0.45094446044716907,0
leave_one_artist_out,random_forest_balanced,4,4_yVmTAyPIPgc,فرزاد فرزین,pop,0,0.2991466062080606,0
leave_one_artist_out,random_forest_balanced,4,4_X9f9cevCym8,فرزاد فرزین,pop,1,0.5505877155670336,1
leave_one_artist_out,random_forest_balanced,4,4_vRhkav31tkI,فرزاد فرزین,pop,0,0.2849340928232584,0
leave_one_artist_out,random_forest_balanced,4,4_q4kQ5Eor5vM,فرزاد فرزین,pop,0,0.2681975943855957,0
leave_one_artist_out,random_forest_balanced,4,4_ZdEe9HWpIMo,فرزاد فرزین,pop,0,0.17449962124328905,0
leave_one_artist_out,random_forest_balanced,4,4_ynz643RIo5o,فرزاد فرزین,pop,0,0.28366692198978866,0
leave_one_artist_out,random_forest_balanced,4,4_g7KvUmXIY60,فرزاد فرزین,pop,0,0.23830215361944856,0
leave_one_artist_out,random_forest_balanced,4,4_k9U11IVfTZc,فرزاد فرزین,pop,0,0.30834905907118537,0
leave_one_artist_out,random_forest_balanced,4,4_VpO87vdDXAc,فرزاد فرزین,pop,0,0.29351024456937586,0
leave_one_artist_out,random_forest_balanced,5,3_1RE2DZhrTkQ,محسن چاووشی,pop,0,0.6295959373812997,1
leave_one_artist_out,random_forest_balanced,5,3_gc_3dNm0fOU,محسن چاووشی,pop,0,0.455171128343711,0
leave_one_artist_out,random_forest_balanced,5,3_LGRg9gERUjU,محسن چاووشی,pop,1,0.44611804453892573,0
leave_one_artist_out,random_forest_balanced,5,3_AJ19i4EK1i0,محسن چاووشی,pop,1,0.44536362795786083,0
leave_one_artist_out,random_forest_balanced,5,3_GHXE50UFijM,محسن چاووشی,pop,0,0.44651808147368627,0
leave_one_artist_out,random_forest_balanced,5,3_XFBlfv-gEAo,محسن چاووشی,pop,1,0.3113099662193131,0
leave_one_artist_out,random_forest_balanced,5,3_tyQSLS1jZmY,محسن چاووشی,pop,1,0.45561919370142306,0
leave_one_artist_out,random_forest_balanced,5,3_46TdUtNAopg,محسن چاووشی,pop,1,0.4195940075723719,0
leave_one_artist_out,random_forest_balanced,5,3_iX1tw6ozWO4,محسن چاووشی,pop,0,0.34166187474935206,0
leave_one_artist_out,random_forest_balanced,5,3_z-GvlJJq7So,محسن چاووشی,pop,0,0.31208948847269397,0
leave_one_artist_out,random_forest_balanced,5,3_7YdC-IA-N0s,محسن چاووشی,pop,0,0.3876471149622562,0
leave_one_artist_out,random_forest_balanced,5,3_UhSnIS0P-cg,محسن چاووشی,pop,0,0.1330673583015545,0
leave_one_artist_out,random_forest_balanced,5,3_EBchKWBj1ko,محسن چاووشی,pop,1,0.4680838810537559,0
leave_one_artist_out,random_forest_balanced,5,3_MLBoUSr9vZI,محسن چاووشی,pop,1,0.4498841774773865,0
leave_one_artist_out,random_forest_balanced,5,3_CAPkrogfXJk,محسن چاووشی,pop,0,0.14864946346848934,0
leave_one_artist_out,random_forest_balanced,5,3__38Wou0AVcs,محسن چاووشی,pop,1,0.33771603939854805,0
leave_one_artist_out,random_forest_balanced,5,3_tmh17LnO0OU,محسن چاووشی,pop,1,0.3957096404811132,0
leave_one_artist_out,random_forest_balanced,5,3_H_GGwkKa6mM,محسن چاووشی,pop,1,0.4200043936217807,0
leave_one_artist_out,random_forest_balanced,5,3_JxwGTSxGCUM,محسن چاووشی,pop,1,0.6182333497892887,1
leave_one_artist_out,random_forest_balanced,5,3_kVmxQRyj-WA,محسن چاووشی,pop,1,0.3629708670224611,0
leave_one_artist_out,random_forest_balanced,5,3_chU8u8UCWg8,محسن چاووشی,pop,1,0.3000826284372632,0
leave_one_artist_out,random_forest_balanced,6,5_cDNDVtoJhik,محسن یگانه,pop,1,0.5273974452572778,1
leave_one_artist_out,random_forest_balanced,6,5_PY9m5mYMIdQ,محسن یگانه,pop,0,0.6521391029197061,1
leave_one_artist_out,random_forest_balanced,6,5_qXw9pCpyVEc,محسن یگانه,pop,0,0.5446356073724011,1
leave_one_artist_out,random_forest_balanced,6,5_witB-02AAao,محسن یگانه,pop,0,0.2792463802460338,0
leave_one_artist_out,random_forest_balanced,6,5_hh-9qSUxkFk,محسن یگانه,pop,0,0.5733424742117171,1
leave_one_artist_out,random_forest_balanced,6,5_OQjEpH0OXNo,محسن یگانه,pop,1,0.42671752029763554,0
leave_one_artist_out,random_forest_balanced,6,5_nphqnZf9Uc0,محسن یگانه,pop,0,0.45641982474732795,0
leave_one_artist_out,random_forest_balanced,6,5_u4y0jIoA9Yg,محسن یگانه,pop,0,0.4387271686434631,0
leave_one_artist_out,random_forest_balanced,6,5_n3_ViPY9yyk,محسن یگانه,pop,0,0.3923158737801127,0
leave_one_artist_out,random_forest_balanced,6,5_rL7sd3FqJ9A,محسن یگانه,pop,0,0.452104196225841,0
leave_one_artist_out,random_forest_balanced,6,5_EcsR7-i4wgQ,محسن یگانه,pop,1,0.5041374267293655,1
leave_one_artist_out,random_forest_balanced,6,5_sad2za8qPwQ,محسن یگانه,pop,1,0.5734741769486726,1
leave_one_artist_out,random_forest_balanced,7,1_UAuuh3c4Jyc,همایون شجریان,classic_fusion,0,0.5951630128582686,1
leave_one_artist_out,random_forest_balanced,7,1_DtHwreZyIh4,همایون شجریان,classic_fusion,0,0.5224354060409584,1
leave_one_artist_out,random_forest_balanced,7,1_f3_y_O1qFJc,همایون شجریان,classic_fusion,1,0.6013850073309445,1
leave_one_artist_out,random_forest_balanced,7,1_Nc23hVqxbzY,همایون شجریان,classic_fusion,0,0.7079164113375508,1
leave_one_artist_out,random_forest_balanced,7,1_FgJhzDxnA9o,همایون شجریان,classic_fusion,0,0.45810885305397425,0
leave_one_artist_out,random_forest_balanced,7,1_Cs0uWFNy4Tw,همایون شجریان,classic_fusion,0,0.6385049313554787,1
leave_one_artist_out,random_forest_balanced,7,1_qgFBMyxJ4eg,همایون شجریان,classic_fusion,0,0.5997133066562998,1
leave_one_artist_out,random_forest_balanced,7,1_qhKcG8m70FE,همایون شجریان,classic_fusion,0,0.6901618359133183,1
leave_one_artist_out,random_forest_balanced,8,9_sqemXVtZg4w,هیچکس,rap_hiphop,1,0.28513761958363276,0
leave_one_artist_out,random_forest_balanced,8,9_4qw3qTV4608,هیچکس,rap_hiphop,1,0.35701463277646767,0
leave_one_artist_out,random_forest_balanced,8,9_i_bLcFCdSIo,هیچکس,rap_hiphop,0,0.36832231062324283,0
leave_one_artist_out,random_forest_balanced,8,9_N_DwOWb3IPE,هیچکس,rap_hiphop,0,0.2937350707471288,0
leave_one_artist_out,random_forest_balanced,8,9_hnctT-Btbck,هیچکس,rap_hiphop,1,0.431179646648899,0
leave_one_artist_out,random_forest_balanced,8,9_nKY6vq97MzI,هیچکس,rap_hiphop,1,0.29241899595963433,0
leave_one_artist_out,random_forest_balanced,8,9_olvrvRd6l1A,هیچکس,rap_hiphop,0,0.451539244192933,0
leave_one_artist_out,random_forest_balanced,9,7_FiF32_QR_5c,گرشا رضایی,pop,0,0.19309921533490024,0
leave_one_artist_out,random_forest_balanced,9,7_Xq34n7EGX4U,گرشا رضایی,pop,0,0.22441430262810275,0
leave_one_artist_out,random_forest_balanced,9,7_tjso_6uA4e0,گرشا رضایی,pop,0,0.4948902720999433,0
leave_one_artist_out,random_forest_balanced,9,7_du58UVKaxBs,گرشا رضایی,pop,0,0.359966595713378,0
leave_one_artist_out,random_forest_balanced,9,7_p_XX3ITquXk,گرشا رضایی,pop,0,0.3424211639680565,0
leave_one_artist_out,random_forest_balanced,9,7_hti0pAu04_o,گرشا رضایی,pop,0,0.12301108306558767,0
leave_one_artist_out,random_forest_balanced,9,7_P5O0gKeBZ3U,گرشا رضایی,pop,0,0.1091241766664995,0
leave_one_artist_out,random_forest_balanced,9,7_iT7i_3xy9qs,گرشا رضایی,pop,0,0.36327543898595727,0
leave_one_artist_out,random_forest_balanced,9,7_ZEKGk8I7X34,گرشا رضایی,pop,0,0.40521894693633476,0
leave_one_artist_out,random_forest_balanced,9,7_qfDHsZ2Ncd4,گرشا رضایی,pop,0,0.2737952042209193,0
leave_one_artist_out,random_forest_balanced,9,7_XUGJ6f0DtIA,گرشا رضایی,pop,0,0.21143007173569833,0
