artist_id,artist_name_fa,category,candidate_rank,video_id,video_title,channel_id,channel_title,published_at,source_query,manual_status,notes,api_video_title,api_video_description,api_channel_id,api_channel_title,api_published_at,category_id,default_language,default_audio_language,duration,definition,caption,licensed_content,view_count,like_count,comment_count,privacy_status,embeddable,made_for_kids,duration_seconds,screening_status_v2,screening_reason_v2,source_type,source_status,source_notes,screening_status_v3,screening_reason_v3,content_review_status_v2,content_review_reason_v2,content_review_decision_source,final_screening_status_v4,final_screening_reason_v4
8,ساسی مانکن,rap_hiphop,6,zW6kjHP7mBE,sasy mankanninash nash ساسی مانکن نیناش ناش,UC5qpK8RV882s3J1aCI0umig,Ghaphlan Khaligh (Ghaflan Khaligh),2013-04-25T22:09:33Z,ساسی مانکن,pending_review,,sasy mankanninash nash ساسی مانکن نیناش ناش,ساسی مانکن نیناش ناش,UC5qpK8RV882s3J1aCI0umig,Ghaphlan Khaligh (Ghaflan Khaligh),2013-04-25T22:09:33Z,10,fa,,PT3M27S,sd,False,False,460061,2535.0,389.0,public,True,False,207,needs_review,insufficient_evidence,third_party_music,pending_review,sources_41_60_manual_audit_2026-07-10; confidence=medium,needs_source_review,pending_source_registry,,,,final_needs_source_review,source_registry_pending_review
8,ساسی مانکن,rap_hiphop,10,IuVfk1Co64w,Sasy Mankan Ft Radin Band  - Ninash Nash (HQ),UCpG143VsbN_aNlxkHC9n1rA,arian2009,2009-02-14T05:37:02Z,ساسی مانکن,pending_review,,Sasy Mankan Ft Radin Band  - Ninash Nash (HQ),,UCpG143VsbN_aNlxkHC9n1rA,arian2009,2009-02-14T05:37:02Z,10,en,,PT3M29S,sd,False,False,688116,2946.0,320.0,public,True,False,209,needs_review,insufficient_evidence,third_party_music,pending_review,sources_81_91_manual_audit_2026-07-10; confidence=medium,needs_source_review,pending_source_registry,,,,final_needs_source_review,source_registry_pending_review
8,ساسی مانکن,rap_hiphop,25,1VZWoJe5n-M,sasy mankan (tehroono la kon) new ساسی مانکن تهرونو ال‌ای کن,UCzIjGS-HRN9NNK3fkkv9fsw,pedro xavi,2010-02-23T19:36:24Z,ساسی مانکن,pending_review,,sasy mankan (tehroono la kon) new ساسی مانکن تهرونو ال‌ای کن, ,UCzIjGS-HRN9NNK3fkkv9fsw,pedro xavi,2010-02-23T19:36:24Z,10,fa,,PT3M33S,sd,False,False,870533,3686.0,433.0,public,True,False,213,needs_review,insufficient_evidence,third_party_music,pending_review,sources_81_91_manual_audit_2026-07-10; confidence=medium,needs_source_review,pending_source_registry,,,,final_needs_source_review,source_registry_pending_review
2,علیرضا قربانی,classic_fusion,8,3c7DOo5V1rE,هزار و یک شب با صدای علیرضا قربانی و سحر بروجردی,UCkpVRmYsrxg4I8SsTQA2CkA,Masoud Masoumi,2025-12-20T22:40:14Z,علیرضا قربانی,pending_review,,هزار و یک شب با صدای علیرضا قربانی و سحر بروجردی,"آهنگ تیتراژ سریال هزار و یک شب با صدای علیرضا قربانی و سحر بروجردی
آهنگساز: سهراب پورناظری
ترانه: حسین غیاثی
تنظیم : آرش سلامیه، سیامند محمدی
#علیرضاقربانی #هزار_و_یک_شب #سحر_محمدی",UCkpVRmYsrxg4I8SsTQA2CkA,Masoud Masoumi,2025-12-20T22:40:14Z,10,fa,,PT3M33S,hd,False,True,63335,862.0,50.0,public,True,False,213,needs_review,music_category_and_licensed_but_no_release_pattern,third_party_music,pending_review,sources_21_40_manual_audit_2026-07-10; confidence=medium,needs_source_review,pending_source_registry,,,,final_needs_source_review,source_registry_pending_review
2,علیرضا قربانی,classic_fusion,10,29oAkPxzg-Y,اجرای زنده و باشکوه &quot;من عاشق چشمت شدم&quot;، علیرضا قربانی، Alireza Ghorbani  Vancouver Opera Orchestra,UC9PxiuAlnUmaAhe52mYeXeQ,Mohammad Fazlali,2019-05-04T11:40:24Z,علیرضا قربانی,pending_review,,"اجرای زنده و باشکوه ""من عاشق چشمت شدم""، علیرضا قربانی، Alireza Ghorbani  Vancouver Opera Orchestra","©Copyright.  all rights reserved

اجرای قطعه ""من عاشق چشمت شدم"" در کنسرت ناگهان رستخیز در ونکوور - ۲۰ ژانویه ۲۰۱۹ در سالن ارفیوم
ٱهنگساز: فردین خلعتبری 
خواننده: علیرضا قربانی 
شعر: افشین یداللهی
رهبر ارکستر: لسلی دالا
ارکستر سمفونیک اپرای ونکوور و گروه کر باخ ونکوور  

طراح، تهیه کننده و برگزار کننده کنسرت: محمد فضلعلی 

Man Asheghe Chashmat Shodam
Composer: Fardin Khalatbari
Vocalist: Alireza Ghorbani
Lyrics: Afshin Yadollahi
Conductor: Leslie Dala
Vancouver Opera Orchestra
Vancouver Bach choir 

Producer & Creative Director: 
Mohammad Fazlali

Performed at Resurrection Concert
January 20, 2019
Orpheum Theatre - Vancouver

وقتی گریبان عدم با دست خلقت می درید
وقتی ابد چشم تو را پیش از ازل می آفرید
وقتی زمین ناز تو را در آسمانها می کشید
وقتی عطش طعم تو را با اشکهایم می چشید
من عاشق چشمت شدم ، نه عقل بود و نه دلی
چیزی نمیدانم از این دیوانگی و عاقلی
یک آن شد این عاشق شدن دنیا همان یک لحظه بود
آندم که چشمانت مرا از عمق چشمانم ربود
وقتی که من عاشق شدم شیطان به نامم سجده کرد
آدم زمینی تر شد و عالم به آدم سجده کرد
من بودم و چشمان تو ، نه آتشی و نه گِلی
چیزی نمیدانم از این دیوانگی و عاقلی
من عاشق چشمت شدم شاید کمی هم بیشتر
چیــزی در آن‌سوی یقین شاید کمی هم کیش تر
آغاز و ختم ماجرا لمس تماشای تو بود
دیگر فقط تصویر من در مردمکهای تو بود",UC9PxiuAlnUmaAhe52mYeXeQ,Mohammad Fazlali,2019-05-04T11:40:24Z,27,fa,,PT4M58S,hd,False,False,1399061,10825.0,839.0,public,True,False,298,needs_review,review_title_pattern_live_or_unplugged,third_party_music,pending_review,sources_21_40_manual_audit_2026-07-10; confidence=medium,needs_source_review,pending_source_registry,,,,final_needs_source_review,source_registry_pending_review
2,علیرضا قربانی,classic_fusion,13,BbcM0tM0GC0,علیرضا قربانی و عالیم قاسمف,UCg-gC2zxNjttTUiPMSuBydA,musics 212,2022-02-14T19:31:25Z,علیرضا قربانی,pending_review,,علیرضا قربانی و عالیم قاسمف,,UCg-gC2zxNjttTUiPMSuBydA,musics 212,2022-02-14T19:31:25Z,22,fa,,PT5M27S,sd,False,False,36266,594.0,0.0,public,True,True,327,needs_review,insufficient_evidence,third_party_music,pending_review,sources_61_80_manual_audit_2026-07-10; confidence=low,needs_source_review,pending_source_registry,,,,final_needs_source_review,source_registry_pending_review
2,علیرضا قربانی,classic_fusion,22,Sd4QvJXv1Lc,علیرضا قربانی - رسوای زمانه - Alireza Ghorbani - Rosvaye Zamaneh,UCU5NicMWNILYk1nbxJkCzsA,Faranak99,2012-12-21T09:59:26Z,علیرضا قربانی,pending_review,,علیرضا قربانی - رسوای زمانه - Alireza Ghorbani - Rosvaye Zamaneh,"نی حدیث راه پر خون می کند
قصه های عشق مجنون می کند
در غم ما روزها ، بی گاه شد
روزها با سوزها همراه شد
روزها گر رفت ، گو رو ، باک نیست
تو بمان ، تو بمان ، ای آن که چون تو پاک نیست
تو بمان ، ای آن که چون تو پاک نیست

شمع و پروانه منم ، مست می خانه منم
رسوای زمانه منم ، دیوانه منم
رسوای زمانه منم ، دیوانه منم

یار پیمانه منم ، از خود بیگانه منم
رسوای زمانه منم ، دیوانه منم
رسوای زمانه منم ، دیوانه منم

چون باد صبا در به درم ، با عشق و جنون هم سفرم
شمع شب بی سحرم ، از خود نبود خبرم
رسوای زمانه منم ، دیوانه منم
رسوای زمانه منم ، دیوانه منم

تو ای خدای من ، شنو نوای من
زمین و آسمان تو ، می لرزد به زیر پای من
مه و ستارگان تو ، می سوزد به ناله های من
رسوای زمانه منم ، دیوانه منم
رسوای زمانه منم ، دیوانه منم

وای از این شیدا ، دل من
مست و بی پروا ، دل من
مجنون هر صحرا ، دل من
رسوا دل من ، رسوا دل من

لاله ی تنها ، دل من
داغ حسرت ها ، دل من
سرمایه ی سودا ، دل من
رسوا دل من ، رسوا دل من

خاک سر پروانه منم ، خون دل پیمانه منم
چون شور ترانه تویی ، چون آه شبانه منم
رسوای زمانه منم ، دیوانه منم
رسوای زمانه منم ، دیوانه منم

ترانه سرا : مولوی ، بهادر یگانه
 آهنگ ساز : همایون خرم",UCU5NicMWNILYk1nbxJkCzsA,Faranak99,2012-12-21T09:59:26Z,10,fa,,PT8M16S,sd,False,False,4942724,15603.0,1248.0,public,True,False,496,needs_review,insufficient_evidence,third_party_music,pending_review,sources_61_80_manual_audit_2026-07-10; confidence=medium,needs_source_review,pending_source_registry,,,,final_needs_source_review,source_registry_pending_review
2,علیرضا قربانی,classic_fusion,23,9e0CNWSqDC4,"امشب در سر شوری دارم-  علیرضا قربانی، شهرداد روحانی   Ghorbani,  Rohani , Roshan Ravan, Khorram",UC9PxiuAlnUmaAhe52mYeXeQ,Mohammad Fazlali,2021-03-03T19:33:37Z,علیرضا قربانی,pending_review,,"امشب در سر شوری دارم-  علیرضا قربانی، شهرداد روحانی   Ghorbani,  Rohani , Roshan Ravan, Khorram","اوج ٱسمان ( امشب در سر شوری دارم)
ٱهنگساز: همایون خرم
تنظیم: کامبیز روشن روان
خواننده: علیرضا قربانی
شعر : کریم فکور 
رهبر ارکستر: شهرداد روحانی 
ارکستر سمفونیک اپرای ونکوور 
اجرا در کنسرت  شب موسیقی ایرانی ( همه ایرانم)
سالن کویین الیزابت - ونکوور، کانادا
ششم ژانویه ۲۰۱۸
طراح و تهیه کننده: محمد فضلعلی 

Oje Aseman
Composer: Homayoun Khorram
Arrangement : Kambiz Roshan Ravan
Vocalist: Alireza Ghorbani
Lyrics: Karim Fakour
Vancouver Opera Orcheastra 
Conducted by: Shardad Rohani
Performed at ""A Persian Night"" Concert 
Producer & Creative Director: Mohammad Fazlali 
Queen Elizabeth Theatre
January 06, 2018",UC9PxiuAlnUmaAhe52mYeXeQ,Mohammad Fazlali,2021-03-03T19:33:37Z,27,fa,en-US,PT6M51S,hd,False,False,3103480,23409.0,1188.0,public,True,False,411,needs_review,insufficient_evidence,third_party_music,pending_review,sources_21_40_manual_audit_2026-07-10; confidence=medium,needs_source_review,pending_source_registry,,,,final_needs_source_review,source_registry_pending_review
3,محسن چاووشی,pop,5,G2276gC50CM,ویدئوی «حسبی الله» محسن چاوشی ,UCaBf4RgTCzJIEnvOlNuxYKw,Sedkhareji | سدخارجی,2026-03-11T21:03:15Z,محسن چاووشی,pending_review,,ویدئوی «حسبی الله» محسن چاوشی ,,UCaBf4RgTCzJIEnvOlNuxYKw,Sedkhareji | سدخارجی,2026-03-11T21:03:15Z,1,fa,fa,PT4M28S,hd,False,False,90846,4991.0,1233.0,public,True,False,268,needs_review,insufficient_evidence,third_party_music,pending_review,sources_61_80_manual_audit_2026-07-10; confidence=medium,needs_source_review,pending_source_registry,,,,final_needs_source_review,source_registry_pending_review
5,محسن یگانه,pop,14,xA--y2WpycM,Morteza Pashaei &amp; Mohsen Yeganeh - Yeki Hast I Live In Concert (مرتضی پاشایی و محسن یگانه - یکی هست),UCVJZW-tOn3hFgeh0kZpSbjw,Mehdi Kord Art Group,2023-11-16T08:30:14Z,محسن یگانه,pending_review,,Morteza Pashaei & Mohsen Yeganeh - Yeki Hast I Live In Concert (مرتضی پاشایی و محسن یگانه - یکی هست),"Subscribe For More Videos : 
http://bit.ly/MehdiKordOfficial

Official Live In Concert By Morteza Pashaei Performing “ Yeki Hast “

►Official Lyrics :
""متن آهنگ یکی هست از مرتضی پاشایی""

یکی هست توو قلبم که هر شب واسه اون مینویسم و اون خوابه

نمیخوام بدونه واسه اونه که قلب من این همه بی تابه

یه کاغذ یه خودکار دوباره شده همدمه این دل دیوونه

یه نامه که خیسه پر از اشکه و کسی بازم اونو نمیخونه

یه روز همینجا تووی اتاقم یه دفعه گفت داره میره

چیزی نگفتم آخه نخواستم دلشو غصه بگیره

گریه میکردم درو که می بست میدونستم که میمیرم

اون عزیزم بود نمیتونستم جلوی راهشو بگیرم

میترسم یه روزی برسه که اونو نبینم بمیرم تنها

خدایا کمک کن نمیخوام بدونه دارم جون میکَنم اینجا

سکوته اتاقو داره میشکنه تیک تاک ساعت رو دیوار

دوباره نمیخواد بشه باور من که دیگه نمیاد انگار

میترسم یه روزی برسه که اونو نبینم بمیرم تنها

خدایا کمک کن نمیخوام بدونه دارم جون میکَنم اینجا

سکوته اتاقو داره میکشنه تیک تاک ساعت رو دیوار

دوباره نمیخواد بشه باور من که دیگه نمیاد انگار

یه روز همینجا تووی اتاقم یه دفعه گفت داره میره

چیزی نگفتم آخه نخواستم دلشو غصه بگیره

گریه میکردم درو که میبست میدونستم که میمیرم

اون عزیزم بود نمیتونستم جلوی راهشو بگیرم

یکی هست توو قلبم که هر شب واسه اون مینویسم و اون خوابه

نمیخوام بدونه واسه اونه که قلب من این همه بی تابه

یه کاغذ یه خودکار دوباره شده همدم این دل دیوونه

یه نامه که خیسه پر از اشکه و کسی بازم اونو نمیخونه",UCVJZW-tOn3hFgeh0kZpSbjw,Mehdi Kord Art Group,2023-11-16T08:30:14Z,10,fa,fa-IR,PT4M24S,hd,False,True,1983594,16001.0,895.0,public,True,False,264,likely_non_release,non_release_title_pattern,third_party_music,pending_review,sources_21_40_manual_audit_2026-07-10; confidence=medium,needs_source_review,pending_source_registry,,,,final_needs_source_review,source_registry_pending_review
5,محسن یگانه,pop,21,F9A8TDUFFBk,Mohsen Yeganeh feat Chavoshi - Nashkan Delamo,UCCXJKONAosl9wdkS1x9XGvg,Justruler,2008-10-23T14:42:42Z,محسن یگانه,pending_review,,Mohsen Yeganeh feat Chavoshi - Nashkan Delamo,"Sargarmiye to shode bazi ba in dele ghamgino khastam

Yadet nemiad on hame gholo ghararai ke ba to bastam

Ba in hame zolm to bebin baz chejori paye in hame gholo ghararemoon man neshastam

Nashkan delamo be khoda aham migire damaneto aghebat ye rooz 

Nago bikhabari nago nemidoni delam por az ye nefrine sine sooz

Nago bikhabari nago nemidoni vaghti ke nisti gerye shode kare in dele ashegh shabo rooz

Divooone nakooon delamo aham migire damaneto aghebat ye roooz 

Nago bikhabari nago nemidoni delam por az ye nefrine sine sooz

Nago bikhabari nago nemidoni vaghti ke nisti gerye shode kare in dele ashegh shabo rooz",UCCXJKONAosl9wdkS1x9XGvg,Justruler,2008-10-23T14:42:42Z,10,en,,PT4M4S,sd,False,False,675048,7494.0,1273.0,public,True,False,244,needs_review,insufficient_evidence,third_party_music,pending_review,sources_41_60_manual_audit_2026-07-10; confidence=medium,needs_source_review,pending_source_registry,,,,final_needs_source_review,source_registry_pending_review
1,همایون شجریان,classic_fusion,5,kvGyhv2MSfQ,KHARIDAR Live Anoushiravan Rohani &amp; Homayoun Shajarian خریدار همایون شجریان و انوشیروان روحانی,UCfTyeE7jWJK6q7lTdIUv57w,Anoushiravan Rohani,2024-12-10T19:35:47Z,همایون شجریان,pending_review,,KHARIDAR Live Anoushiravan Rohani & Homayoun Shajarian خریدار همایون شجریان و انوشیروان روحانی,"قطعه خریدار
جدیرترین ساخته انوشیروان روحانی با اجرای همایون شجریان و شعر زنده یاد رهی معیری
اجراء زنده در مونیخ 
LIVE CONCERT IN MÜNCHEN 
Song : Kharidar
Singer: Homayoun Shajarian
Composer: Anoushiravan Rohani
Lyricist: Rahi Moayeri
--------------------
Official channel of Anoushiravan Rohani
Website: anoushiravanrohani.com
Instagram: @anoushiravanrohani


باید خریدارم شوی تا من خریدارت شوم
وز جان و دل یارم شوی تا عاشق زارت شوم
من نیستم چون دیگران بازیچه بازیگران
اول به دام آرم ترا و آنگه گرفتارت شوم",UCfTyeE7jWJK6q7lTdIUv57w,Anoushiravan Rohani,2024-12-10T19:35:47Z,10,fa,fa,PT6M10S,hd,False,True,82637,1283.0,93.0,public,True,False,370,needs_review,review_title_pattern_live_or_unplugged,artist_owned,pending_review,sources_21_40_manual_audit_2026-07-10; confidence=medium,needs_source_review,pending_source_registry,,,,final_needs_source_review,source_registry_pending_review
1,همایون شجریان,classic_fusion,8,hSTinyMVGtQ,آواز همایون شجریان - چه دانستم - غزل مولوی - دیوان شمس - چه دانستم که این سودا مرا زین سان کند مجنون,UCqZeJVn5evgB93CPe2QMypg,Naghmeha - Persian Songs and Poems نغمه ها و اشعار,2020-12-30T18:04:27Z,همایون شجریان,pending_review,,آواز همایون شجریان - چه دانستم - غزل مولوی - دیوان شمس - چه دانستم که این سودا مرا زین سان کند مجنون,"#shajarian #naghmeha

چه دانستم که این سودا مرا زین سان کند مجنون
دلم را دوزخی سازد دو چشمم را کند جیحون

چه دانستم که سیلابی مرا ناگاه برباید
چو کشتی ام دراندازد میان قلزم پرخون

زند موجی بر آن کشتی که تخته تخته بشکافد
که هر تخته فروریزد ز گردش‌های گوناگون

نهنگی هم برآرد سر خورد آن آب دریا را
چنان دریای بی‌پایان شود بی‌آب چون هامون

شکافد نیز آن هامون نهنگ بحرفرسا را
کشد در قعر ناگاهان به دست قهر چون قارون

چو این تبدیل‌ها آمد نه هامون ماند و نه دریا
چه دانم من دگر چون شد که چون غرق است در بی‌چون

چه دانم‌های بسیار است لیکن من نمی‌دانم
که خوردم از دهان بندی در این دریا کفی افیون",UCqZeJVn5evgB93CPe2QMypg,Naghmeha - Persian Songs and Poems نغمه ها و اشعار,2020-12-30T18:04:27Z,22,fa,,PT6M12S,hd,False,False,250374,3408.0,303.0,public,True,False,372,needs_review,insufficient_evidence,third_party_music,pending_review,sources_81_91_manual_audit_2026-07-10; confidence=medium,needs_source_review,pending_source_registry,,,,final_needs_source_review,source_registry_pending_review
1,همایون شجریان,classic_fusion,12,LApNZRnreYI,مرغ سحر با صدای همایون شجریان و عبیر نعمه | &quot;Morgh-e Sahar&quot; - Homayoun Shajarian &amp; Abeer Nehme,UCG6dTZjThIJih8BBkeS3FaA,Hafdang Old Channel | کانال قدیمی هفدانگ,2020-06-19T17:54:28Z,همایون شجریان,pending_review,,"مرغ سحر با صدای همایون شجریان و عبیر نعمه | ""Morgh-e Sahar"" - Homayoun Shajarian & Abeer Nehme","در این کانال ویدیوی جدیدی منتشر نخواهد شد. کانال جدید هفدانگ موسیقی: 
We don't publish videos in this channel anymore. Link to the Hafdang Music new channel: https://www.youtube.com/channel/UCsw4KNotshPlpK2ZMshqE1g

تقدیم به تمام مردم جهان؛ مردمی که مهرشان مرز و نژاد نمی‌شناسد
فراتر از قرنطینه 
پروژه‌ای از ارکستر فیلارمونیک تهران
بازآفرینی آرش گوران از قطعه «مرغ سحر» مرتضی نی‌داوود
شعر: محمد تقی بهار
با صداى همايون شجريان و همراهى عبير نعمه، خواننده لبنانی

مرغ سحر ناله سر کن
داغ مرا تازه‌تر کن
زآه شرربار این قفس را
برشکن و زیر و زبر کن

بلبل پربسته! ز کنج قفس درآ
نغمهٔ آزادی نوع بشر سرا
وز نفسی عرصهٔ این خاک توده را
پر شرر کن

ظلم ظالم، جور صیاد
شیانم داده بر باد
ای خدا! ای فلک! ای طبیعت!
شام تاریک ما را سحر کن

نوبهار است، گل به بار است
ابر چشمم ژاله‌بار است
این قفس چون دلم تنگ و تار است
شعله فکن در قفس، ای آه آتشین!
دست طبیعت! گل عمر مرا مچین
جانب عاشق، نگه ای تازه گل! از این
بیشتر کن
مرغ بیدل! شرح هجران مختصر، مختصر، مختصر کن

--------
To all the people of the world,
Whose love goes beyond borders and races.
➖
Beyond the Quarantine
A project by the Tehran Philharmonic Orchestra

A Recomposition of “Morq-e Sahar” by Arash Gooran
Based on a folklore song by M. Neydavood
Lyrics by M. Bahar
➖
Vocal Soloists:
Homayoun Shajarian
Abeer Nehme
➖
Kamancheh:
Imamyar Hasanov

Harp:
Sioned Williams

Violin:
Lynn Chang
Roman Kholmatov
Tobias Feldmann
David Peralta Alegre
Jan Mráček
Pedram Faryousefi
Coraline Groen
Paniz Faryousefi

Viola:
Tabea Zimmermann
Rebecca Young
Muriel Razavi
Cello:
Alessio Pianelli
Brannon Cho

Contrabass:
Nabil Shehata

Artistic Director and Pianist:
Arash Gooran
International Relations Assistant:
Kimia Afshari

Lyrics Translator:
Hamid Khodapanahi
➖
Thanks to

Arash Ashourinia
Ali Birang
Gholamreza Sadeghi
Jean Pierre Boutros
Maike Fuchs
Pooria Manouchehri
Ali Reza Hosseinian
Masoud Ahmadi

-----------------------------------------
Turkish translation (by Yelda Şahin , with help of English translations)
Seher Kuşu (Dünya halkının tümüne sunulur, o halk ki sevgisi sınır ve ırk tanımaz.)
Homâyûn:
Seher kuşu inle ,
Dağlanmış yaramı tazele
 
Abîr:
Alevler saçan âhınla bu kafesi
Yık, alt üst eyle
 
Homâyûn ve Abîr:
Kanatları bağlı bülbül, çık kafesin köşesinden de
İnsanlığın özgürlük şarkısını söyle
Ve bir nefesle
Ver bu toprak yığını yeri ateşe
 
Homâyûn:
Zalimin zulmü, avcının eziyeti
Yuvamı dağıttı, verdi yele
 
Abîr:
Ey Hüda, ey felek, ey tabiat
Karanlık akşamımızı seher eyle
 
Homâyûn:
Ey Hüda, ey felek, ey tabiat
 
Homâyûn ve Abîr:
Karanlık gecemizi seher eyle",UCG6dTZjThIJih8BBkeS3FaA,Hafdang Old Channel | کانال قدیمی هفدانگ,2020-06-19T17:54:28Z,10,fa,fa,PT4M48S,hd,True,False,1286758,13651.0,1369.0,public,True,False,288,needs_review,insufficient_evidence,third_party_music,pending_review,sources_41_60_manual_audit_2026-07-10; confidence=medium,needs_source_review,pending_source_registry,,,,final_needs_source_review,source_registry_pending_review
1,همایون شجریان,classic_fusion,14,8Ss26p3Nh00,آواز خوانی فوق العاده زیبا و دلنشین همایون شجریان,UCAJbSaWpLovszCdQoGxa2mA,Ebrahim Mohamadi,2017-07-05T20:50:40Z,همایون شجریان,pending_review,,آواز خوانی فوق العاده زیبا و دلنشین همایون شجریان,خواندن تک بیت خافظ در مراسم بزرگ داشت حافظ با صدای جادویی و روح بخش همایون شجریان 💖💖,UCAJbSaWpLovszCdQoGxa2mA,Ebrahim Mohamadi,2017-07-05T20:50:40Z,22,fa,,PT2M31S,sd,False,False,41162,508.0,37.0,public,True,False,151,needs_review,insufficient_evidence,third_party_music,pending_review,sources_41_60_manual_audit_2026-07-10; confidence=low,needs_source_review,pending_source_registry,,,,final_needs_source_review,source_registry_pending_review
1,همایون شجریان,classic_fusion,23,0_UiKVdOBpE,"Hooman Khalatbari and  Simorq Orchestra,  Homayoun Shajarian.  همایون شجریان  اجرای ارکستر سیمرغ",UC9eV0XXaHkTvPYh0oIAvbfQ,simorq farhang,2012-03-08T10:47:33Z,همایون شجریان,pending_review,,"Hooman Khalatbari and  Simorq Orchestra,  Homayoun Shajarian.  همایون شجریان  اجرای ارکستر سیمرغ","https://soundcloud.com/simorqmusic/vanoushe
Hooman Khalatbari And Simorq Orhestra, Homayoun Shajarian .
اجرای پرقدرت ارکسترو کر سیمرغ به رهبری هومن خلعتبری ، آواز  همایون شجریان ، نوای نی پاشا هنجنی و صدای  سایه سدیفی
کنسرت سیمرغ : اثری از حمید متبسم  آواز همایون شجریان و رهبری هومن خلعتبری بر اشعاری از شاهنامه فردوسی
unday 2 Oct. 2011
Composer: Hamid Motebassem 
Vocal: Homayoun Shajarian
Conductor: Hooman Khalatbari
Ney (Bamboos Flute): PASHA HANJANI (Soloist)
Kamancheh І (bowed spike Violin): SINA JAHANABADI (Soloist)
SINA ALAM, MOSLEM ALIPOUR
Kamancheh П: ALIREZA DARYAEI, BEHNOOSH BEHNAMNIA
Gheizhak Alto (bowed Violin: REZA ABAEE, SHIMA SHAHMOHAMMADI
SAMANEH BAROOTI
Gheizhak Bass:  BITA GHASEMI, Mahdi Basirat
Santur (Dulcimer): POUYA SARAI (Soloist)
Tar І (Long-necked lute): POUYAN BIGLAR (Soloist), PADIDEH AHRAR NEJAD, POUYAN BIGLAR, Ramin Azimian 
Tar П: CIAVASH BORHANI, SAHAR SAKHAEI, MILAD ALIPOUR, Pejman Zahedian,
Barbat (Short-necked lute): ALI PAJOOHESHGAR (Soloist), MARJAN RAVANDI, MASOUD ABEDINI
Bam-Tar (Bass Long-necked lute): AVA AYOUBI, JALAL AMIRPOORSAEID,
TARGOL KHALIGHI
Choir soprano: SAYEH SODIFI (Soloist), GELAREH VAZIRIZADEH, SAEEDEH GHAZI
Choir Tenor: MAZYAR YOUNESI, NIMA KHADEMLOU, MAHYAR TAHMASBI
Percussion: SINA KHOSHKBIJARI, AFSHIN BABAEI, MAJID VATANIAN

آهنگساز :حمید متبسم
تکخوان: همایون شجریان
رهبر ارکستر: هومن خلعتبری hooman khalatbari
نی: پاشا هنجنی (تکنواز)
کمانچه І : سینا جهان آبادی (تکنواز)، سینا علم، مسلم علی پور
کمانچه П :  علیرضا دریائی، بهنوش بهنام نیا
قیژک آلتو: رضا آبائی، شیما شاه محمدی، سمانه باروتی
,مهدی بصیرت   ، بیتا قاسمی  قیژک بم:
سنتور: پویا سرایی (تکنواز)
تار І :  (، پدیده احرارنژاد، پویان بیگلر
تار П : سیاوش برهانی، سحر سخائی، میلاد علی پور
بربت: علی پژوهشگر (تکنواز)، مرجان راوندی، مسعود عابدینی
، پژمان زاهدیان  بمتار: آوا ایوبی، جلال امیرپورسعید، ترگل خلیقی
کر سوپرانو: سایه سدیفی (تکخوان)، گلاره وزیری زاده، سعیده قاضی
کر تنور: مازیار یونسی، نیما خادم لو، مهیار طهماسبی
ساز های کوبه ای: سینا خشک بیجاری، افشین بابائی، مجید وطنیان


http://www.simorq.org",UC9eV0XXaHkTvPYh0oIAvbfQ,simorq farhang,2012-03-08T10:47:33Z,10,fa,,PT25M20S,sd,False,False,1634546,,,public,True,False,1520,likely_non_release,too_long_over_15_minutes,artist_owned,pending_review,sources_41_60_manual_audit_2026-07-10; confidence=medium,needs_source_review,pending_source_registry,,,,final_needs_source_review,source_registry_pending_review
9,هیچکس,rap_hiphop,4,HtsfwsHP3pk,Hichkas - Oon Mesle Dadasham Bood (With Lyrics) | (هیچکس - اون مثل داداشم بود (متن آهنگ,UCk4z-69inYrGU91ekoiAdGA,FSocietySJ,2022-07-17T16:52:42Z,هیچکس,pending_review,,Hichkas - Oon Mesle Dadasham Bood (With Lyrics) | (هیچکس - اون مثل داداشم بود (متن آهنگ,"Rapper: Hichkas
Producer: Mahdyar
-------------------------------------------
کلام : هیچکس
آهنگساز : مهدیار
اگه خوشتون اومد برای دوستاتون به اشتراک بزارید
 لایک و سابسکرایب بکنید بیشترین حمایت رو کردید دمتون گرم",UCk4z-69inYrGU91ekoiAdGA,FSocietySJ,2022-07-17T16:52:42Z,10,fa,fa,PT3M16S,hd,False,False,315527,2589.0,158.0,public,True,False,196,needs_review,insufficient_evidence,fan_or_reupload,pending_review,sources_61_80_manual_audit_2026-07-10; confidence=medium,needs_source_review,pending_source_registry,,,,final_needs_source_review,source_registry_pending_review
9,هیچکس,rap_hiphop,15,VEGMR6Z_Vsc,هیچکس انتظارشو نداشت💀,UCtS_MyKAEqPJgw-WNPxb5cA,SINAVID,2026-07-08T13:14:50Z,هیچکس,pending_review,,هیچکس انتظارشو نداشت💀,"Orginal Video: @Nost009 

اگه خوشت اومد سابسکرایب کن🩸👇
https://www.youtube.com/@SINAVIDOFFICIAL

کانال های اجتماعی 🌀👇
🌐اینستاگرام :
https://www.instagram.com/sinavid1?igsh=MTlhMG5jMmM4MTMzeQ==

🔵 هشتگ ها 🔗:
#gtavi #gtavicecity #gta6 #جی_تی_ای",UCtS_MyKAEqPJgw-WNPxb5cA,SINAVID,2026-07-08T13:14:50Z,20,en,en,PT51S,hd,False,True,30388,891.0,26.0,public,True,False,51,likely_non_release,too_short_under_90_seconds,unknown,pending_review,sources_21_40_manual_audit_2026-07-10; confidence=low,needs_source_review,pending_source_registry,,,,final_needs_source_review,source_registry_pending_review
9,هیچکس,rap_hiphop,17,75PJxS6zVwo,Bazam kalan - Hichkas ft.Pishro (Lyrics) | (بازم کلان - هیچکس فیت پیشرو (بامتن,UC-nWrwyltC2ibR8jp5y9Ucg,Moltafet Therapy,2019-08-11T10:28:09Z,هیچکس,pending_review,,Bazam kalan - Hichkas ft.Pishro (Lyrics) | (بازم کلان - هیچکس فیت پیشرو (بامتن,"🔈 متن ترک بازم کلان از هیچکس و پیشرو با آهنگ سازی مهدیار آقاجانی.
ویدیو از من، صدا از ملتفت
#hichkas #pishro
_______________________________________________
Video by me, sound rights reserved to Moltafet & ُSaamet.
singed by Mehransaber from Gorgan 🔥",UC-nWrwyltC2ibR8jp5y9Ucg,Moltafet Therapy,2019-08-11T10:28:09Z,22,fa,,PT2M22S,hd,False,False,719658,6293.0,414.0,public,True,False,142,needs_review,insufficient_evidence,third_party_music,pending_review,sources_41_60_manual_audit_2026-07-10; confidence=medium,needs_source_review,pending_source_registry,,,,final_needs_source_review,source_registry_pending_review
9,هیچکس,rap_hiphop,19,s3ICyx96IM4,هیچکس &quot;یه روز خوب میاد&quot; hichkas,UCd26HBP85gdHjA_BXfDJS0Q,siavash1994,2010-03-28T18:40:58Z,هیچکس,pending_review,,"هیچکس ""یه روز خوب میاد"" hichkas","یه روز خوب میاد... که ما هم رو نکشیم به هم، نگاه بد نکنیم با هم دوست باشیم و دست بندازیم رو شونه های هم... ( آها ) مثل بچگی ها تو دبستان هیچ کدوممون هم نیستیم بیکار، در حال ساخت و ساز ایران واسه اینکه خسته نشی این بار، من خشت می ذارم، تو سیمان بعدِ این همه بارونِ خون بالاخره پیداش می شه رنگین کمون دیگه از سنگ، ابر نمی شه آسمون به سرخیِ لاله نمی شه آب جوب مؤذّن! اذان بگو



برای دانلود آهنگ به rapsun بروید.
... ( فریاد اعتراض )

تا جایی که یادمه این خاک همیشه ندا می داد
یه روز خوب میاد که هرج و مرج نیست و
تو شلوغی ها به جای فحش به هم شیرینی می دیم و زولبیا
بامیه
همه شنگولیم و همه چی عالیه
فقط جای رفیقامون که نیستن خالیه
خون می مونه تو رگ و آشنا، نمی شه با آسمون و آسفالت
دیگه فواره نمی کنه، لخته نمی شه
هیچ مادری سر خاک بچه نمی ره
خونه پناه گاه نیست و بیرون جنگ
وای از تو مثل بم ویرووونم
یا اصلاً مثل هیروشیما بعدِ بمب
نمـــــی دونم دارم آتیش می گیرم و این رو می خونم
پیش خودت شاید فکر کنی دیوونم
ولی یه روز خوب میاد این رو می دونم!
ولی یه روز خوب میاد این رو می دونم فریاد اعتراض ) ... )

راستی وقتی یه روز خوب میاد، شاید از ما چیزی نمونه جز خوبی ها
نااامن و خراب نیست، همه چی امن و امان
کرما هم قلقلکمون میدن و میشیم شادروان!
هه هه...
آسمون، بَه چه قشنگه
کنار قبر سبزه چمنه
هیچ مغزی نمی خواد در ره
فقط اگه صبر داشته باشی حلّه
دست اجنبی کوتاست از خاک
نگو اووووه! کو تا فردا
اگه نبودم می خوام یه قول بدی بهم
که هر سربازی دیدی گل بدی بهش
دیگه هیچ مرغی پشت میله نیست
هیچ زن آزاده ای بیوه نیست
دخترم بابات داره میاد خونه
آره...
برو واسه شام میز بچین!",UCd26HBP85gdHjA_BXfDJS0Q,siavash1994,2010-03-28T18:40:58Z,10,fa,,PT4M5S,sd,False,False,387014,3824.0,797.0,public,True,False,245,needs_review,insufficient_evidence,third_party_music,pending_review,sources_61_80_manual_audit_2026-07-10; confidence=medium,needs_source_review,pending_source_registry,,,,final_needs_source_review,source_registry_pending_review
9,هیچکس,rap_hiphop,20,U0llynq--ig,Reza Pishro X Putak | هیچکس یا فدایی؟ | EP06,UCa20QQoV4gaLv9XRki-ynWQ,PUTAK,2023-08-06T17:09:17Z,هیچکس,pending_review,,Reza Pishro X Putak | هیچکس یا فدایی؟ | EP06,"Stream [MY NEW SONGS] 👇

🎵Spotify: https://spoti.fi/3xyffGv
🎵SoundCloud: https://soundcloud.com/pooriaputak
🎵Apple Music: https://apple.co/3IAV2WY
🎵Last Music Video: https://bit.ly/3YPnnic

▬▬▬▬▬▬▬▬▬▬▬▬▬▬
⚡️Subscribe Channel:
⚡️https://bit.ly/4168uJN

⚡️ LETS HIT 1M SUBS ❤️🙏🏼❤️

درود به همگی
هرشب ویدئو جدید داریم با انواع سبک ها و ایده‌ های مختلف، لطفا سابسکرایب کنید و نوتیفیکیشن را روشن کنید تا به محض آپلود جدید اولین نفر بفهمید
▬▬▬▬▬▬▬▬▬▬▬▬▬▬
⏮ ویدیو روز قبل:
https://www.youtube.com/watch?v=5GQaB2l2NX0
▬▬▬▬▬▬▬▬▬▬▬▬▬▬
With King:
@rezapishrorail 
▬▬▬▬▬▬▬▬▬▬▬▬▬▬
Follow Putak:

📷 IG: https://www.instagram.com/braveputak
📩 Telegram: https://t.me/putakk
🎥 Tiktok: https://tiktok.com/@lilputi13
🌎 Twitter: https://www.twitter.com/putak1313
🎮 Twitch:  https://www.twitch.tv/pooriaputak
📖 Facebook: https://www.facebook.com/pooriaputak
🗣 Discord: https://discord.gg/putak
▬▬▬▬▬▬▬▬▬▬▬▬▬▬
Music In This Video: 

Audio Library Youtube ❤️


#pishro  #پیشرو #pootak",UCa20QQoV4gaLv9XRki-ynWQ,PUTAK,2023-08-06T17:09:17Z,22,fa,en,PT20M33S,hd,False,True,891706,27284.0,5841.0,public,True,False,1233,likely_non_release,too_long_over_15_minutes,unknown,pending_review,sources_21_40_manual_audit_2026-07-10; confidence=low,needs_source_review,pending_source_registry,,,,final_needs_source_review,source_registry_pending_review
9,هیچکس,rap_hiphop,25,my0kbHIpCMw,Rooye Jenazat Miraghsam Hichkasروی جنازت میرقصم هیچکس,UCObiBmofF-Cz-zmaA4AwUiQ,زن زندگی آزادی ,2025-05-30T18:14:04Z,هیچکس,pending_review,,Rooye Jenazat Miraghsam Hichkasروی جنازت میرقصم هیچکس,,UCObiBmofF-Cz-zmaA4AwUiQ,زن زندگی آزادی ,2025-05-30T18:14:04Z,22,fa,,PT4M39S,hd,False,False,29139,467.0,28.0,public,True,False,279,needs_review,insufficient_evidence,fan_or_reupload,pending_review,sources_61_80_manual_audit_2026-07-10; confidence=low,needs_source_review,pending_source_registry,,,,final_needs_source_review,source_registry_pending_review
