analysis_type,feature,feature_value,group_name,group_value,count,median_performance,mean_performance,high_or_top_rate,spearman_correlation,high_or_top_rate_percent,strategy_analysis_version
binary_feature_summary,is_iran_weekend_release,0.0,global,all,73,53.95,52.33027397260274,0.2465753424657534,,24.65753424657534,STRATEGY_PATTERN_V1
binary_feature_summary,is_iran_weekend_release,1.0,global,all,42,45.75,49.521190476190476,0.2857142857142857,,28.57142857142857,STRATEGY_PATTERN_V1
binary_feature_summary,title_has_official,0.0,global,all,81,50.0,50.24518518518518,0.25925925925925924,,25.925925925925924,STRATEGY_PATTERN_V1
binary_feature_summary,title_has_official,1.0,global,all,34,55.565,53.82764705882353,0.2647058823529412,,26.47058823529412,STRATEGY_PATTERN_V1
binary_feature_summary,title_has_music_video,0.0,global,all,89,54.55,54.23606741573033,0.33707865168539325,,33.70786516853933,STRATEGY_PATTERN_V1
binary_feature_summary,title_has_music_video,1.0,global,all,26,42.105000000000004,41.268846153846155,0.0,,0.0,STRATEGY_PATTERN_V1
binary_feature_summary,title_has_lyric_video,0.0,global,all,103,50.0,50.14038834951455,0.23300970873786409,,23.300970873786408,STRATEGY_PATTERN_V1
binary_feature_summary,title_has_lyric_video,1.0,global,all,12,71.055,61.294999999999995,0.5,,50.0,STRATEGY_PATTERN_V1
binary_feature_summary,title_has_visual,0.0,global,all,114,51.975,51.395526315789475,0.2631578947368421,,26.31578947368421,STRATEGY_PATTERN_V1
binary_feature_summary,title_has_visual,1.0,global,all,1,40.91,40.91,0.0,,0.0,STRATEGY_PATTERN_V1
binary_feature_summary,title_has_clip,0.0,global,all,111,51.32,50.94621621621621,0.26126126126126126,,26.126126126126124,STRATEGY_PATTERN_V1
binary_feature_summary,title_has_clip,1.0,global,all,4,56.69499999999999,61.2425,0.25,,25.0,STRATEGY_PATTERN_V1
binary_feature_summary,title_has_soundtrack,0.0,global,all,113,51.32,51.11920353982301,0.25663716814159293,,25.663716814159294,STRATEGY_PATTERN_V1
binary_feature_summary,title_has_soundtrack,1.0,global,all,2,61.765,61.765,0.5,,50.0,STRATEGY_PATTERN_V1
binary_feature_summary,title_has_alternative_version,0.0,global,all,114,50.66,51.1888596491228,0.2631578947368421,,26.31578947368421,STRATEGY_PATTERN_V1
binary_feature_summary,title_has_alternative_version,1.0,global,all,1,64.47,64.47,0.0,,0.0,STRATEGY_PATTERN_V1
binary_feature_summary,title_has_collaboration,0.0,global,all,108,49.34,50.31898148148148,0.25,,25.0,STRATEGY_PATTERN_V1
binary_feature_summary,title_has_collaboration,1.0,global,all,7,64.71,66.50714285714285,0.42857142857142855,,42.857142857142854,STRATEGY_PATTERN_V1
binary_feature_summary,title_contains_persian,0.0,global,all,29,54.55,54.64586206896552,0.3103448275862069,,31.03448275862069,STRATEGY_PATTERN_V1
binary_feature_summary,title_contains_persian,1.0,global,all,86,50.66,50.1775581395349,0.2441860465116279,,24.418604651162788,STRATEGY_PATTERN_V1
binary_feature_summary,title_contains_latin,1.0,global,all,115,51.32,51.30434782608695,0.2608695652173913,,26.08695652173913,STRATEGY_PATTERN_V1
binary_feature_summary,title_is_bilingual,0.0,global,all,29,54.55,54.64586206896552,0.3103448275862069,,31.03448275862069,STRATEGY_PATTERN_V1
binary_feature_summary,title_is_bilingual,1.0,global,all,86,50.66,50.1775581395349,0.2441860465116279,,24.418604651162788,STRATEGY_PATTERN_V1
binary_feature_summary,title_has_separator,0.0,global,all,5,27.27,36.46600000000001,0.2,,20.0,STRATEGY_PATTERN_V1
binary_feature_summary,title_has_separator,1.0,global,all,110,52.785,51.97881818181818,0.2636363636363636,,26.36363636363636,STRATEGY_PATTERN_V1
continuous_feature_correlation,release_hour_tehran,,global,all,115,,,,0.1110623358313893,,STRATEGY_PATTERN_V1
continuous_feature_correlation,days_since_previous_release,,global,all,106,,,,0.11120291812075599,,STRATEGY_PATTERN_V1
continuous_feature_correlation,title_character_count,,global,all,115,,,,0.0670785512733099,,STRATEGY_PATTERN_V1
continuous_feature_correlation,title_word_count,,global,all,115,,,,0.07404017480116183,,STRATEGY_PATTERN_V1
continuous_feature_correlation,duration_minutes,,global,all,115,,,,0.28449224912309695,,STRATEGY_PATTERN_V1
grouped_binary_summary,is_iran_weekend_release,0.0,category,classic_fusion,15,52.94,51.372666666666674,0.26666666666666666,,26.666666666666668,STRATEGY_PATTERN_V1
grouped_binary_summary,is_iran_weekend_release,1.0,category,classic_fusion,2,64.705,64.705,0.5,,50.0,STRATEGY_PATTERN_V1
grouped_binary_summary,title_has_music_video,0.0,category,classic_fusion,16,55.879999999999995,55.88249999999999,0.3125,,31.25,STRATEGY_PATTERN_V1
grouped_binary_summary,title_has_music_video,1.0,category,classic_fusion,1,5.88,5.88,0.0,,0.0,STRATEGY_PATTERN_V1
grouped_binary_summary,title_has_clip,0.0,category,classic_fusion,16,50.0,52.205625,0.3125,,31.25,STRATEGY_PATTERN_V1
grouped_binary_summary,title_has_clip,1.0,category,classic_fusion,1,64.71,64.71,0.0,,0.0,STRATEGY_PATTERN_V1
grouped_binary_summary,title_has_soundtrack,0.0,category,classic_fusion,15,52.94,51.76466666666668,0.26666666666666666,,26.666666666666668,STRATEGY_PATTERN_V1
grouped_binary_summary,title_has_soundtrack,1.0,category,classic_fusion,2,61.765,61.765,0.5,,50.0,STRATEGY_PATTERN_V1
grouped_binary_summary,title_has_collaboration,0.0,category,classic_fusion,15,47.06,49.01933333333333,0.26666666666666666,,26.666666666666668,STRATEGY_PATTERN_V1
grouped_binary_summary,title_has_collaboration,1.0,category,classic_fusion,2,82.35499999999999,82.35499999999999,0.5,,50.0,STRATEGY_PATTERN_V1
grouped_binary_summary,title_contains_persian,0.0,category,classic_fusion,2,55.88,55.88,0.5,,50.0,STRATEGY_PATTERN_V1
grouped_binary_summary,title_contains_persian,1.0,category,classic_fusion,15,52.94,52.54933333333334,0.26666666666666666,,26.666666666666668,STRATEGY_PATTERN_V1
grouped_binary_summary,title_is_bilingual,0.0,category,classic_fusion,2,55.88,55.88,0.5,,50.0,STRATEGY_PATTERN_V1
grouped_binary_summary,title_is_bilingual,1.0,category,classic_fusion,15,52.94,52.54933333333334,0.26666666666666666,,26.666666666666668,STRATEGY_PATTERN_V1
grouped_binary_summary,title_has_separator,0.0,category,classic_fusion,1,11.76,11.76,0.0,,0.0,STRATEGY_PATTERN_V1
grouped_binary_summary,title_has_separator,1.0,category,classic_fusion,16,55.879999999999995,55.515,0.3125,,31.25,STRATEGY_PATTERN_V1
grouped_binary_summary,is_iran_weekend_release,0.0,category,pop,45,55.26,54.73666666666667,0.28888888888888886,,28.888888888888886,STRATEGY_PATTERN_V1
grouped_binary_summary,is_iran_weekend_release,1.0,category,pop,31,44.74,44.73709677419354,0.1935483870967742,,19.35483870967742,STRATEGY_PATTERN_V1
grouped_binary_summary,title_has_official,0.0,category,pop,55,47.37,47.79927272727273,0.21818181818181817,,21.818181818181817,STRATEGY_PATTERN_V1
grouped_binary_summary,title_has_official,1.0,category,pop,21,60.53,58.1447619047619,0.3333333333333333,,33.33333333333333,STRATEGY_PATTERN_V1
grouped_binary_summary,title_has_music_video,0.0,category,pop,51,57.89,54.56647058823528,0.37254901960784315,,37.254901960784316,STRATEGY_PATTERN_V1
grouped_binary_summary,title_has_music_video,1.0,category,pop,25,44.74,42.684400000000004,0.0,,0.0,STRATEGY_PATTERN_V1
grouped_binary_summary,title_has_lyric_video,0.0,category,pop,64,48.025,48.6634375,0.203125,,20.3125,STRATEGY_PATTERN_V1
grouped_binary_summary,title_has_lyric_video,1.0,category,pop,12,71.055,61.294999999999995,0.5,,50.0,STRATEGY_PATTERN_V1
grouped_binary_summary,title_has_clip,0.0,category,pop,73,51.32,50.270410958904115,0.2465753424657534,,24.65753424657534,STRATEGY_PATTERN_V1
grouped_binary_summary,title_has_clip,1.0,category,pop,3,48.68,60.08666666666667,0.3333333333333333,,33.33333333333333,STRATEGY_PATTERN_V1
grouped_binary_summary,title_has_alternative_version,0.0,category,pop,75,50.0,50.473733333333335,0.25333333333333335,,25.333333333333336,STRATEGY_PATTERN_V1
grouped_binary_summary,title_has_alternative_version,1.0,category,pop,1,64.47,64.47,0.0,,0.0,STRATEGY_PATTERN_V1
grouped_binary_summary,title_has_collaboration,0.0,category,pop,73,50.0,50.48671232876712,0.2465753424657534,,24.65753424657534,STRATEGY_PATTERN_V1
grouped_binary_summary,title_has_collaboration,1.0,category,pop,3,63.16,54.82333333333333,0.3333333333333333,,33.33333333333333,STRATEGY_PATTERN_V1
grouped_binary_summary,title_contains_persian,0.0,category,pop,12,56.58,55.70166666666666,0.25,,25.0,STRATEGY_PATTERN_V1
grouped_binary_summary,title_contains_persian,1.0,category,pop,64,50.0,49.7121875,0.25,,25.0,STRATEGY_PATTERN_V1
grouped_binary_summary,title_is_bilingual,0.0,category,pop,12,56.58,55.70166666666666,0.25,,25.0,STRATEGY_PATTERN_V1
grouped_binary_summary,title_is_bilingual,1.0,category,pop,64,50.0,49.7121875,0.25,,25.0,STRATEGY_PATTERN_V1
grouped_binary_summary,title_has_separator,0.0,category,pop,2,67.105,67.105,0.5,,50.0,STRATEGY_PATTERN_V1
grouped_binary_summary,title_has_separator,1.0,category,pop,74,50.66,50.21337837837837,0.24324324324324326,,24.324324324324326,STRATEGY_PATTERN_V1
grouped_binary_summary,is_iran_weekend_release,0.0,category,rap_hiphop,13,50.0,45.105384615384615,0.07692307692307693,,7.6923076923076925,STRATEGY_PATTERN_V1
grouped_binary_summary,is_iran_weekend_release,1.0,category,rap_hiphop,9,77.27,62.625555555555565,0.5555555555555556,,55.55555555555556,STRATEGY_PATTERN_V1
grouped_binary_summary,title_has_official,0.0,category,rap_hiphop,9,63.64,60.10000000000001,0.4444444444444444,,44.44444444444444,STRATEGY_PATTERN_V1
grouped_binary_summary,title_has_official,1.0,category,rap_hiphop,13,50.0,46.853846153846156,0.15384615384615385,,15.384615384615385,STRATEGY_PATTERN_V1
grouped_binary_summary,title_has_visual,0.0,category,rap_hiphop,21,54.55,52.81380952380952,0.2857142857142857,,28.57142857142857,STRATEGY_PATTERN_V1
grouped_binary_summary,title_has_visual,1.0,category,rap_hiphop,1,40.91,40.91,0.0,,0.0,STRATEGY_PATTERN_V1
grouped_binary_summary,title_has_collaboration,0.0,category,rap_hiphop,20,47.725,50.68150000000001,0.25,,25.0,STRATEGY_PATTERN_V1
grouped_binary_summary,title_has_collaboration,1.0,category,rap_hiphop,2,68.185,68.185,0.5,,50.0,STRATEGY_PATTERN_V1
grouped_binary_summary,title_contains_persian,0.0,category,rap_hiphop,15,54.55,53.63666666666667,0.3333333333333333,,33.33333333333333,STRATEGY_PATTERN_V1
grouped_binary_summary,title_contains_persian,1.0,category,rap_hiphop,7,50.0,49.35000000000001,0.14285714285714285,,14.285714285714285,STRATEGY_PATTERN_V1
grouped_binary_summary,title_is_bilingual,0.0,category,rap_hiphop,15,54.55,53.63666666666667,0.3333333333333333,,33.33333333333333,STRATEGY_PATTERN_V1
grouped_binary_summary,title_is_bilingual,1.0,category,rap_hiphop,7,50.0,49.35000000000001,0.14285714285714285,,14.285714285714285,STRATEGY_PATTERN_V1
grouped_binary_summary,title_has_separator,0.0,category,rap_hiphop,2,18.18,18.18,0.0,,0.0,STRATEGY_PATTERN_V1
grouped_binary_summary,title_has_separator,1.0,category,rap_hiphop,20,56.82,55.681999999999995,0.3,,30.0,STRATEGY_PATTERN_V1
grouped_binary_summary,is_iran_weekend_release,0.0,artist_name_fa,ساسی مانکن,11,36.36,38.843636363636364,0.0,,0.0,STRATEGY_PATTERN_V1
grouped_binary_summary,is_iran_weekend_release,1.0,artist_name_fa,ساسی مانکن,4,52.269999999999996,54.545,0.5,,50.0,STRATEGY_PATTERN_V1
grouped_binary_summary,title_has_official,0.0,artist_name_fa,ساسی مانکن,2,18.18,18.18,0.0,,0.0,STRATEGY_PATTERN_V1
grouped_binary_summary,title_has_official,1.0,artist_name_fa,ساسی مانکن,13,50.0,46.853846153846156,0.15384615384615385,,15.384615384615385,STRATEGY_PATTERN_V1
grouped_binary_summary,title_has_collaboration,0.0,artist_name_fa,ساسی مانکن,14,34.09,42.207857142857144,0.14285714285714285,,14.285714285714285,STRATEGY_PATTERN_V1
grouped_binary_summary,title_has_collaboration,1.0,artist_name_fa,ساسی مانکن,1,54.55,54.55,0.0,,0.0,STRATEGY_PATTERN_V1
grouped_binary_summary,title_contains_persian,0.0,artist_name_fa,ساسی مانکن,8,22.725,37.50125,0.125,,12.5,STRATEGY_PATTERN_V1
grouped_binary_summary,title_contains_persian,1.0,artist_name_fa,ساسی مانکن,7,50.0,49.35000000000001,0.14285714285714285,,14.285714285714285,STRATEGY_PATTERN_V1
grouped_binary_summary,title_is_bilingual,0.0,artist_name_fa,ساسی مانکن,8,22.725,37.50125,0.125,,12.5,STRATEGY_PATTERN_V1
grouped_binary_summary,title_is_bilingual,1.0,artist_name_fa,ساسی مانکن,7,50.0,49.35000000000001,0.14285714285714285,,14.285714285714285,STRATEGY_PATTERN_V1
grouped_binary_summary,title_has_separator,0.0,artist_name_fa,ساسی مانکن,2,18.18,18.18,0.0,,0.0,STRATEGY_PATTERN_V1
grouped_binary_summary,title_has_separator,1.0,artist_name_fa,ساسی مانکن,13,50.0,46.853846153846156,0.15384615384615385,,15.384615384615385,STRATEGY_PATTERN_V1
grouped_binary_summary,is_iran_weekend_release,0.0,artist_name_fa,سهراب پاکزاد,5,21.05,33.422000000000004,0.0,,0.0,STRATEGY_PATTERN_V1
grouped_binary_summary,is_iran_weekend_release,1.0,artist_name_fa,سهراب پاکزاد,8,23.685000000000002,35.03375,0.125,,12.5,STRATEGY_PATTERN_V1
grouped_binary_summary,title_has_official,0.0,artist_name_fa,سهراب پاکزاد,12,24.340000000000003,35.527499999999996,0.08333333333333333,,8.333333333333332,STRATEGY_PATTERN_V1
grouped_binary_summary,title_has_official,1.0,artist_name_fa,سهراب پاکزاد,1,21.05,21.05,0.0,,0.0,STRATEGY_PATTERN_V1
grouped_binary_summary,title_has_music_video,0.0,artist_name_fa,سهراب پاکزاد,9,17.11,32.3111111111111,0.1111111111111111,,11.11111111111111,STRATEGY_PATTERN_V1
grouped_binary_summary,title_has_music_video,1.0,artist_name_fa,سهراب پاکزاد,4,36.185,39.145,0.0,,0.0,STRATEGY_PATTERN_V1
grouped_binary_summary,title_has_lyric_video,0.0,artist_name_fa,سهراب پاکزاد,8,19.735,27.13875,0.0,,0.0,STRATEGY_PATTERN_V1
grouped_binary_summary,title_has_lyric_video,1.0,artist_name_fa,سهراب پاکزاد,5,50.0,46.054,0.2,,20.0,STRATEGY_PATTERN_V1
grouped_binary_summary,title_has_collaboration,0.0,artist_name_fa,سهراب پاکزاد,11,21.05,33.61363636363637,0.09090909090909091,,9.090909090909092,STRATEGY_PATTERN_V1
grouped_binary_summary,title_has_collaboration,1.0,artist_name_fa,سهراب پاکزاد,2,38.815,38.815,0.0,,0.0,STRATEGY_PATTERN_V1
grouped_binary_summary,title_contains_persian,0.0,artist_name_fa,سهراب پاکزاد,4,56.58,48.355000000000004,0.0,,0.0,STRATEGY_PATTERN_V1
grouped_binary_summary,title_contains_persian,1.0,artist_name_fa,سهراب پاکزاد,9,18.42,28.21777777777778,0.1111111111111111,,11.11111111111111,STRATEGY_PATTERN_V1
grouped_binary_summary,title_is_bilingual,0.0,artist_name_fa,سهراب پاکزاد,4,56.58,48.355000000000004,0.0,,0.0,STRATEGY_PATTERN_V1
grouped_binary_summary,title_is_bilingual,1.0,artist_name_fa,سهراب پاکزاد,9,18.42,28.21777777777778,0.1111111111111111,,11.11111111111111,STRATEGY_PATTERN_V1
grouped_binary_summary,is_iran_weekend_release,0.0,artist_name_fa,علیرضا قربانی,7,64.71,58.82285714285714,0.42857142857142855,,42.857142857142854,STRATEGY_PATTERN_V1
grouped_binary_summary,is_iran_weekend_release,1.0,artist_name_fa,علیرضا قربانی,2,64.705,64.705,0.5,,50.0,STRATEGY_PATTERN_V1
grouped_binary_summary,title_has_music_video,0.0,artist_name_fa,علیرضا قربانی,8,73.53,66.91125,0.5,,50.0,STRATEGY_PATTERN_V1
grouped_binary_summary,title_has_music_video,1.0,artist_name_fa,علیرضا قربانی,1,5.88,5.88,0.0,,0.0,STRATEGY_PATTERN_V1
grouped_binary_summary,title_has_clip,0.0,artist_name_fa,علیرضا قربانی,8,70.585,59.5575,0.5,,50.0,STRATEGY_PATTERN_V1
grouped_binary_summary,title_has_clip,1.0,artist_name_fa,علیرضا قربانی,1,64.71,64.71,0.0,,0.0,STRATEGY_PATTERN_V1
grouped_binary_summary,title_has_soundtrack,0.0,artist_name_fa,علیرضا قربانی,7,64.71,59.66285714285714,0.42857142857142855,,42.857142857142854,STRATEGY_PATTERN_V1
grouped_binary_summary,title_has_soundtrack,1.0,artist_name_fa,علیرضا قربانی,2,61.765,61.765,0.5,,50.0,STRATEGY_PATTERN_V1
grouped_binary_summary,title_has_collaboration,0.0,artist_name_fa,علیرضا قربانی,7,58.82,53.78000000000001,0.42857142857142855,,42.857142857142854,STRATEGY_PATTERN_V1
grouped_binary_summary,title_has_collaboration,1.0,artist_name_fa,علیرضا قربانی,2,82.35499999999999,82.35499999999999,0.5,,50.0,STRATEGY_PATTERN_V1
grouped_binary_summary,title_contains_persian,0.0,artist_name_fa,علیرضا قربانی,2,55.88,55.88,0.5,,50.0,STRATEGY_PATTERN_V1
grouped_binary_summary,title_contains_persian,1.0,artist_name_fa,علیرضا قربانی,7,64.71,61.34428571428572,0.42857142857142855,,42.857142857142854,STRATEGY_PATTERN_V1
grouped_binary_summary,title_is_bilingual,0.0,artist_name_fa,علیرضا قربانی,2,55.88,55.88,0.5,,50.0,STRATEGY_PATTERN_V1
grouped_binary_summary,title_is_bilingual,1.0,artist_name_fa,علیرضا قربانی,7,64.71,61.34428571428572,0.42857142857142855,,42.857142857142854,STRATEGY_PATTERN_V1
grouped_binary_summary,title_has_separator,0.0,artist_name_fa,علیرضا قربانی,1,11.76,11.76,0.0,,0.0,STRATEGY_PATTERN_V1
grouped_binary_summary,title_has_separator,1.0,artist_name_fa,علیرضا قربانی,8,73.53,66.17625,0.5,,50.0,STRATEGY_PATTERN_V1
grouped_binary_summary,is_iran_weekend_release,0.0,artist_name_fa,فرزاد فرزین,10,54.605000000000004,45.263,0.1,,10.0,STRATEGY_PATTERN_V1
grouped_binary_summary,is_iran_weekend_release,1.0,artist_name_fa,فرزاد فرزین,9,44.74,42.105555555555554,0.0,,0.0,STRATEGY_PATTERN_V1
grouped_binary_summary,title_has_official,0.0,artist_name_fa,فرزاد فرزین,10,54.605000000000004,46.973,0.1,,10.0,STRATEGY_PATTERN_V1
grouped_binary_summary,title_has_official,1.0,artist_name_fa,فرزاد فرزین,9,44.74,40.20555555555555,0.0,,0.0,STRATEGY_PATTERN_V1
grouped_binary_summary,title_has_music_video,0.0,artist_name_fa,فرزاد فرزین,6,23.025000000000002,30.48166666666667,0.16666666666666666,,16.666666666666664,STRATEGY_PATTERN_V1
grouped_binary_summary,title_has_music_video,1.0,artist_name_fa,فرزاد فرزین,13,55.26,49.89923076923076,0.0,,0.0,STRATEGY_PATTERN_V1
grouped_binary_summary,title_has_clip,0.0,artist_name_fa,فرزاد فرزین,16,48.685,40.707499999999996,0.0,,0.0,STRATEGY_PATTERN_V1
grouped_binary_summary,title_has_clip,1.0,artist_name_fa,فرزاد فرزین,3,48.68,60.08666666666667,0.3333333333333333,,33.33333333333333,STRATEGY_PATTERN_V1
grouped_binary_summary,title_has_collaboration,0.0,artist_name_fa,فرزاد فرزین,18,46.71,41.37444444444444,0.0,,0.0,STRATEGY_PATTERN_V1
grouped_binary_summary,title_has_collaboration,1.0,artist_name_fa,فرزاد فرزین,1,86.84,86.84,1.0,,100.0,STRATEGY_PATTERN_V1
grouped_binary_summary,is_iran_weekend_release,0.0,artist_name_fa,محسن چاووشی,18,81.575,73.97555555555556,0.5555555555555556,,55.55555555555556,STRATEGY_PATTERN_V1
grouped_binary_summary,is_iran_weekend_release,1.0,artist_name_fa,محسن چاووشی,3,78.95,82.01666666666667,1.0,,100.0,STRATEGY_PATTERN_V1
grouped_binary_summary,title_has_official,0.0,artist_name_fa,محسن چاووشی,10,79.605,73.947,0.6,,60.0,STRATEGY_PATTERN_V1
grouped_binary_summary,title_has_official,1.0,artist_name_fa,محسن چاووشی,11,82.89,76.19454545454545,0.6363636363636364,,63.63636363636363,STRATEGY_PATTERN_V1
grouped_binary_summary,title_has_music_video,0.0,artist_name_fa,محسن چاووشی,19,82.89,78.94631578947369,0.6842105263157895,,68.42105263157895,STRATEGY_PATTERN_V1
grouped_binary_summary,title_has_music_video,1.0,artist_name_fa,محسن چاووشی,2,38.815,38.815,0.0,,0.0,STRATEGY_PATTERN_V1
grouped_binary_summary,title_has_lyric_video,0.0,artist_name_fa,محسن چاووشی,14,80.25999999999999,76.59571428571428,0.5714285714285714,,57.14285714285714,STRATEGY_PATTERN_V1
grouped_binary_summary,title_has_lyric_video,1.0,artist_name_fa,محسن چاووشی,7,80.26,72.18142857142857,0.7142857142857143,,71.42857142857143,STRATEGY_PATTERN_V1
grouped_binary_summary,title_has_alternative_version,0.0,artist_name_fa,محسن چاووشی,20,81.575,75.657,0.65,,65.0,STRATEGY_PATTERN_V1
grouped_binary_summary,title_has_alternative_version,1.0,artist_name_fa,محسن چاووشی,1,64.47,64.47,0.0,,0.0,STRATEGY_PATTERN_V1
grouped_binary_summary,title_contains_persian,0.0,artist_name_fa,محسن چاووشی,4,65.13,64.1425,0.5,,50.0,STRATEGY_PATTERN_V1
grouped_binary_summary,title_contains_persian,1.0,artist_name_fa,محسن چاووشی,17,80.26,77.70823529411764,0.6470588235294118,,64.70588235294117,STRATEGY_PATTERN_V1
grouped_binary_summary,title_is_bilingual,0.0,artist_name_fa,محسن چاووشی,4,65.13,64.1425,0.5,,50.0,STRATEGY_PATTERN_V1
grouped_binary_summary,title_is_bilingual,1.0,artist_name_fa,محسن چاووشی,17,80.26,77.70823529411764,0.6470588235294118,,64.70588235294117,STRATEGY_PATTERN_V1
grouped_binary_summary,title_has_separator,0.0,artist_name_fa,محسن چاووشی,1,98.68,98.68,1.0,,100.0,STRATEGY_PATTERN_V1
grouped_binary_summary,title_has_separator,1.0,artist_name_fa,محسن چاووشی,20,79.605,73.9465,0.6,,60.0,STRATEGY_PATTERN_V1
grouped_binary_summary,is_iran_weekend_release,0.0,artist_name_fa,محسن یگانه,5,52.63,51.315999999999995,0.4,,40.0,STRATEGY_PATTERN_V1
grouped_binary_summary,is_iran_weekend_release,1.0,artist_name_fa,محسن یگانه,7,57.89,51.879999999999995,0.2857142857142857,,28.57142857142857,STRATEGY_PATTERN_V1
grouped_binary_summary,title_contains_persian,0.0,artist_name_fa,محسن یگانه,3,67.11,67.54666666666667,0.3333333333333333,,33.33333333333333,STRATEGY_PATTERN_V1
grouped_binary_summary,title_contains_persian,1.0,artist_name_fa,محسن یگانه,9,52.63,46.34444444444444,0.3333333333333333,,33.33333333333333,STRATEGY_PATTERN_V1
grouped_binary_summary,title_is_bilingual,0.0,artist_name_fa,محسن یگانه,3,67.11,67.54666666666667,0.3333333333333333,,33.33333333333333,STRATEGY_PATTERN_V1
grouped_binary_summary,title_is_bilingual,1.0,artist_name_fa,محسن یگانه,9,52.63,46.34444444444444,0.3333333333333333,,33.33333333333333,STRATEGY_PATTERN_V1
grouped_binary_summary,title_has_separator,0.0,artist_name_fa,محسن یگانه,1,35.53,35.53,0.0,,0.0,STRATEGY_PATTERN_V1
grouped_binary_summary,title_has_separator,1.0,artist_name_fa,محسن یگانه,11,57.89,53.10999999999999,0.36363636363636365,,36.36363636363637,STRATEGY_PATTERN_V1
grouped_binary_summary,is_iran_weekend_release,0.0,artist_name_fa,هیچکس,2,79.545,79.545,0.5,,50.0,STRATEGY_PATTERN_V1
grouped_binary_summary,is_iran_weekend_release,1.0,artist_name_fa,هیچکس,5,81.82,69.09,0.6,,60.0,STRATEGY_PATTERN_V1
grouped_binary_summary,title_has_visual,0.0,artist_name_fa,هیچکس,6,84.09,77.27166666666666,0.6666666666666666,,66.66666666666666,STRATEGY_PATTERN_V1
grouped_binary_summary,title_has_visual,1.0,artist_name_fa,هیچکس,1,40.91,40.91,0.0,,0.0,STRATEGY_PATTERN_V1
grouped_binary_summary,title_has_collaboration,0.0,artist_name_fa,هیچکس,6,75.0,70.45333333333333,0.5,,50.0,STRATEGY_PATTERN_V1
grouped_binary_summary,title_has_collaboration,1.0,artist_name_fa,هیچکس,1,81.82,81.82,1.0,,100.0,STRATEGY_PATTERN_V1
grouped_binary_summary,is_iran_weekend_release,0.0,artist_name_fa,گرشا رضایی,7,34.21,36.46714285714286,0.0,,0.0,STRATEGY_PATTERN_V1
grouped_binary_summary,is_iran_weekend_release,1.0,artist_name_fa,گرشا رضایی,4,25.0,29.605000000000004,0.0,,0.0,STRATEGY_PATTERN_V1
grouped_binary_summary,title_has_music_video,0.0,artist_name_fa,گرشا رضایی,5,42.11,37.896,0.0,,0.0,STRATEGY_PATTERN_V1
grouped_binary_summary,title_has_music_video,1.0,artist_name_fa,گرشا رضایی,6,25.66,30.701666666666668,0.0,,0.0,STRATEGY_PATTERN_V1
grouped_binary_summary,title_contains_persian,0.0,artist_name_fa,گرشا رضایی,1,15.79,15.79,0.0,,0.0,STRATEGY_PATTERN_V1
grouped_binary_summary,title_contains_persian,1.0,artist_name_fa,گرشا رضایی,10,32.894999999999996,35.79,0.0,,0.0,STRATEGY_PATTERN_V1
grouped_binary_summary,title_is_bilingual,0.0,artist_name_fa,گرشا رضایی,1,15.79,15.79,0.0,,0.0,STRATEGY_PATTERN_V1
grouped_binary_summary,title_is_bilingual,1.0,artist_name_fa,گرشا رضایی,10,32.894999999999996,35.79,0.0,,0.0,STRATEGY_PATTERN_V1
grouped_continuous_correlation,release_hour_tehran,,category,classic_fusion,17,,,,-0.11446260046266356,,STRATEGY_PATTERN_V1
grouped_continuous_correlation,days_since_previous_release,,category,classic_fusion,15,,,,0.33928571428571425,,STRATEGY_PATTERN_V1
grouped_continuous_correlation,title_character_count,,category,classic_fusion,17,,,,0.029502290511532345,,STRATEGY_PATTERN_V1
grouped_continuous_correlation,title_word_count,,category,classic_fusion,17,,,,-0.04195037983773235,,STRATEGY_PATTERN_V1
grouped_continuous_correlation,duration_minutes,,category,classic_fusion,17,,,,0.11519607843137256,,STRATEGY_PATTERN_V1
grouped_continuous_correlation,release_hour_tehran,,category,pop,76,,,,0.18344367554230712,,STRATEGY_PATTERN_V1
grouped_continuous_correlation,days_since_previous_release,,category,pop,71,,,,0.08832997987927564,,STRATEGY_PATTERN_V1
grouped_continuous_correlation,title_character_count,,category,pop,76,,,,0.12739246528793283,,STRATEGY_PATTERN_V1
grouped_continuous_correlation,title_word_count,,category,pop,76,,,,0.17284106027517673,,STRATEGY_PATTERN_V1
grouped_continuous_correlation,duration_minutes,,category,pop,76,,,,0.34482475981912997,,STRATEGY_PATTERN_V1
grouped_continuous_correlation,release_hour_tehran,,category,rap_hiphop,22,,,,-0.01798812438305739,,STRATEGY_PATTERN_V1
grouped_continuous_correlation,days_since_previous_release,,category,rap_hiphop,20,,,,0.06917293233082707,,STRATEGY_PATTERN_V1
grouped_continuous_correlation,title_character_count,,category,rap_hiphop,22,,,,-0.16407387189441627,,STRATEGY_PATTERN_V1
grouped_continuous_correlation,title_word_count,,category,rap_hiphop,22,,,,-0.2307403518706052,,STRATEGY_PATTERN_V1
grouped_continuous_correlation,duration_minutes,,category,rap_hiphop,22,,,,0.1463277069692168,,STRATEGY_PATTERN_V1
grouped_continuous_correlation,release_hour_tehran,,artist_name_fa,ساسی مانکن,15,,,,0.10881350563577277,,STRATEGY_PATTERN_V1
grouped_continuous_correlation,days_since_previous_release,,artist_name_fa,ساسی مانکن,14,,,,0.16483516483516483,,STRATEGY_PATTERN_V1
grouped_continuous_correlation,title_character_count,,artist_name_fa,ساسی مانکن,15,,,,0.27598743585207175,,STRATEGY_PATTERN_V1
grouped_continuous_correlation,title_word_count,,artist_name_fa,ساسی مانکن,15,,,,0.12423329619111784,,STRATEGY_PATTERN_V1
grouped_continuous_correlation,duration_minutes,,artist_name_fa,ساسی مانکن,15,,,,0.44146577056219555,,STRATEGY_PATTERN_V1
grouped_continuous_correlation,release_hour_tehran,,artist_name_fa,سهراب پاکزاد,13,,,,0.197511997131792,,STRATEGY_PATTERN_V1
grouped_continuous_correlation,days_since_previous_release,,artist_name_fa,سهراب پاکزاد,12,,,,0.06993006993006995,,STRATEGY_PATTERN_V1
grouped_continuous_correlation,title_character_count,,artist_name_fa,سهراب پاکزاد,13,,,,0.19834786007420713,,STRATEGY_PATTERN_V1
grouped_continuous_correlation,title_word_count,,artist_name_fa,سهراب پاکزاد,13,,,,0.2216143007003597,,STRATEGY_PATTERN_V1
grouped_continuous_correlation,duration_minutes,,artist_name_fa,سهراب پاکزاد,13,,,,0.09890109890109891,,STRATEGY_PATTERN_V1
grouped_continuous_correlation,release_hour_tehran,,artist_name_fa,علیرضا قربانی,9,,,,-0.06722926454528143,,STRATEGY_PATTERN_V1
grouped_continuous_correlation,days_since_previous_release,,artist_name_fa,علیرضا قربانی,8,,,,0.523809523809524,,STRATEGY_PATTERN_V1
grouped_continuous_correlation,title_character_count,,artist_name_fa,علیرضا قربانی,9,,,,0.06666666666666667,,STRATEGY_PATTERN_V1
grouped_continuous_correlation,title_word_count,,artist_name_fa,علیرضا قربانی,9,,,,0.11715583722580122,,STRATEGY_PATTERN_V1
grouped_continuous_correlation,duration_minutes,,artist_name_fa,علیرضا قربانی,9,,,,-0.03333333333333333,,STRATEGY_PATTERN_V1
grouped_continuous_correlation,release_hour_tehran,,artist_name_fa,فرزاد فرزین,19,,,,0.4291022963504099,,STRATEGY_PATTERN_V1
grouped_continuous_correlation,days_since_previous_release,,artist_name_fa,فرزاد فرزین,18,,,,-0.052631578947368425,,STRATEGY_PATTERN_V1
grouped_continuous_correlation,title_character_count,,artist_name_fa,فرزاد فرزین,19,,,,0.32776852024915504,,STRATEGY_PATTERN_V1
grouped_continuous_correlation,title_word_count,,artist_name_fa,فرزاد فرزین,19,,,,0.3460312490415905,,STRATEGY_PATTERN_V1
grouped_continuous_correlation,duration_minutes,,artist_name_fa,فرزاد فرزین,19,,,,0.1413521176918222,,STRATEGY_PATTERN_V1
grouped_continuous_correlation,release_hour_tehran,,artist_name_fa,محسن چاووشی,21,,,,0.176707020050516,,STRATEGY_PATTERN_V1
grouped_continuous_correlation,days_since_previous_release,,artist_name_fa,محسن چاووشی,20,,,,0.4842105263157894,,STRATEGY_PATTERN_V1
grouped_continuous_correlation,title_character_count,,artist_name_fa,محسن چاووشی,21,,,,-0.11692108443873353,,STRATEGY_PATTERN_V1
grouped_continuous_correlation,title_word_count,,artist_name_fa,محسن چاووشی,21,,,,0.11264324393039978,,STRATEGY_PATTERN_V1
grouped_continuous_correlation,duration_minutes,,artist_name_fa,محسن چاووشی,21,,,,-0.16758688769551808,,STRATEGY_PATTERN_V1
grouped_continuous_correlation,release_hour_tehran,,artist_name_fa,محسن یگانه,12,,,,0.22377622377622378,,STRATEGY_PATTERN_V1
grouped_continuous_correlation,days_since_previous_release,,artist_name_fa,محسن یگانه,11,,,,0.7727272727272727,,STRATEGY_PATTERN_V1
grouped_continuous_correlation,title_character_count,,artist_name_fa,محسن یگانه,12,,,,0.18629432924381775,,STRATEGY_PATTERN_V1
grouped_continuous_correlation,title_word_count,,artist_name_fa,محسن یگانه,12,,,,-0.04350682702872224,,STRATEGY_PATTERN_V1
grouped_continuous_correlation,duration_minutes,,artist_name_fa,محسن یگانه,12,,,,0.2027972027972028,,STRATEGY_PATTERN_V1
grouped_continuous_correlation,release_hour_tehran,,artist_name_fa,همایون شجریان,8,,,,0.4096682888050979,,STRATEGY_PATTERN_V1
grouped_continuous_correlation,days_since_previous_release,,artist_name_fa,همایون شجریان,7,,,,-0.14285714285714288,,STRATEGY_PATTERN_V1
grouped_continuous_correlation,title_character_count,,artist_name_fa,همایون شجریان,8,,,,0.21957751641341997,,STRATEGY_PATTERN_V1
grouped_continuous_correlation,title_word_count,,artist_name_fa,همایون شجریان,8,,,,0.05988131309566294,,STRATEGY_PATTERN_V1
grouped_continuous_correlation,duration_minutes,,artist_name_fa,همایون شجریان,8,,,,0.5952380952380953,,STRATEGY_PATTERN_V1
grouped_continuous_correlation,release_hour_tehran,,artist_name_fa,هیچکس,7,,,,0.2909571869813232,,STRATEGY_PATTERN_V1
grouped_continuous_correlation,days_since_previous_release,,artist_name_fa,هیچکس,6,,,,-0.08571428571428573,,STRATEGY_PATTERN_V1
grouped_continuous_correlation,title_character_count,,artist_name_fa,هیچکس,7,,,,-0.6071428571428572,,STRATEGY_PATTERN_V1
grouped_continuous_correlation,title_word_count,,artist_name_fa,هیچکس,7,,,,-0.5819143739626464,,STRATEGY_PATTERN_V1
grouped_continuous_correlation,duration_minutes,,artist_name_fa,هیچکس,7,,,,-0.39285714285714296,,STRATEGY_PATTERN_V1
grouped_continuous_correlation,release_hour_tehran,,artist_name_fa,گرشا رضایی,11,,,,0.21867938283753854,,STRATEGY_PATTERN_V1
grouped_continuous_correlation,days_since_previous_release,,artist_name_fa,گرشا رضایی,10,,,,-0.3939393939393939,,STRATEGY_PATTERN_V1
grouped_continuous_correlation,title_character_count,,artist_name_fa,گرشا رضایی,11,,,,0.10000000000000002,,STRATEGY_PATTERN_V1
grouped_continuous_correlation,title_word_count,,artist_name_fa,گرشا رضایی,11,,,,0.046195413392708815,,STRATEGY_PATTERN_V1
grouped_continuous_correlation,duration_minutes,,artist_name_fa,گرشا رضایی,11,,,,0.3545454545454546,,STRATEGY_PATTERN_V1
