fold,feature,feature_family,test_rows,test_positive,fold_roc_auc,fold_average_precision,permutation_ap_mean,permutation_ap_std,permutation_roc_mean,permutation_roc_std,impurity_importance
1,strategy_rz_duration_minutes,duration,23,6,0.6568627450980392,0.4082264957264957,-0.03979290780026072,0.11680113933053808,-0.0007843137254901889,0.08779497979673241,0.2147084787363871
1,strategy_rz_release_hour_tehran,timing,23,6,0.6568627450980392,0.4082264957264957,0.027577849438143547,0.0631120490575354,0.023529411764705906,0.02702754657272591,0.09564734692532664
1,strategy_rz_days_since_previous_release_imputed,release_cadence,23,6,0.6568627450980392,0.4082264957264957,0.07484111748817629,0.04335221230904198,0.07784313725490198,0.033643882111568234,0.11947980568281263
1,strategy_rz_title_character_count,title_structure,23,6,0.6568627450980392,0.4082264957264957,-0.09478014305955479,0.07422788762070312,-0.005882352941176461,0.03050264546294911,0.1308269602951294
1,strategy_rz_title_word_count,title_structure,23,6,0.6568627450980392,0.4082264957264957,-0.02245343545343543,0.04811572565611231,-0.007843137254901947,0.026597372482844186,0.09576352779541326
1,is_iran_weekend_release,timing,23,6,0.6568627450980392,0.4082264957264957,-0.012300588300588285,0.02237493812933426,-0.00352941176470585,0.013408094899826502,0.0209242937741613
1,days_since_previous_release_missing,release_cadence,23,6,0.6568627450980392,0.4082264957264957,0.0,0.0,0.0011764705882353033,0.003185897413582754,0.004132629505306567
1,title_has_official,title_format,23,6,0.6568627450980392,0.4082264957264957,-0.03349736048265461,0.03917215937683531,-0.009999999999999988,0.009089668224705328,0.012507344358200645
1,title_has_music_video,title_format,23,6,0.6568627450980392,0.4082264957264957,0.04636881451981061,0.08298211912084623,0.13686274509803922,0.11548603474642848,0.17332043728645866
1,title_has_lyric_video,title_format,23,6,0.6568627450980392,0.4082264957264957,0.0,0.0,0.0,0.0,0.045180936231856664
1,title_has_collaboration,collaboration,23,6,0.6568627450980392,0.4082264957264957,0.0,0.0,0.0,0.0,0.008267409097739545
1,title_contains_persian,title_language,23,6,0.6568627450980392,0.4082264957264957,0.0,0.0,0.0,0.0,0.015417588643532973
1,title_is_bilingual,title_language,23,6,0.6568627450980392,0.4082264957264957,-0.0033047385620915072,0.009987364161306774,0.002549019607843159,0.006141356769947402,0.015456371763270358
1,category_classic_fusion,category_context,23,6,0.6568627450980392,0.4082264957264957,-0.01597347913524384,0.013921760933474627,-0.00019607843137248393,0.008431372549019628,0.009883216722577162
1,category_pop,category_context,23,6,0.6568627450980392,0.4082264957264957,-0.0569353889574478,0.05112742409542057,-0.016274509803921557,0.015760852128712623,0.025871713574097645
1,category_rap_hiphop,category_context,23,6,0.6568627450980392,0.4082264957264957,-0.00225326797385621,0.010473643865170823,0.004509803921568649,0.010038373126408014,0.012611939607729335
2,strategy_rz_duration_minutes,duration,23,6,0.5686274509803921,0.36559454191033136,0.06885635762299847,0.05486884691843773,0.08823529411764702,0.05998846486579747,0.15561800863518518
2,strategy_rz_release_hour_tehran,timing,23,6,0.5686274509803921,0.36559454191033136,-0.08602850188453903,0.06021967456453955,-0.05666666666666668,0.04123665070074186,0.11364890728981092
2,strategy_rz_days_since_previous_release_imputed,release_cadence,23,6,0.5686274509803921,0.36559454191033136,0.007184353514848854,0.040149099140294894,-0.020000000000000018,0.05172755648550927,0.12262865208349934
2,strategy_rz_title_character_count,title_structure,23,6,0.5686274509803921,0.36559454191033136,-0.11874960236415345,0.05901058575222552,-0.13705882352941176,0.06716909864200839,0.15479058393983244
2,strategy_rz_title_word_count,title_structure,23,6,0.5686274509803921,0.36559454191033136,-0.10002748366757656,0.05275172849857114,-0.09450980392156862,0.03428626352061865,0.10640796769939702
2,is_iran_weekend_release,timing,23,6,0.5686274509803921,0.36559454191033136,-0.08892552491081902,0.05484579298560431,-0.03921568627450984,0.017317178169270288,0.02450182043887799
2,days_since_previous_release_missing,release_cadence,23,6,0.5686274509803921,0.36559454191033136,0.0,0.0,0.0,0.0,0.003907698757984034
2,title_has_official,title_format,23,6,0.5686274509803921,0.36559454191033136,0.0022908496732026063,0.002227140366970858,0.007647058823529384,0.007148127895512987,0.011747162178291816
2,title_has_music_video,title_format,23,6,0.5686274509803921,0.36559454191033136,0.053803036850502826,0.04486667224560358,0.1264705882352941,0.11426932174961936,0.19080611830269845
2,title_has_lyric_video,title_format,23,6,0.5686274509803921,0.36559454191033136,0.0,0.0,0.0,0.0,0.04059612288659384
2,title_has_collaboration,collaboration,23,6,0.5686274509803921,0.36559454191033136,0.0002442002442002389,0.0068073692564569995,-0.0017647058823529371,0.006103679378930723,0.005099255110265364
2,title_contains_persian,title_language,23,6,0.5686274509803921,0.36559454191033136,-0.03411111111111113,0.014614807306036997,-0.015490196078431384,0.005220990963017425,0.012395710849441122
2,title_is_bilingual,title_language,23,6,0.5686274509803921,0.36559454191033136,-0.009666666666666697,0.00822597511950207,-0.00705882352941174,0.004401949866792857,0.010526316279271603
2,category_classic_fusion,category_context,23,6,0.5686274509803921,0.36559454191033136,0.002142857142857135,0.004573660169594876,0.0015686274509803867,0.0035941770156516267,0.011888651333604216
2,category_pop,category_context,23,6,0.5686274509803921,0.36559454191033136,-0.03555415499533148,0.055702284092476295,-0.003921568627451011,0.012707334702760514,0.024385243103702835
2,category_rap_hiphop,category_context,23,6,0.5686274509803921,0.36559454191033136,-0.011202147525676956,0.03538617004373623,0.003921568627450962,0.009998077477632891,0.011051781111543748
3,strategy_rz_duration_minutes,duration,23,6,0.6764705882352942,0.4269841269841269,0.030127455963369205,0.08723364879741016,0.04254901960784318,0.08800864135685445,0.2419113594875955
3,strategy_rz_release_hour_tehran,timing,23,6,0.6764705882352942,0.4269841269841269,-0.04991557324684266,0.05562575439295378,-0.0015686274509803689,0.02536621431968035,0.08267043610000455
3,strategy_rz_days_since_previous_release_imputed,release_cadence,23,6,0.6764705882352942,0.4269841269841269,-0.10293087980704088,0.06476955195434846,-0.004901960784313699,0.031080132321857558,0.135609000081982
3,strategy_rz_title_character_count,title_structure,23,6,0.6764705882352942,0.4269841269841269,-0.0560990204898874,0.06016064583820109,-0.04431372549019601,0.024975189534259853,0.12330051716059087
3,strategy_rz_title_word_count,title_structure,23,6,0.6764705882352942,0.4269841269841269,-0.016939670065057102,0.03577444143947666,-0.025686274509803857,0.02268840127641908,0.07333525251514818
3,is_iran_weekend_release,timing,23,6,0.6764705882352942,0.4269841269841269,-0.005294871794871814,0.0084653702031411,-0.0015686274509804,0.01044198192603477,0.021953792974609417
3,days_since_previous_release_missing,release_cadence,23,6,0.6764705882352942,0.4269841269841269,-0.000401002506265673,0.005728832120541027,-0.0003921568627450878,0.005532053325359167,0.005066029099770305
3,title_has_official,title_format,23,6,0.6764705882352942,0.4269841269841269,-0.0011052631578947402,0.0012988381767634848,-0.00470588235294116,0.0048980376458026475,0.011724962694661578
3,title_has_music_video,title_format,23,6,0.6764705882352942,0.4269841269841269,0.09152185437143029,0.06850824517297259,0.1452941176470589,0.08686717113496863,0.1790754698955097
3,title_has_lyric_video,title_format,23,6,0.6764705882352942,0.4269841269841269,0.02192338081308663,0.04537203767465099,0.027058823529411802,0.03438703653166724,0.03608384772871067
3,title_has_collaboration,collaboration,23,6,0.6764705882352942,0.4269841269841269,-0.0784738562091504,0.03428609369418462,-0.03392156862745091,0.014700652664883584,0.013924030450219619
3,title_contains_persian,title_language,23,6,0.6764705882352942,0.4269841269841269,-0.004986338395007138,0.012398123041156374,-0.0023529411764705555,0.01323493100445976,0.015456521011226574
3,title_is_bilingual,title_language,23,6,0.6764705882352942,0.4269841269841269,-0.004986338395007138,0.012398123041156374,-0.0023529411764705555,0.01323493100445976,0.014503637823342748
3,category_classic_fusion,category_context,23,6,0.6764705882352942,0.4269841269841269,8.02005012531315e-05,0.0009879138469568018,0.0,0.004802921064280724,0.0090412443764347
3,category_pop,category_context,23,6,0.6764705882352942,0.4269841269841269,0.004567251461988262,0.021631291985967367,0.010000000000000016,0.012781245872731188,0.018732887258133952
3,category_rap_hiphop,category_context,23,6,0.6764705882352942,0.4269841269841269,0.0020016708437760756,0.017283152292862175,-0.0005882352941176361,0.008413112922715646,0.0176110113420597
4,strategy_rz_duration_minutes,duration,23,6,0.7450980392156863,0.5352813852813852,0.1266561545179966,0.08383279384451339,0.15784313725490198,0.06063390625908324,0.15897323621100115
4,strategy_rz_release_hour_tehran,timing,23,6,0.7450980392156863,0.5352813852813852,-0.01347386872386875,0.08750708079536193,-0.03411764705882349,0.04142037937728906,0.11630022031202945
4,strategy_rz_days_since_previous_release_imputed,release_cadence,23,6,0.7450980392156863,0.5352813852813852,-0.011990712990713028,0.062334858531316276,-0.018039215686274472,0.02247301769708925,0.14977954140544328
4,strategy_rz_title_character_count,title_structure,23,6,0.7450980392156863,0.5352813852813852,-0.04872493029845973,0.06679074026718618,-0.011568627450980378,0.02044205809919897,0.12217681220025686
4,strategy_rz_title_word_count,title_structure,23,6,0.7450980392156863,0.5352813852813852,0.015565521080226947,0.07423971809083812,-0.00549019607843136,0.02122362216115262,0.0877129324578355
4,is_iran_weekend_release,timing,23,6,0.7450980392156863,0.5352813852813852,-0.01865255496137853,0.02844530188418877,0.011764705882352957,0.01686730444518162,0.019271255720516293
4,days_since_previous_release_missing,release_cadence,23,6,0.7450980392156863,0.5352813852813852,0.010640331890331874,0.0277030791431127,0.0027450980392156833,0.007852935056666961,0.005364244744327311
4,title_has_official,title_format,23,6,0.7450980392156863,0.5352813852813852,-0.011365079365079397,0.013900054468789821,0.003921568627450975,0.007594084992563554,0.01384047250958131
4,title_has_music_video,title_format,23,6,0.7450980392156863,0.5352813852813852,0.0782626779650605,0.09080429425374298,0.14333333333333337,0.09593606899842835,0.19743574110051562
4,title_has_lyric_video,title_format,23,6,0.7450980392156863,0.5352813852813852,0.1262269119769119,0.04218205409622551,0.03901960784313729,0.017808628556328695,0.035161367123809635
4,title_has_collaboration,collaboration,23,6,0.7450980392156863,0.5352813852813852,-0.0021524771524771714,0.03338963918366137,-0.00117647058823529,0.014226162468405508,0.01605490782323205
4,title_contains_persian,title_language,23,6,0.7450980392156863,0.5352813852813852,-0.004936507936507964,0.009971155368176776,-0.0013725490196078382,0.006203643929237773,0.010987091077317457
4,title_is_bilingual,title_language,23,6,0.7450980392156863,0.5352813852813852,-0.0027142857142857424,0.005475999359620969,-0.0019607843137254832,0.007069708383262699,0.011298620593369446
4,category_classic_fusion,category_context,23,6,0.7450980392156863,0.5352813852813852,0.0109126984126984,0.03385923017252517,0.003921568627450975,0.00784313725490195,0.013103730949155816
4,category_pop,category_context,23,6,0.7450980392156863,0.5352813852813852,0.04599603174603171,0.05738384328817251,0.020000000000000014,0.016748358042402076,0.027301523836031776
4,category_rap_hiphop,category_context,23,6,0.7450980392156863,0.5352813852813852,0.0011071428571428322,0.02293936002754146,0.0003921568627451033,0.008760120746544562,0.015238301935577039
5,strategy_rz_duration_minutes,duration,23,6,0.5490196078431373,0.41246947496947495,-0.031566118721220365,0.10695324748517761,-0.094313725490196,0.09997865977603071,0.24728996235251785
5,strategy_rz_release_hour_tehran,timing,23,6,0.5490196078431373,0.41246947496947495,0.010775261775261778,0.039834426965989544,-0.0194117647058823,0.01955777922417236,0.08009632484793526
5,strategy_rz_days_since_previous_release_imputed,release_cadence,23,6,0.5490196078431373,0.41246947496947495,-0.03144425291484115,0.04546801708791125,-0.057058823529411704,0.046759258942041845,0.1508150169714556
5,strategy_rz_title_character_count,title_structure,23,6,0.5490196078431373,0.41246947496947495,0.04889393504099385,0.059496054611878325,-0.048039215686274464,0.027257723087172246,0.10848091934615188
5,strategy_rz_title_word_count,title_structure,23,6,0.5490196078431373,0.41246947496947495,0.03454213651272473,0.047239811444251455,-0.035882352941176414,0.019569570490852957,0.08175370859833274
5,is_iran_weekend_release,timing,23,6,0.5490196078431373,0.41246947496947495,0.028885447885447856,0.041302942650051605,-0.023725490196078346,0.011279197661387949,0.01495199048226382
5,days_since_previous_release_missing,release_cadence,23,6,0.5490196078431373,0.41246947496947495,0.0,0.0,0.0,0.0,0.004752859738672695
5,title_has_official,title_format,23,6,0.5490196078431373,0.41246947496947495,-0.004866503866503871,0.004132000869919985,-0.010980392156862704,0.009329707649702182,0.014324037723612787
5,title_has_music_video,title_format,23,6,0.5490196078431373,0.41246947496947495,0.02326961509099076,0.0730702232089246,0.010784313725490248,0.0840225249453562,0.1971780917807352
5,title_has_lyric_video,title_format,23,6,0.5490196078431373,0.41246947496947495,0.09414919926994228,0.05171222114792829,0.019019607843137318,0.023806376460292437,0.031136008679831108
5,title_has_collaboration,collaboration,23,6,0.5490196078431373,0.41246947496947495,0.0,0.0,-0.00019607843137254833,0.0013725490196078384,0.0019558484559697767
5,title_contains_persian,title_language,23,6,0.5490196078431373,0.41246947496947495,-0.004229474229474228,0.004101259900902272,-0.014705882352941124,0.008376474260115197,0.011671851197643475
5,title_is_bilingual,title_language,23,6,0.5490196078431373,0.41246947496947495,-0.005710955710955716,0.003731788404435015,-0.017058823529411703,0.00827488150823887,0.0102483066059091
5,category_classic_fusion,category_context,23,6,0.5490196078431373,0.41246947496947495,0.008426573426573419,0.027205006771439548,-0.002156862745098025,0.008832239709455044,0.009308935904662172
5,category_pop,category_context,23,6,0.5490196078431373,0.41246947496947495,0.03566664816664816,0.041042928148150554,-0.02294117647058816,0.01866456570809765,0.013888683071606796
5,category_rap_hiphop,category_context,23,6,0.5490196078431373,0.41246947496947495,0.0138136863136863,0.04061241305374159,-0.04196078431372543,0.019611764313803907,0.02214745424269974
