channel_id,artist_name_fa,api_video_title,view_count,licensed_content,category_id,screening_status_v2
UC6J32FcpsyYA_JGxrEHPbBQ,علیرضا قربانی,Alireza Ghorbani & Mohsen Chavoshi (Mashup) - ترکیب علیرضا قربانی و محسن چاوشی,850682,False,10,likely_non_release
UC6J32FcpsyYA_JGxrEHPbBQ,محسن چاووشی,Alireza Ghorbani & Mohsen Chavoshi (Mashup) - ترکیب علیرضا قربانی و محسن چاوشی,850682,False,10,likely_non_release
UC7Hs0659Yc82h7Snhjnfd4g,ساسی مانکن,Sasy Mankan - Atse OFFICIAL VIDEO HD,2324263,True,10,likely_release
UC7Hs0659Yc82h7Snhjnfd4g,ساسی مانکن,Sasy Mankan - Khat Roo Khat OFFICIAL VIDEO HD,941047,True,10,likely_release
UC8u6telGfDJ2wd8lSwLoauQ,فرزاد فرزین,Farzad Farzin - Asheghaneh I Official Video ( فرزاد فرزین - عاشقانه ),4008766,True,10,likely_release
UC8u6telGfDJ2wd8lSwLoauQ,محسن یگانه,Mohsen Yeganeh - Nashkan Delamo ( محسن یگانه - نشکن دلمو ),2719791,True,10,needs_review
UC8u6telGfDJ2wd8lSwLoauQ,محسن یگانه,Mohsen Yeganeh - Sokoot ( محسن یگانه - سکوت ),1628091,True,10,needs_review
UC8u6telGfDJ2wd8lSwLoauQ,محسن یگانه,Mohsen Yeganeh - Nabashi ( محسن یگانه - نباشی ),572126,True,10,needs_review
UC8u6telGfDJ2wd8lSwLoauQ,محسن یگانه,Mohsen Yeganeh - Havaei Shodi ( محسن یگانه - هوایی شدی ),550156,True,10,needs_review
UC9qZPJyvvZiBmzYdqdgly1w,سهراب پاکزاد,Sohrab Pakzad - Dokhtar Irooni [ Lyric Video ] (سهراب پاکزاد - دختر ایرونی ),7987957,True,10,likely_release
UC9qZPJyvvZiBmzYdqdgly1w,سهراب پاکزاد,Sohrab Pakzad - In Che Hessie ( Lyric Video ) ft. Amir Tabari,4639774,True,10,likely_release
UC9qZPJyvvZiBmzYdqdgly1w,سهراب پاکزاد,Sohrab Pakzad - Yaghi ( Lyric Video ),2074399,True,10,likely_release
UC9qZPJyvvZiBmzYdqdgly1w,سهراب پاکزاد,Sohrab Pakzad - Top 10 Songs [Lyric Video] (بهترین های سهراب پاکزاد),1084585,True,10,likely_non_release
UC9qZPJyvvZiBmzYdqdgly1w,سهراب پاکزاد,Sohrab Pakzad - Khateh Ghermez [ Lyric Video ] ( سهراب پاکزاد - خط قرمز ),689925,True,10,likely_release
UCAnylXo06Lw_x8swLZhIosg,هیچکس,Hichkas - Inyekiam Vase,760334,True,10,needs_review
UCAnylXo06Lw_x8swLZhIosg,هیچکس,Hichkas - Rooye Jenazat Miraghsam,687584,False,10,needs_review
UCAnylXo06Lw_x8swLZhIosg,هیچکس,Hichkas - Har Ye Rooz (feat. Poobon),662072,False,10,needs_review
UCAnylXo06Lw_x8swLZhIosg,هیچکس,Hichkas - Tigham Rooye Raget (Visual),320973,False,10,needs_review
UCAnylXo06Lw_x8swLZhIosg,هیچکس,Hichkas - Man Chizi Ke Mikham,268929,False,10,needs_review
UCCn_0vWsa35jSTRNlX15hzQ,گرشا رضایی,Garsha Rezaei - Naro (Music Video) - موزیک ویدیو آهنگ نرو از گرشا رضایی,8127024,True,10,likely_release
UCCn_0vWsa35jSTRNlX15hzQ,گرشا رضایی,Garsha Rezaei - Donyami - آهنگ دنیامی از گرشا رضایی,3703489,True,10,needs_review
UCCn_0vWsa35jSTRNlX15hzQ,گرشا رضایی,Garsha Rezaei - Darya Nemiram - آهنگ دریا نمیرم از گرشا رضایی,3689361,True,10,needs_review
UCCn_0vWsa35jSTRNlX15hzQ,سهراب پاکزاد,Sohrab Pakzad - Khialet Jam (Music Video) - موزیک ویدیو آهنگ خیالت جمع از سهراب پاکزاد,2582645,True,10,likely_release
UCCn_0vWsa35jSTRNlX15hzQ,گرشا رضایی,Garsha Rezaei - Darya Darya - آهنگ دریا دریا از گرشا رضایی,2208786,True,10,needs_review
UCF2LMk6XCzazmPPWrxc7qSg,محسن یگانه,Mohsen Yeganeh - Behet Ghol Midam ( I promise you ),285002691,True,10,needs_review
UCF2LMk6XCzazmPPWrxc7qSg,محسن یگانه,Mohsen Yeganeh - Passing,2338758,True,10,needs_review
UCF2LMk6XCzazmPPWrxc7qSg,محسن یگانه,Mohsen Yeganeh - Khodkhah ( محسن یگانه - خودخواه ),1783244,True,10,needs_review
UCF2LMk6XCzazmPPWrxc7qSg,محسن یگانه,Mohsen Yeganeh - Nadaramet ( محسن یگانه - ندارمت ),1338059,True,10,needs_review
UCF2LMk6XCzazmPPWrxc7qSg,محسن یگانه,Mohsen Yeganeh - Moohat ( محسن یگانه - موهات),536300,True,10,needs_review
UCFnc_tL9if9l5As18rnAyGA,محسن چاووشی,Mohsen Chavoshi - Gandom Goon (Lyric Video),1105988,True,10,likely_release
UCFnc_tL9if9l5As18rnAyGA,محسن چاووشی,Mohsen Chavoshi - Ali (Lyric Video),949666,True,10,likely_release
UCIoXa9CZoDHPao2qnfGU5mg,گرشا رضایی,شوخی گرشا رضایی با نعیمه نظام دوست، میشه نعیمه رو بغل کنم؟ + چرا نمیشه…در حاشیه اکران سریال یزدان…,888391,True,24,likely_non_release
UCIoXa9CZoDHPao2qnfGU5mg,همایون شجریان,اتفاقی عجیب! هیس صداتو بیار پایین، رفتار زشت با طرفدار همایون شجریان…,59888,True,24,likely_non_release
UCMQ39QYA6tpAu_ZDaOWn7IQ,فرزاد فرزین,Farzad Farzin - 🕺 Nagi ke Nagoftam (Official video) – موزیک ویدئوی نگی که نگفتم فرزاد فرزین,11493600,True,10,likely_release
UCMQ39QYA6tpAu_ZDaOWn7IQ,فرزاد فرزین,Farzad Farzin & İlyas Yalçıntaş – 🎭 Neghab (Mask) – کلیپ نقاب فرزاد فرزین و ایلیاس یالچینتاش,5256030,False,10,needs_review
UCMQ39QYA6tpAu_ZDaOWn7IQ,فرزاد فرزین,Farzad Farzin: Medley (Live in concert) –  مِدلی در کنسرت تهران فرزاد فرزین,4217941,True,10,likely_non_release
UCMQ39QYA6tpAu_ZDaOWn7IQ,فرزاد فرزین,💫 Farzad Farzin - Javaher (New Camp) Official Music Video – ویدئوکلیپ سریال نیوکمپ فرزاد فرزین,2735923,True,10,likely_release
UCMQ39QYA6tpAu_ZDaOWn7IQ,فرزاد فرزین,Farzad Farzin - Cheshmat | OFFICIAL MUSIC VIDEO فرزاد فرزین - چشمات,2697401,True,10,likely_release
UCN73foROjDkwZEKS05z6KHQ,محسن چاووشی,Mohsen Chavoshi - Mah Pishooni | محسن چاوشی -  ماه پیشونی  (Shahrzad),2473072,True,10,needs_review
UCN73foROjDkwZEKS05z6KHQ,محسن چاووشی,Mohsen Chavoshi - Be Rasme Yadegar | محسن چاوشی -  به رسم یادگار  (Official Music Video),740233,True,10,likely_release
UCN73foROjDkwZEKS05z6KHQ,محسن چاووشی,Mohsen Chavoshi - Havam Dobare Pase | محسن چاوشی -  هوام دوباره پسه  (Official Music Video),247376,True,10,likely_release
UCO7rnnjVkPeDutLWuROEzKw,محسن چاووشی,Mohsen Chavoshi - Man Bayad Miraftam ( Official Video ),17923489,True,10,likely_release
UCO7rnnjVkPeDutLWuROEzKw,محسن چاووشی,Mohsen Chavoshi - Kojaei [Lyric Video ] ( محسن چاوشی - کجایی ),6825294,True,10,likely_release
UCO7rnnjVkPeDutLWuROEzKw,محسن چاووشی,Mohsen Chavoshi - Saat Divari ( Official Video ) محسن چاوشی- ساعت دیواری,6553126,True,10,likely_release
UCO7rnnjVkPeDutLWuROEzKw,محسن چاووشی,Mohsen Chavoshi - Doset Dashtam [ Alternative Version ] محسن چاوشی - دوست داشتم,2488988,True,10,needs_review
UCO7rnnjVkPeDutLWuROEzKw,محسن چاووشی,Mohsen Chavoshi - Koli ( Official Video ) محسن چاوشی- کولی,2160654,True,10,likely_release
UCQnVOIzzZ-r2vKWZGEvd7Zw,سهراب پاکزاد,Sohrab Pakzad - Dokhtar Irooni (Live Performance),5992894,True,10,needs_review
UCQnVOIzzZ-r2vKWZGEvd7Zw,سهراب پاکزاد,Sohrab Pakzad - Male Man Bash (Live In Concert) | سهراب پاکزاد - اجرای لایو مال من باش,1390187,True,10,likely_non_release
UCQnVOIzzZ-r2vKWZGEvd7Zw,سهراب پاکزاد,Sohrab Pakzad - Yaghi (Live Performance),780163,True,10,needs_review
UCQnVOIzzZ-r2vKWZGEvd7Zw,سهراب پاکزاد,Sohrab Pakzad & Asef Aria Top 20  ( بهترین آهنگهای  سهراب پاکزاد و آصف آریا ),623355,True,10,likely_non_release
UCQnVOIzzZ-r2vKWZGEvd7Zw,سهراب پاکزاد,Sohrab Pakzad - Emza Music Video | سهراب پاکزاد - موزیک ویدیو امضاء,598769,True,10,likely_release
UCUR0IBUfM1puV2qa-3m7FWQ,محسن یگانه,"واکنش خارجی ها به آهنگ ""بهت قول میدم"" محسن یگانه",3405608,False,10,likely_non_release
UCUR0IBUfM1puV2qa-3m7FWQ,همایون شجریان,واکنش خارجی ها به آهنگ صنما از همایون شجریان,1147095,False,10,likely_non_release
UCVjt1H4u5z3Ya7_hxHGus6w,ساسی مانکن,"Sasy - ""Gentleman"" OFFICIAL VIDEO | ساسی - جنتلمن",39473382,True,10,likely_release
UCVjt1H4u5z3Ya7_hxHGus6w,ساسی مانکن,"Sasy - ""Doctor"" OFFICIAL VIDEO  | ساسی - دکتر",24295133,True,10,likely_release
UCVjt1H4u5z3Ya7_hxHGus6w,ساسی مانکن,"Sasy - ""Saaghiya"" OFFICIAL VIDEO | ساسی - ساقیا",21255421,True,10,likely_release
UCVjt1H4u5z3Ya7_hxHGus6w,ساسی مانکن,"Sasy - ""Hame Bada"" OFFICIAL VIDEO | ساسی - همه بدا",17173622,True,10,likely_release
UCVjt1H4u5z3Ya7_hxHGus6w,ساسی مانکن,Sasy - Marmoolak (Official Video),12320915,True,10,likely_release
UCisezGQDdiJZ6lmMQjVclvA,گرشا رضایی,Garsha Rezaei Ft. Hayedeh - Axe To | همخوانی آهنگ عکس تو گرشا رضایی و بانو هایده,1045865,True,10,needs_review
UCisezGQDdiJZ6lmMQjVclvA,گرشا رضایی,Garsha Rezaei KHABAR KHABAR(Music video),419543,True,10,likely_release
UCisezGQDdiJZ6lmMQjVclvA,گرشا رضایی,Garsha Rezaei - Akse To - Live in Concert - ویدئو کنسرتی موزیک عکس تو از گرشا رضایی,378796,True,10,likely_non_release
UCisezGQDdiJZ6lmMQjVclvA,گرشا رضایی,"Garsha Rezaei - Delam Khast | گرشا رضایی - موزیک ویدیو دلم خواست (آلبوم ""1984"")",166342,True,10,needs_review
UCisezGQDdiJZ6lmMQjVclvA,گرشا رضایی,Garsha Rezaei - Darya Darya (Live in Concert) | اجرای کنسرتی آهنگ دریا دریا - گرشا رضایی,12307,True,10,likely_non_release
UCjibqVppvIlLK4lbXRsbhhw,همایون شجریان,Homayoun Shajarian - Havaye Geryeh (همایون شجریان - تصنیف هوای گریه),5831771,True,10,needs_review
UCjibqVppvIlLK4lbXRsbhhw,همایون شجریان,Homayoun Shajarian - Khoob Shod (همایون شجریان و سهراب پورناظری - خوب شد),4661135,True,22,needs_review
UCjibqVppvIlLK4lbXRsbhhw,همایون شجریان,Homayoun Shajarian - Gholab  (همایون شجریان و سهراب پورناظری - تصنیف قلاب),3157280,True,22,needs_review
UCjibqVppvIlLK4lbXRsbhhw,همایون شجریان,Homayoun Shajarian - Ba Man Sanama (همایون شجریان - با من صنما - آرایش غلیظ),613547,True,10,needs_review
UCmBIX3tItWTCmbkcARiyZkg,همایون شجریان,Homayoun Shajarian - Yek Nafas Arezouye To ( همایون شجریان - یک نفس آرزوی تو ),6253706,True,10,needs_review
UCmBIX3tItWTCmbkcARiyZkg,همایون شجریان,Homayoun Shajarian - Zolf Bar Bad Made ( همایون شجریان - زلف بر باد مده ),2005367,True,10,needs_review
UCmBIX3tItWTCmbkcARiyZkg,همایون شجریان,Homayoun Shajarian - Kharidar I Live In Concert ( همایون شجریان و انوشیروان روحانی - خریدار ),1688325,False,10,likely_non_release
UCmBIX3tItWTCmbkcARiyZkg,همایون شجریان,Homayoun Shajarian Top 10 Songs ( ده تا از بهترین آهنگ های همایون شجریان ),622895,True,10,likely_non_release
UCmBIX3tItWTCmbkcARiyZkg,همایون شجریان,Homayoun Shajarian - Sanama ( اجرای زنده قطعه صنما - همایون شجریان، سهراب پورناظری ),435380,True,10,needs_review
UCpToffK2aE57CCK_uBCNHyA,سهراب پاکزاد,Sohrab Pakzad - Kie (Official Music Video) | سهراب پاکزاد - موزیک ویدیوی کیه,434732,True,10,likely_release
UCpToffK2aE57CCK_uBCNHyA,محسن چاووشی,Mohsen Chavoshi -  Top 5  | محسن چاوشی -  ۵ آهنگ جدید,144590,True,10,likely_non_release
UCpToffK2aE57CCK_uBCNHyA,فرزاد فرزین,Farzad Farzin - Asheghaneh - Official Video ( فرزاد فرزین - موزیک ویدئوی عاشقانه ),74084,True,10,likely_release
UCregxQqAisNcggQriK9f3Qw,علیرضا قربانی,Chera Chera ( Nadan Nadan ) - Alim Qasimov & Alireza Ghorbani,3051824,True,10,needs_review
UCregxQqAisNcggQriK9f3Qw,علیرضا قربانی,Mara Bebakhsh | مرا ببخش,2941830,False,10,needs_review
UCregxQqAisNcggQriK9f3Qw,علیرضا قربانی,Alireza Ghorbani - Parishani | علیرضا قربانی - پریشانی,2349608,False,10,needs_review
UCregxQqAisNcggQriK9f3Qw,علیرضا قربانی,Alireza Ghorbani - Parvaze Ghooha علیرضا قربانی - آهنگ پرواز قوها تیتراژ سریال تاسیان,2001796,False,10,needs_review
UCregxQqAisNcggQriK9f3Qw,علیرضا قربانی,Alireza Ghorbani Top 3 سه قطعه برترعلیرضا قربانی با پریشانی و مرا ببخش و در زلف تو آویزم,405735,False,10,likely_non_release
