record_id,artist_name_fa,category,api_video_title,performance_percentile_final,artist_performance_median,category_performance_median,performance_residual_artist_median,performance_residual_category_median,title_has_music_video,title_has_lyric_video,duration_minutes
1_UAuuh3c4Jyc,همایون شجریان,classic_fusion,Homayoun Shajarian - Gholab  (همایون شجریان و سهراب پورناظری - تصنیف قلاب),52.94,44.120000000000005,52.94,8.819999999999993,0.0,0,0,7.416666666666667
1_DtHwreZyIh4,همایون شجریان,classic_fusion,Homayoun Shajarian - Khoob Shod (همایون شجریان و سهراب پورناظری - خوب شد),47.06,44.120000000000005,52.94,2.9399999999999977,-5.8799999999999955,0,0,4.5
1_f3_y_O1qFJc,همایون شجریان,classic_fusion,Homayoun Shajarian - Havaye Geryeh (همایون شجریان - تصنیف هوای گریه),76.47,44.120000000000005,52.94,32.349999999999994,23.53,0,0,7.25
1_Nc23hVqxbzY,همایون شجریان,classic_fusion,Homayoun Shajarian - Mastam Ze Negahe To (همایون شجریان - مستم ز نگاه تو),29.41,44.120000000000005,52.94,-14.710000000000004,-23.529999999999998,0,0,5.716666666666667
1_FgJhzDxnA9o,همایون شجریان,classic_fusion,Homayoun Shajarian - Ba Man Sanama (همایون شجریان - با من صنما - آرایش غلیظ),23.53,44.120000000000005,52.94,-20.590000000000003,-29.409999999999997,0,0,2.5166666666666666
1_Cs0uWFNy4Tw,همایون شجریان,classic_fusion,Homayoun Shajarian - Abr Mibarad (همایون شجریان - ابر میبارد),17.65,44.120000000000005,52.94,-26.470000000000006,-35.29,0,0,4.033333333333333
1_qgFBMyxJ4eg,همایون شجریان,classic_fusion,Homayoun Shajarian - Yek Nafas Arezouye To ( همایون شجریان - یک نفس آرزوی تو ),70.59,44.120000000000005,52.94,26.47,17.650000000000006,0,0,4.166666666666667
1_qhKcG8m70FE,همایون شجریان,classic_fusion,Homayoun Shajarian - Zolf Bar Bad Made ( همایون شجریان - زلف بر باد مده ),41.18,44.120000000000005,52.94,-2.940000000000005,-11.759999999999998,0,0,5.333333333333333
2_8_fXOF1v0iQ,علیرضا قربانی,classic_fusion,Alireza Ghorbani - Khiale Khosh | علیرضا قربانی - موزیک ویدیو خیال خوش,5.88,64.71,52.94,-58.82999999999999,-47.059999999999995,1,0,3.55
2_shjoCUSf3og,علیرضا قربانی,classic_fusion,The Strange Times,11.76,64.71,52.94,-52.949999999999996,-41.18,0,0,6.533333333333333
2_n_ZKTif5tTY,علیرضا قربانی,classic_fusion,Chera Chera ( Nadan Nadan ) - Alim Qasimov & Alireza Ghorbani,100.0,64.71,52.94,35.290000000000006,47.06,0,0,5.45
2_pTxdcjGYVuU,علیرضا قربانی,classic_fusion,Alireza Ghorbani - Parishani | علیرضا قربانی - پریشانی,58.82,64.71,52.94,-5.8899999999999935,5.880000000000003,0,0,5.25
2_u5g5JeGq3kM,علیرضا قربانی,classic_fusion,Mara Bebakhsh | مرا ببخش,82.35,64.71,52.94,17.64,29.409999999999997,0,0,6.316666666666666
2_KSZvwbbFa5g,علیرضا قربانی,classic_fusion,Alireza Ghorbani - Parvaze Ghooha علیرضا قربانی - آهنگ پرواز قوها تیتراژ سریال تاسیان,88.24,64.71,52.94,23.53,35.3,0,0,3.5166666666666666
2_VLiQGtaeM0Q,علیرضا قربانی,classic_fusion,Alireza Ghorbani - Roozhaye Bi Gharar Clip کلیپ  آهنگ روزهای بی قرار با صدای علیرضا قربانی,64.71,64.71,52.94,0.0,11.769999999999996,0,0,5.0
2_EZijFtVqz_4,علیرضا قربانی,classic_fusion,Alireza Ghorbani - Savushun علیرضا قربانی - تیتراژ سریال سو و شون,35.29,64.71,52.94,-29.419999999999995,-17.65,0,0,4.566666666666666
2_hQCnAVXjHWE,علیرضا قربانی,classic_fusion,Alireza Ghorbani - Gisooye Baran علیرضا قربانی - گیسوی باران,94.12,64.71,52.94,29.41000000000001,41.18000000000001,0,0,3.5833333333333335
3_1RE2DZhrTkQ,محسن چاووشی,pop,Mohsen Chavoshi - Ali (Lyric Video),40.79,80.26,50.66,-39.470000000000006,-9.869999999999997,0,1,4.5
3_gc_3dNm0fOU,محسن چاووشی,pop,Mohsen Chavoshi - Gandom Goon (Lyric Video),27.63,80.26,50.66,-52.63000000000001,-23.029999999999998,0,1,4.216666666666667
3_LGRg9gERUjU,محسن چاووشی,pop,Mohsen Chavoshi - Man Bayad Miraftam ( Official Video ),89.47,80.26,50.66,9.209999999999994,38.81,0,0,3.7333333333333334
3_AJ19i4EK1i0,محسن چاووشی,pop,Mohsen Chavoshi - Kojaei [Lyric Video ] ( محسن چاوشی - کجایی ),78.95,80.26,50.66,-1.3100000000000023,28.290000000000006,0,1,3.8333333333333335
3_GHXE50UFijM,محسن چاووشی,pop,Mohsen Chavoshi - Doset Dashtam [ Alternative Version ] محسن چاوشی - دوست داشتم,64.47,80.26,50.66,-15.790000000000006,13.810000000000002,0,0,4.083333333333333
3_XFBlfv-gEAo,محسن چاووشی,pop,Mohsen Chavoshi - Saat Divari ( Official Video ) محسن چاوشی- ساعت دیواری,90.79,80.26,50.66,10.530000000000001,40.13000000000001,0,0,3.5833333333333335
3_tyQSLS1jZmY,محسن چاووشی,pop,Mohsen Chavoshi - Koli ( Official Video ) محسن چاوشی- کولی,82.89,80.26,50.66,2.6299999999999955,32.230000000000004,0,0,4.2
3_46TdUtNAopg,محسن چاووشی,pop,Mohsen Chavoshi - Be Rasme Yadegar [Official Video] ( محسن چاوشی - به رسم یادگار ),77.63,80.26,50.66,-2.6300000000000097,26.97,0,0,5.766666666666667
3_iX1tw6ozWO4,محسن چاووشی,pop,Mohsen Chavoshi - Bad Az To [Official Video] (محسن چاوشی - بعد از تو ),73.68,80.26,50.66,-6.579999999999998,23.02000000000001,0,0,4.183333333333334
3_z-GvlJJq7So,محسن چاووشی,pop,Mohsen Chavoshi - Hamkhaab [Official Video] (محسن چاوشی - همخواب ),61.84,80.26,50.66,-18.42,11.180000000000007,0,0,2.933333333333333
3_7YdC-IA-N0s,محسن چاووشی,pop,Mohsen Chavoshi - Mah Pishooni | محسن چاوشی -  ماه پیشونی  (Shahrzad),71.05,80.26,50.66,-9.210000000000008,20.39,0,0,4.033333333333333
3_UhSnIS0P-cg,محسن چاووشی,pop,Mohsen Chavoshi - Havam Dobare Pase | محسن چاوشی -  هوام دوباره پسه  (Official Music Video),38.16,80.26,50.66,-42.10000000000001,-12.5,1,0,4.366666666666666
3_EBchKWBj1ko,محسن چاووشی,pop,Mohsen Chavoshi - Pesaram [ Lyric Video ] ( محسن چاوشی - پسرم ),88.16,80.26,50.66,7.8999999999999915,37.5,0,1,5.0
3_MLBoUSr9vZI,محسن چاووشی,pop,Mohsen Chavoshi - Alaj [ Lyric Video ] ( محسن چاوشی - علاج ),92.11,80.26,50.66,11.849999999999994,41.45,0,1,4.266666666666667
3_CAPkrogfXJk,محسن چاووشی,pop,Mohsen Chavoshi - Be Rasme Yadegar | محسن چاوشی -  به رسم یادگار  (Official Music Video),39.47,80.26,50.66,-40.790000000000006,-11.189999999999998,1,0,5.316666666666666
3__38Wou0AVcs,محسن چاووشی,pop,Mohsen Chavoshi - Ajab Oumadi [ Official Video ] (محسن چاوشی - عجب اومدی ),94.74,80.26,50.66,14.47999999999999,44.08,0,0,4.566666666666666
3_tmh17LnO0OU,محسن چاووشی,pop,Mohsen Chavoshi - Ajab Oumadi [ Lyric Video ] (محسن چاوشی - عجب اومدی ),80.26,80.26,50.66,0.0,29.60000000000001,0,1,4.65
3_H_GGwkKa6mM,محسن چاووشی,pop,Mohsen Chavoshi - Ya Mola [ Lyric Video ] ( محسن چاوشی - یامولا ),97.37,80.26,50.66,17.11,46.71000000000001,0,1,3.8333333333333335
3_JxwGTSxGCUM,محسن چاووشی,pop,Hasbi Allah,98.68,80.26,50.66,18.42,48.02000000000001,0,0,4.466666666666667
3_kVmxQRyj-WA,محسن چاووشی,pop,Mohsen Chavoshi - Marize Takhte Akhari [ Official Video ] ( محسن چاوشی - مریض تخت آخری ),96.05,80.26,50.66,15.789999999999992,45.39,0,0,4.133333333333334
3_chU8u8UCWg8,محسن چاووشی,pop,Mohsen Chavoshi - Zakhmie Aftab [ Official Video ] ( محسن چاشی - زخمی آفتاب ),93.42,80.26,50.66,13.159999999999997,42.760000000000005,0,0,3.566666666666667
4_tSA-WxB7ts8,فرزاد فرزین,pop,Farzad Farzin - Oghyanoos ( فرزاد فرزین - اقیانوس ),9.21,48.68,50.66,-39.47,-41.449999999999996,0,0,3.816666666666667
4_U-SNKX13tJc,فرزاد فرزین,pop,Farzad Farzin - Asheghaneh I Official Video ( فرزاد فرزین - عاشقانه ),43.42,48.68,50.66,-5.259999999999998,-7.239999999999995,0,0,3.9166666666666665
4_DAWCE0GXe2Y,فرزاد فرزین,pop,Farzad Farzin – Mankan (Official Music Video) – کلیپ «مانکن» فرزاد فرزین,44.74,48.68,50.66,-3.9399999999999977,-5.919999999999995,1,0,3.316666666666667
4_gOOcxWbdRgE,فرزاد فرزین,pop,Farzad Farzin - Asheghaneh - Official Video ( فرزاد فرزین - موزیک ویدئوی عاشقانه ),2.63,48.68,50.66,-46.05,-48.029999999999994,1,0,3.9166666666666665
4_ErJWJv7oZl4,فرزاد فرزین,pop,Farzad Farzin – Ayandeh (Official Music Video) | موزیک‌ویدئوی «آینده» فرزاد فرزین,28.95,48.68,50.66,-19.73,-21.709999999999997,1,0,4.016666666666667
4_3IOHKH0M53M,فرزاد فرزین,pop,Farzad Farzin – Bi Enteha (Official Music Video) | موزیک‌ویدئوی «بی انتها» فرزاد فرزین,60.53,48.68,50.66,11.850000000000001,9.870000000000005,1,0,3.2666666666666666
4_MaOhPH1bWJk,فرزاد فرزین,pop,Farzad Farzin - Man Be Jahanam - Official Video ( فرزاد فرزین - من به جهنم - ویدیو ),1.32,48.68,50.66,-47.36,-49.339999999999996,0,0,3.25
4_yXuQxa1ieGA,فرزاد فرزین,pop,Farzad Farzin - Kharabesh Kardi (Music Video) - موزیک ویدیو آهنگ خرابش کردی از فرزاد فرزین,11.84,48.68,50.66,-36.84,-38.81999999999999,1,0,4.883333333333334
4_lY0HiviZ-VE,فرزاد فرزین,pop,Farzad Farzin - Bi Enteha || فرزاد فرزین - بی انتها,5.26,48.68,50.66,-43.42,-45.4,0,0,3.283333333333333
4_04cQcPj2Qj8,فرزاد فرزین,pop,Farzad Farzin – Nagi ke Nagoftam (Mp3) – آهنگ «نگی که نگفتم» فرزاد فرزین,36.84,48.68,50.66,-11.839999999999996,-13.819999999999993,0,0,3.15
4_yVmTAyPIPgc,فرزاد فرزین,pop,Farzad Farzin - 🕺 Nagi ke Nagoftam (Official video) – موزیک ویدئوی نگی که نگفتم فرزاد فرزین,75.0,48.68,50.66,26.32,24.340000000000003,1,0,4.433333333333334
4_X9f9cevCym8,فرزاد فرزین,pop,Farzad Farzin & İlyas Yalçıntaş – 🎭 Neghab (Mask) – کلیپ نقاب فرزاد فرزین و ایلیاس یالچینتاش,86.84,48.68,50.66,38.160000000000004,36.18000000000001,0,0,4.016666666666667
4_vRhkav31tkI,فرزاد فرزین,pop,💫 Farzad Farzin - Javaher (New Camp) Official Music Video – ویدئوکلیپ سریال نیوکمپ فرزاد فرزین,48.68,48.68,50.66,0.0,-1.9799999999999969,1,0,3.033333333333333
4_q4kQ5Eor5vM,فرزاد فرزین,pop,Farzad Farzin - Cheshmat | OFFICIAL MUSIC VIDEO فرزاد فرزین - چشمات,56.58,48.68,50.66,7.899999999999999,5.920000000000002,1,0,3.4833333333333334
4_ZdEe9HWpIMo,فرزاد فرزین,pop,Farzad Farzin - Soghoot (Music Video) | فرزاد فرزین - موزیک ویدیوی آهنگ جدید سقوط,55.26,48.68,50.66,6.579999999999998,4.600000000000001,1,0,3.2333333333333334
4_ynz643RIo5o,فرزاد فرزین,pop,Farzad Farzin - Gheseye Ma Music Video | فرزاد فرزین - موزیک ویدیو آهنگ جدید قصه ما,53.95,48.68,50.66,5.270000000000003,3.2900000000000063,1,0,3.683333333333333
4_g7KvUmXIY60,فرزاد فرزین,pop,Farzad Farzin - Farar (Music Video) | فرزاد فرزین - موزیک ویدئوی آهنگ جدید فرار,69.74,48.68,50.66,21.059999999999995,19.08,1,0,3.466666666666667
4_k9U11IVfTZc,فرزاد فرزین,pop,Farzad Farzin - Rooz O Shab (Music Video) | فرزاد فرزین - موزیک ویدیو آهنگ روز و شب,72.37,48.68,50.66,23.690000000000005,21.710000000000008,1,0,3.8666666666666663
4_VpO87vdDXAc,فرزاد فرزین,pop,Farzad Farzin - Kolbeh (Music Video) | موزیک ویدیو آهنگ جدید کلبه از فرزاد فرزین,68.42,48.68,50.66,19.740000000000002,17.760000000000005,1,0,3.7333333333333334
5_cDNDVtoJhik,محسن یگانه,pop,Mohsen Yeganeh - Behet Ghol Midam ( I promise you ),100.0,55.260000000000005,50.66,44.739999999999995,49.34,0,0,4.75
5_PY9m5mYMIdQ,محسن یگانه,pop,Mohsen Yeganeh - Passing,67.11,55.260000000000005,50.66,11.849999999999994,16.450000000000003,0,0,3.75
5_qXw9pCpyVEc,محسن یگانه,pop,Vabastegi,35.53,55.260000000000005,50.66,-19.730000000000004,-15.129999999999995,0,0,3.0
5_witB-02AAao,محسن یگانه,pop,Mohsen Yeganeh - Moohat ( محسن یگانه - موهات),57.89,55.260000000000005,50.66,2.6299999999999955,7.230000000000004,0,0,3.1
5_hh-9qSUxkFk,محسن یگانه,pop,Mohsen Yeganeh - Nashkan Delamo ( محسن یگانه - نشکن دلمو ),52.63,55.260000000000005,50.66,-2.6300000000000026,1.970000000000006,0,0,4.4
5_OQjEpH0OXNo,محسن یگانه,pop,Mohsen Yeganeh - Khodkhah ( محسن یگانه - خودخواه ),81.58,55.260000000000005,50.66,26.319999999999993,30.92,0,0,4.183333333333334
5_nphqnZf9Uc0,محسن یگانه,pop,Mohsen Yeganeh - Sokoot ( محسن یگانه - سکوت ),32.89,55.260000000000005,50.66,-22.370000000000005,-17.769999999999996,0,0,3.566666666666667
5_u4y0jIoA9Yg,محسن یگانه,pop,Mohsen Yeganeh - Rage Khab ( محسن یگانه - رگ خواب ),19.74,55.260000000000005,50.66,-35.52000000000001,-30.919999999999998,0,0,4.816666666666666
5_n3_ViPY9yyk,محسن یگانه,pop,Mohsen Yeganeh - Nabashi ( محسن یگانه - نباشی ),3.95,55.260000000000005,50.66,-51.31,-46.709999999999994,0,0,3.8666666666666663
5_rL7sd3FqJ9A,محسن یگانه,pop,Mohsen Yeganeh - Havaei Shodi ( محسن یگانه - هوایی شدی ),7.89,55.260000000000005,50.66,-47.370000000000005,-42.769999999999996,0,0,3.7333333333333334
5_EcsR7-i4wgQ,محسن یگانه,pop,Mohsen Yeganeh - Nadaramet ( محسن یگانه - ندارمت ),76.32,55.260000000000005,50.66,21.059999999999988,25.659999999999997,0,0,3.8
5_sad2za8qPwQ,محسن یگانه,pop,Mohsen Yeganeh - Taghvime Mochaleh ( محسن یگانه - تقویم مچاله ),84.21,55.260000000000005,50.66,28.94999999999999,33.55,0,0,3.85
6_E1xgedbMDwg,سهراب پاکزاد,pop,Sohrab Pakzad - Khialet Jam (Music Video) - موزیک ویدیو آهنگ خیالت جمع از سهراب پاکزاد,51.32,21.05,50.66,30.27,0.6600000000000037,1,0,3.4
6_nsExqoIjHTQ,سهراب پاکزاد,pop,Sohrab Pakzad - Ashti - آهنگ آشتی از سهراب پاکزاد,13.16,21.05,50.66,-7.890000000000001,-37.5,0,0,2.7666666666666666
6_7EFxlwV-2MU,سهراب پاکزاد,pop,Sohrab Pakzad - Kie (Official Music Video) | سهراب پاکزاد - موزیک ویدیوی کیه,21.05,21.05,50.66,0.0,-29.609999999999996,1,0,3.6333333333333337
6_OH5768Sd18k,سهراب پاکزاد,pop,Sohrab Pakzad - Yaghi | آهنگ یاغی از سهراب پاکزاد,6.58,21.05,50.66,-14.47,-44.08,0,0,3.183333333333333
6_uNa3i6zGd98,سهراب پاکزاد,pop,Sohrab Pakzad - Yaghi ( Lyric Video ),50.0,21.05,50.66,28.95,-0.6599999999999966,0,1,3.2666666666666666
6_b6FCSE2_XkE,سهراب پاکزاد,pop,Sohrab Pakzad - Shookhi Nadaram (Lyric Video) ft. Asef Aria,14.47,21.05,50.66,-6.58,-36.19,0,1,2.85
6_gDsNVAWX0-g,سهراب پاکزاد,pop,Sohrab Pakzad - In Che Hessie ( Lyric Video ) ft. Amir Tabari,63.16,21.05,50.66,42.11,12.5,0,1,5.7
6_2JCi3fSTxwA,سهراب پاکزاد,pop,Sohrab Pakzad - Khateh Ghermez [ Lyric Video ] ( سهراب پاکزاد - خط قرمز ),17.11,21.05,50.66,-3.9400000000000013,-33.55,0,1,2.5
6_bVmRq89vjRY,سهراب پاکزاد,pop,Sohrab Pakzad - Emza Music Video | سهراب پاکزاد - موزیک ویدیو امضاء,18.42,21.05,50.66,-2.629999999999999,-32.239999999999995,1,0,3.1666666666666665
6_mMsf3f8ctTY,سهراب پاکزاد,pop,Sohrab Pakzad - Bombe | سهراب پاکزاد - بمبه,10.53,21.05,50.66,-10.520000000000001,-40.129999999999995,0,0,4.516666666666667
6_NAw9qZq3SSE,سهراب پاکزاد,pop,Sohrab Pakzad - Dokhtar Irooni [ Lyric Video ] (سهراب پاکزاد - دختر ایرونی ),85.53,21.05,50.66,64.48,34.870000000000005,0,1,2.8833333333333333
6__pl7LSxtgD0,سهراب پاکزاد,pop,Sohrab Pakzad - 110 Ta | سهراب پاکزاد - 110 تا,30.26,21.05,50.66,9.21,-20.399999999999995,0,0,2.1
6_txd-SU1DHjI,سهراب پاکزاد,pop,Sohrab Pakzad - Noor Cheshmi (Music Video),65.79,21.05,50.66,44.74000000000001,15.13000000000001,1,0,2.9
7_FiF32_QR_5c,گرشا رضایی,pop,Garsha Rezaei - Mahoora - Music Video - موزیک ویدیو آهنگ ماهورا از گرشا رضایی,25.0,31.58,50.66,-6.579999999999998,-25.659999999999997,1,0,3.8333333333333335
7_Xq34n7EGX4U,گرشا رضایی,pop,Garsha Rezaei - Naro (Music Video) - موزیک ویدیو آهنگ نرو از گرشا رضایی,59.21,31.58,50.66,27.630000000000003,8.550000000000004,1,0,4.35
7_tjso_6uA4e0,گرشا رضایی,pop,Garsha Rezaei - Donyami - آهنگ دنیامی از گرشا رضایی,42.11,31.58,50.66,10.530000000000001,-8.549999999999997,0,0,4.05
7_du58UVKaxBs,گرشا رضایی,pop,Garsha Rezaei - Darya Nemiram - آهنگ دریا نمیرم از گرشا رضایی,46.05,31.58,50.66,14.469999999999999,-4.609999999999999,0,0,3.3
7_p_XX3ITquXk,گرشا رضایی,pop,Garsha Rezaei - Darya Darya - آهنگ دریا دریا از گرشا رضایی,47.37,31.58,50.66,15.79,-3.289999999999999,0,0,2.8
7_hti0pAu04_o,گرشا رضایی,pop,Garsha Rezaei - Sharm (Music Video) - موزیک ویدیو آهنگ شرم از گرشا رضایی,34.21,31.58,50.66,2.6300000000000026,-16.449999999999996,1,0,3.1666666666666665
7_P5O0gKeBZ3U,گرشا رضایی,pop,Garsha Rezaei - Darya Darya (Music Video) - موزیک  ویدیو آهنگ دریا دریا از گرشا رضایی,26.32,31.58,50.66,-5.259999999999998,-24.339999999999996,1,0,3.15
7_iT7i_3xy9qs,گرشا رضایی,pop,Garsha Rezaei - Ghermez - آهنگ قرمز از گرشا رضایی,22.37,31.58,50.66,-9.209999999999997,-28.289999999999996,0,0,2.55
7_ZEKGk8I7X34,گرشا رضایی,pop,Garsha Rezaei - Chesh To Chesh - آهنگ چش تو چش از گرشا رضایی,31.58,31.58,50.66,0.0,-19.08,0,0,2.45
7_qfDHsZ2Ncd4,گرشا رضایی,pop,Garsha Rezaei KHABAR KHABAR(Music video),15.79,31.58,50.66,-15.79,-34.87,1,0,3.283333333333333
7_XUGJ6f0DtIA,گرشا رضایی,pop,"Garsha Rezaei - Delam Khast | گرشا رضایی - موزیک ویدیو دلم خواست (آلبوم ""1984"")",23.68,31.58,50.66,-7.899999999999999,-26.979999999999997,1,0,3.0166666666666666
8_LpcvEthPmCE,ساسی مانکن,rap_hiphop,Sasy Mankan - Khat Roo Khat OFFICIAL VIDEO HD,4.55,36.36,52.275,-31.81,-47.725,0,0,2.8666666666666667
8_ej5aKGNBWek,ساسی مانکن,rap_hiphop,Sasy Mankan - Atse OFFICIAL VIDEO HD,13.64,36.36,52.275,-22.72,-38.635,0,0,3.066666666666667
8_ddfW1OhMbEk,ساسی مانکن,rap_hiphop,"Sasy Mankan - ""Nagoo Na"" OFFICIAL VIDEO",18.18,36.36,52.275,-18.18,-34.095,0,0,3.6333333333333337
8_kbBulLOQ4qY,ساسی مانکن,rap_hiphop,"Sasy - ""Saaghiya"" OFFICIAL VIDEO | ساسی - ساقیا",31.82,36.36,52.275,-4.539999999999999,-20.455,0,0,3.683333333333333
8_YfJ9TIisS-w,ساسی مانکن,rap_hiphop,"Sasy - ""Ostad"" OFFICIAL VIDEO  | ساسی - استاد",22.73,36.36,52.275,-13.629999999999999,-29.544999999999998,0,0,3.25
8_vfBp8vu40js,ساسی مانکن,rap_hiphop,"Sasy - ""Hame Bada"" OFFICIAL VIDEO | ساسی - همه بدا",36.36,36.36,52.275,0.0,-15.915,0,0,3.066666666666667
8_hwZU5Xwfk20,ساسی مانکن,rap_hiphop,"Sasy - ""Gentleman"" OFFICIAL VIDEO | ساسی - جنتلمن",77.27,36.36,52.275,40.91,24.994999999999997,0,0,2.7333333333333334
8_p0EwOVQ3P0s,ساسی مانکن,rap_hiphop,"Sasy - ""Doctor"" OFFICIAL VIDEO  | ساسی - دکتر",59.09,36.36,52.275,22.730000000000004,6.815000000000005,0,0,3.45
8_NNtMb0DrBRA,ساسی مانکن,rap_hiphop,"Sasy - ""Tehran Tokyo"" OFFICIAL VIDEO | ساسی -  تهران توکیو",68.18,36.36,52.275,31.820000000000007,15.905000000000008,0,0,3.533333333333333
8_L3UPz_KIZn8,ساسی مانکن,rap_hiphop,Gentleman,27.27,36.36,52.275,-9.09,-25.005,0,0,3.1166666666666667
8_QD9Nj6F0EN4,ساسی مانکن,rap_hiphop,"Sasy - ""Maman Mano Bebakhsh"" OFFICIAL VIDEO | ساسی - مامان منو ببخش",50.0,36.36,52.275,13.64,-2.2749999999999986,0,0,4.083333333333333
8_eDqWWbO6e1k,ساسی مانکن,rap_hiphop,Maman Mano Bebakhsh,9.09,36.36,52.275,-27.27,-43.185,0,0,3.4
8_K4fBpEhpVak,ساسی مانکن,rap_hiphop,Sasy - Baradarane Leila (Official Video),72.73,36.36,52.275,36.370000000000005,20.455000000000005,0,0,4.833333333333333
8_lLNcbz_T7WI,ساسی مانکن,rap_hiphop,Sasy Ft Arash - Hulu (Official Video),54.55,36.36,52.275,18.189999999999998,2.2749999999999986,0,0,3.783333333333333
8_k7QpRijPbtQ,ساسی مانکن,rap_hiphop,Sasy - Marmoolak (Official Video),100.0,36.36,52.275,63.64,47.725,0,0,4.616666666666666
9_sqemXVtZg4w,هیچکس,rap_hiphop,Hichkas - Ekhtelaf,95.45,81.82,52.275,13.63000000000001,43.175000000000004,0,0,2.8833333333333333
9_4qw3qTV4608,هیچکس,rap_hiphop,Hichkas - Ye Mosht Sarbaz,90.91,81.82,52.275,9.090000000000003,38.635,0,0,3.3833333333333333
9_i_bLcFCdSIo,هیچکس,rap_hiphop,Hichkas - Inyekiam Vase,63.64,81.82,52.275,-18.179999999999993,11.365000000000002,0,0,2.033333333333333
9_N_DwOWb3IPE,هیچکس,rap_hiphop,Hichkas - Tigham Rooye Raget (Visual),40.91,81.82,52.275,-40.91,-11.365000000000002,0,0,3.4
9_hnctT-Btbck,هیچکس,rap_hiphop,Hichkas - Har Ye Rooz (feat. Poobon),81.82,81.82,52.275,0.0,29.544999999999995,0,0,4.533333333333333
9_nKY6vq97MzI,هیچکس,rap_hiphop,Hichkas - Rooye Jenazat Miraghsam,86.36,81.82,52.275,4.540000000000006,34.085,0,0,3.05
9_olvrvRd6l1A,هیچکس,rap_hiphop,Hichkas - Man Chizi Ke Mikham,45.45,81.82,52.275,-36.36999999999999,-6.824999999999996,0,0,3.85
