artist_id,artist_name_fa,category,candidate_rank,video_id,video_title,channel_id,channel_title,published_at,source_query,manual_status,notes,api_video_title,api_video_description,api_channel_id,api_channel_title,api_published_at,category_id,default_language,default_audio_language,duration,definition,caption,licensed_content,view_count,like_count,comment_count,privacy_status,embeddable,made_for_kids,duration_seconds,screening_status_v2,screening_reason_v2,source_type,source_status,source_notes,screening_status_v3,screening_reason_v3
8,ساسی مانکن,rap_hiphop,18,L3UPz_KIZn8,Gentleman,UCHgdN_bLmnnuvt6bKn8Uxfw,Sasy - Topic,2021-10-15T02:36:54Z,ساسی مانکن,pending_review,,Gentleman,"Provided to YouTube by Revelator Ltd.

Gentleman · Sasy

Gentleman

℗ 2021 Radio Javan

Released on: 2019-03-06

Music  Publisher: TunePays Publishing
Composer  Lyricist: Sasan Yafteh

Auto-generated by YouTube.",UCHgdN_bLmnnuvt6bKn8Uxfw,Sasy - Topic,2021-10-15T02:36:54Z,10,en,,PT3M7S,hd,False,True,5201378,18511.0,0.0,public,True,False,187,needs_review,music_category_and_licensed_but_no_release_pattern,topic,trusted,sources_21_40_manual_audit_2026-07-10; confidence=high,trusted_needs_content_review,trusted_source_but_v2_content_ambiguous
8,ساسی مانکن,rap_hiphop,22,eDqWWbO6e1k,Maman Mano Bebakhsh,UCHgdN_bLmnnuvt6bKn8Uxfw,Sasy - Topic,2022-04-23T17:17:10Z,ساسی مانکن,pending_review,,Maman Mano Bebakhsh,"Provided to YouTube by Revelator Ltd.

Maman Mano Bebakhsh · Sasy

Maman Mano Bebakhsh

℗ 2022 Radio Javan

Released on: 2022-03-03

Music  Publisher: TunePays Publishing
Composer: Sasan Yafteh

Auto-generated by YouTube.",UCHgdN_bLmnnuvt6bKn8Uxfw,Sasy - Topic,2022-04-23T17:17:10Z,10,en,,PT3M24S,hd,False,True,1189799,3599.0,0.0,public,True,False,204,needs_review,music_category_and_licensed_but_no_release_pattern,topic,trusted,sources_21_40_manual_audit_2026-07-10; confidence=high,trusted_needs_content_review,trusted_source_but_v2_content_ambiguous
6,سهراب پاکزاد,pop,3,RDV_934uBfg,Sohrab Pakzad - Dokhtar Irooni (Live Performance),UCQnVOIzzZ-r2vKWZGEvd7Zw,Sohrab Pakzad,2025-06-08T16:30:06Z,سهراب پاکزاد,pending_review,,Sohrab Pakzad - Dokhtar Irooni (Live Performance),"Powered by: https://ng-network.com

Sohrab Pakzad” - “Dokhtar Irooni” (موزیک ویدیوی دختر ایرونی ) 

Arrangement, Mix & Master: Masoud Jahani
Lyrics: Taha Yousefi, Barbod & Arian Kaveh
Melody: Taha Yousefi & Mojtaba Taghipour
Producer: Behnam Mohammadi
Singer: Sohrab Pakzad

Get Connected With “Sohrab Pakzad”

Subscribe Here👇
https://bit.ly/SubscribeToSohrab

Audio Available on:
YouTube Music: https://bit.ly/SohrabYTMusic
Spotify: https://bit.ly/SohrabSpotify
Apple Music: https://bit.ly/SohrabAppleMusic

FOLLOW 👇
https://www.instagram.com/ng.networkco/

Please take a moment and share this video with your friends. Thank you",UCQnVOIzzZ-r2vKWZGEvd7Zw,Sohrab Pakzad,2025-06-08T16:30:06Z,10,fa,fa,PT3M17S,hd,False,True,5992894,9540.0,669.0,public,True,False,197,needs_review,review_title_pattern_live_or_unplugged,official_artist,trusted,top20_manual_audit_2026-07-10; confidence=high,trusted_needs_content_review,trusted_source_but_v2_content_ambiguous
6,سهراب پاکزاد,pop,9,iixaITz4-RQ,Sohrab Pakzad - Yaghi (Live Performance),UCQnVOIzzZ-r2vKWZGEvd7Zw,Sohrab Pakzad,2025-07-25T09:30:06Z,سهراب پاکزاد,pending_review,,Sohrab Pakzad - Yaghi (Live Performance),"Powered by: https://ng-network.com

Sohrab Pakzad” - “Yaghi” (اجرای زنده یاغی )  
“Yaghi” out now: 

Song: Yaghi
Lyrics: Shahin Sheykhi & Farzam
Music: Shahin Sheykhi
Arr, Mix & Mastering: Masoud Jahani
Producer: Behnam Mohammadi

Get Connected With “Sohrab Pakzad”

Subscribe Here👇
https://bit.ly/SubscribeToSohrab

Audio Available on:
YouTube Music: https://bit.ly/SohrabYTMusic
Spotify: https://bit.ly/SohrabSpotify
Apple Music: https://bit.ly/SohrabAppleMusic

FOLLOW 👇
https://www.instagram.com/ng.networkco/

Please take a moment and share this video with your friends. Thank you",UCQnVOIzzZ-r2vKWZGEvd7Zw,Sohrab Pakzad,2025-07-25T09:30:06Z,10,fa,fa,PT4M29S,hd,False,True,780163,1925.0,191.0,public,True,False,269,needs_review,review_title_pattern_live_or_unplugged,official_artist,trusted,top20_manual_audit_2026-07-10; confidence=high,trusted_needs_content_review,trusted_source_but_v2_content_ambiguous
6,سهراب پاکزاد,pop,18,_pl7LSxtgD0,Sohrab Pakzad - 110 Ta | سهراب پاکزاد - 110 تا,UCQnVOIzzZ-r2vKWZGEvd7Zw,Sohrab Pakzad,2025-03-14T08:30:06Z,سهراب پاکزاد,pending_review,,Sohrab Pakzad - 110 Ta | سهراب پاکزاد - 110 تا,"Powered by: https://ng-network.com

The official Track for “Sohrab Pakzad” - “110 Ta” ( آهنگ جدید 110 تا  ) 
“110 Ta” out now: 

Song: 110 Ta
Singer: Sohrab Pakzad
Composer: Ali Arjmand
Lyricist: Arian Kaveh & Barbod
Producer: Behnam Mohammadi


Get Connected With “Sohrab Pakzad”

Subscribe Here👇
https://bit.ly/SubscribeToSohrab

Audio Available on:
YouTube Music: https://bit.ly/SohrabYTMusic
Spotify: https://bit.ly/SohrabSpotify
Apple Music: https://bit.ly/SohrabAppleMusic

FOLLOW 👇
https://www.instagram.com/ng.networkco/

Please take a moment and share this video with your friends. Thank you",UCQnVOIzzZ-r2vKWZGEvd7Zw,Sohrab Pakzad,2025-03-14T08:30:06Z,10,fa,fa,PT2M6S,hd,False,True,478344,1218.0,145.0,public,True,False,126,needs_review,music_category_and_licensed_but_no_release_pattern,official_artist,trusted,top20_manual_audit_2026-07-10; confidence=high,trusted_needs_content_review,trusted_source_but_v2_content_ambiguous
6,سهراب پاکزاد,pop,22,OH5768Sd18k,Sohrab Pakzad - Yaghi | آهنگ یاغی از سهراب پاکزاد,UCCn_0vWsa35jSTRNlX15hzQ,TPM - Top Persian Music,2023-12-21T15:16:24Z,سهراب پاکزاد,pending_review,,Sohrab Pakzad - Yaghi | آهنگ یاغی از سهراب پاکزاد,"آهنگ ""یاغی"" از سهراب پاکزاد 
این آهنگو می‌تونید به صورت اختصاصی از کانال ما بشنوید.
ღ اگه این آهنگ رو دوست داشتید، لایک و ذخیره یادتون نره ღ

Sohrab Pakzad - Yaghi | آهنگ ""یاغی"" از سهراب پاکزاد

ـــ٨ﮩ٨ﮩﮩـــــــ٨ﮩ٨ﮩﮩـــــــ٨ﮩ٨ﮩﮩـــــــ٨ﮩ٨ﮩﮩـــ

برای شنیدن آهنگ‌های بیشتر از سهراب پاکزاد، روی لینک زیر کلیک کنید

https://youtube.com/playlist?list=PLlVABjnN0Zp9GBg3b8aKr8W-CWhmv9PSP 

ـــ٨ﮩ٨ﮩﮩـــــــ٨ﮩ٨ﮩﮩـــــــ٨ﮩ٨ﮩﮩـــــــ٨ﮩ٨ﮩﮩـــ

♪ متن آهنگ ""یاغی"" از سهراب پاکزاد♪

به تو فکر میکنم بی هوا بی خودی
نمیدونی چقدر من یاغی رو داری عوض میکنی
من دل تو دلم نیست با بشینم
سیر نمیشم تورو هر چی میبینم
دیگه درست نمیشم
اصن میخوابم که به عشق تو پاشم 
آخر هفته شه پیش تو باشم دیگه درست نمیشم
شبایی که باهات نمیخندم اصن صبح نمیشه نمیشه
من حتی فکرشم نمیکردم کارم بات به اینجا بکشه 
شبایی که باهات نمیخندم اصن صبح نمیشه نمیشه
من حتی فکرشم نمیکردم کارم بات به اینجا بکشه 
من اولین باری رو که دیدم تورو یادم نمیره
از اون شب دیگه هیچ جا به جز رو شونه هات خوابم نمیره
من دل تو دلم نیست با بشینم
سیر نمیشم تورو هر چی میبینم
دیگه درست نمیشم
اصن میخوابم که به عشق تو پاشم 
آخر هفته شه پیش تو باشم دیگه درست نمیشم
شبایی که باهات نمیخندم اصن صبح نمیشه نمیشه
من حتی فکرشم نمیکردم کارم بات به اینجا بکشه 
شبایی که باهات نمیخندم اصن صبح نمیشه نمیشه
من حتی فکرشم نمیکردم کارم بات به اینجا بکشه

ـــ٨ﮩ٨ﮩﮩـــــــ٨ﮩ٨ﮩﮩـــــــ٨ﮩ٨ﮩﮩـــــــ٨ﮩ٨ﮩﮩـــ

#TPM | #Sohrab_Pakzad | #Yaghi | #SohrabPakzad | #Top_Persian_Music | #Persian_Music
#سهراب_پاکزاد | #یاغی| #آهنگ_فارسی | #موسیقی_ایرانی | #موسیقی_پاپ | #موزیک | #موسیقی | #آهنگ",UCCn_0vWsa35jSTRNlX15hzQ,TPM - Top Persian Music,2023-12-21T15:16:24Z,10,fa,fa-IR,PT3M11S,hd,True,False,141397,747.0,59.0,public,True,False,191,needs_review,insufficient_evidence,trusted_music_platform,trusted,top20_manual_audit_2026-07-10; confidence=high,trusted_needs_content_review,trusted_source_but_v2_content_ambiguous
6,سهراب پاکزاد,pop,23,mMsf3f8ctTY,Sohrab Pakzad - Bombe | سهراب پاکزاد - بمبه,UCQnVOIzzZ-r2vKWZGEvd7Zw,Sohrab Pakzad,2024-02-15T08:11:51Z,سهراب پاکزاد,pending_review,,Sohrab Pakzad - Bombe | سهراب پاکزاد - بمبه,"Sohrab Pakzad - Bombe | سهراب پاکزاد - بمبه

Subscribe To The Sohrab Pakzad Channel For All The Best And Latest Official Music Videos, Behind The Scenes And Live Performances.

Bombe Track Information:
Lyrics & Music: Nima Moein & Sohrab Pakzad
Arr, Mix & Mastering: Ali Bayat
Producer: Behnam Mohammadi
Cover Art: Majid Rezaei

متن آهنگ بمبه:

میشه سنگین و بسته گلوم 
تو حق داری که هستی پهلوم
تو چی داری که انقد سریع 
پیشت قلبم میشه بستری

تو یه الماس نابی پر نوره دلت
چقد بد داره میچربه بهم زوره دلت
تو یه لحظه تا پلکامو زدم زودی رو هم
تو تیکه پاره های قلبمو دوختی بهم

بمبه این 
این عشقی که افتاده به جونم آتیشش تنده
این موهای مشکی چشای وحشی دلمو برده

بمبه این 
این عشقی که افتاده به جونم آتیشش تنده
این موهای مشکی چشای وحشی دلمو برده

تو لای مزه های زندگیم شیرین طعمی
یجای تو قلبم رفتی که خودت نمیفهمی
تو یه موجی که میشوره دلو تسکین دردامی
تو آخرین سلاح واسه جنگیدن با ترسامی

تو یه الماس نابی پر نوره دلت
چقد بد داره میچربه بهم زوره دلت
تو یه لحظه تا پلکامو زدم زودی رو هم
تو تیکه پاره های قلبمو دوختی بهم

بمبه این 
این عشقی که افتاده به جونم آتیشش تنده
این موهای مشکی چشای وحشی دلمو برده

بمبه این 
این عشقی که افتاده به جونم آتیشش تنده
این موهای مشکی چشای وحشی دلمو برده

Follow Sohrab on… 
Spotify : https://spoti.fi/48gTexB
Apple Music: https://apple.co/4f7j2hM
Amazon Music: https://amzn.to/3BJ6VJn
Instagram : https://www.instagram.com/sohrabpakzad/

#sohrabpakzad #bombe #سهراب_پاکزاد# بمبه",UCQnVOIzzZ-r2vKWZGEvd7Zw,Sohrab Pakzad,2024-02-15T08:11:51Z,10,fa,fa,PT4M31S,hd,False,True,220271,908.0,71.0,public,True,False,271,needs_review,music_category_and_licensed_but_no_release_pattern,official_artist,trusted,top20_manual_audit_2026-07-10; confidence=high,trusted_needs_content_review,trusted_source_but_v2_content_ambiguous
6,سهراب پاکزاد,pop,24,nsExqoIjHTQ,Sohrab Pakzad - Ashti - آهنگ آشتی از سهراب پاکزاد,UCCn_0vWsa35jSTRNlX15hzQ,TPM - Top Persian Music,2021-02-24T17:34:03Z,سهراب پاکزاد,pending_review,,Sohrab Pakzad - Ashti - آهنگ آشتی از سهراب پاکزاد,"آهنگ آتشی از سهراب پاکزاد منتشر شد 😍👌
این آهنگ رو انحصاری و قانونی از کانال یوتیوب 
Top Persian Music بشنوید 

Sohrab Pakzad - Ashti - آهنگ آشتی از سهراب پاکزاد

-------------------------------------

آهنگها و موزیک ویدیوهای  بیشتر از سهراب پاکزاد

https://www.youtube.com/playlist?list=PLlVABjnN0Zp9GBg3b8aKr8W-CWhmv9PSP

-------------------------------------

شناسنامه آهنگ آشتی از سهراب پاکزاد

خواننده : سهراب پاکزاد
تنظیم : مسعود جهانی
میکس و مستر : مهدی آذر
ترانه و ملودی : نیما معین
گیتار : مجتبی تقی پور
تیزر : آبتین حسینی
نشر : مرتضی زمانیپ
عکس کاور : عارف صمدیان
طراحی کاور : امیر امرایی
تهیه کننده : بهنام محمدی

-------------------------------------

متن آهنگ آشتی از سهراب پاکزاد

بهونه ی تورو میگیرن هم گلا هم باغبونشون
کبورترامون خیلی وقته خالیه ظرف آب و دونشون
تو که بودی مث بهار بود نفسات با همه فرق داشت
بیا ببین درخت قلبم تو که نیستی ریخته برگاش

من ببین چه قشنگ کردم 
واسه تو چه لباسی تن کردم
تو دلم برات سفره پهن کردم بیا

من لبه یه تراس موندم 
پیش گلدون پر یاس موندم
یکی بچینم گوشه ی موت بکارم بیا

یادمه که میگفتی کاشکی 
تو این همه برام غرور نداشتی
حالا همون آدم مغرور داره میگه بیا آشتی
بیا پیش آسمونم بیمه کن تنها نمونم
دلو یه جوری بغلت بگیر که بلرزه همه جونم

من ببین چه قشنگ کردم 
واسه تو چه لباسی تن کردم
تو دلم برات سفره پهن کردم بیا

من لبه یه تراس موندم 
پیش گلدون پر یاس موندم
یکی بچینم گوشه ی موت بکارم بیا

-------------------------------------

#Sohrab_Pakzad
#سهراب_پاکزاد
#Ashti
#آشتی
#Top_Persian_Music
#Persian_Music
#TPM
#Persian_Music2021

-------------------------------------",UCCn_0vWsa35jSTRNlX15hzQ,TPM - Top Persian Music,2021-02-24T17:34:03Z,10,fa,fa,PT2M46S,hd,True,True,452040,2914.0,125.0,public,True,False,166,needs_review,music_category_and_licensed_but_no_release_pattern,trusted_music_platform,trusted,top20_manual_audit_2026-07-10; confidence=high,trusted_needs_content_review,trusted_source_but_v2_content_ambiguous
2,علیرضا قربانی,classic_fusion,2,pTxdcjGYVuU,Alireza Ghorbani - Parishani | علیرضا قربانی - پریشانی,UCregxQqAisNcggQriK9f3Qw,Alireza Ghorbani,2023-06-07T15:07:32Z,علیرضا قربانی,pending_review,,Alireza Ghorbani - Parishani | علیرضا قربانی - پریشانی,"موزیک ویدیو «پریشانی» با صدای «علیرضا قربانی»

موسیقی: حسام ناصری
ترانه: احمد امیرخلیلی
میکس و مستر: آرش پاکزاد
با حمایت: رایان کارت
کارگردان ویدیو: سینا پاکدل
ناشر: آهنگ اشتیاق و شهر آفتاب
گرافیک: محمد یعقوبخانی
عکس: محمدرضا دهداری 
تهیه کننده: محسن خباز 

این آهنگ برای اولین بار در تور کنسرت های علیرضا قربانی در شهرهای مختلف ایران اجرا شد و بازخورد و استقبال بی نظیر مخاطبان را به دنبال داشت و اکنون برای اولین بار نسخه اصلی اجرای کنسرتی آن منتشر می شود. کنسرت های علیرضا قربانی به زودی در کاخ سعدآباد تهران برگزار می شود.",UCregxQqAisNcggQriK9f3Qw,Alireza Ghorbani,2023-06-07T15:07:32Z,10,fa,fa-IR,PT5M15S,hd,False,False,2349608,10873.0,814.0,public,True,False,315,needs_review,insufficient_evidence,official_artist,trusted,top20_manual_audit_2026-07-10; confidence=high,trusted_needs_content_review,trusted_source_but_v2_content_ambiguous
2,علیرضا قربانی,classic_fusion,3,KSZvwbbFa5g,Alireza Ghorbani - Parvaze Ghooha علیرضا قربانی - آهنگ پرواز قوها تیتراژ سریال تاسیان,UCregxQqAisNcggQriK9f3Qw,Alireza Ghorbani,2025-03-24T11:40:51Z,علیرضا قربانی,pending_review,,Alireza Ghorbani - Parvaze Ghooha علیرضا قربانی - آهنگ پرواز قوها تیتراژ سریال تاسیان,"آهنگ پرواز قوها تیتراژ سریال تاسیان با صدای علیرضا قربانی منتشر شد 

علیرضا قربانی تیتراژ سریال تاسیان را اجرا کرد. آهنگ پرواز قوها با صدای علیرضا قربانی تیتراژ سریال تاسیان به کارگردانی تینا پاکروان است که هر هفته پخش می شود.
آهنگ پرواز قوها با صدای علیرضا قربانی و آهنگسازی علیرضا افکاری و شعر حسین غیاثی تولید شده است.

آهنگ پرواز قوها
خواننده: علیرضا قربانی
آهنگساز: علیرضا افکاری
شاعر: حسین غیاثی
تیتراژ سریال تاسیان
پخش از فیلیمو

Alireza Ghorbani
Parvaze Ghooha
Music: Alireza Afkari
Lyrics: Hossein Ghiasi

متن شعر آهنگ پرواز قوها تیتراژ سریال تاسیان با صدای علیرضا قربانی:

من اون شهر دورم که دریا نداره
که بی تو غروبم  تماشا نداره

من اون شهر دورم پر از جای خالی
پر از آرزوی یه جشن خیالی

چه قدر فکر کردم به دلبستگی هام 
به یه خواب راحت واسه خستگی هام

با یه بالشِ پَر ، پُر از آرزوها
چقدر فکر کردم به پرواز قوها

خدا رو چه دیدی، شاید پر گرفتیم
شاید خنده هامونو از سر گرفتیم

نگو چی گذشت و نگو چی کشیدیم
شاید شب تموم شد، خدارو چه دیدی

خدا رو چه دیدی، شاید جون گرفتم
شاید دستتو زیر بارون گرفتم 
 
تو شاید دوباره به دادم رسیدی 
شاید خنده برگشت، خدا رو چه دیدی

من اون شهر دورم که بغضش شکسته
که دلتنگی، راه نفس هاشو بسته 

خیابون خیابون، پر از انتظارم 
تو نیستیو راهی به جایی ندارم 

چقدر غم شمردیم،چقدر دل سپردیم 
پریدیم و هر بار به دیوار خوردیم

خوشی دورمون زد، بلا دورمون گشت 
غمامو بغل کن، شاید خنده برگشت

خدا رو چه دیدی، شاید پر گرفتیم
شاید خنده هامونو از سر گرفتیم

نگو چی گذشت و نگو چی کشیدیم
شاید شب تموم شد، خدارو چه دیدی

خدا رو چه دیدی، شاید جون گرفتم
شاید دستتو زیر بارون گرفتم
 
تو شاید دوباره به دادم رسیدی 
شاید خنده برگشت، خدا رو چه دیدی",UCregxQqAisNcggQriK9f3Qw,Alireza Ghorbani,2025-03-24T11:40:51Z,10,fa,fa-IR,PT3M31S,hd,False,False,2001796,7719.0,640.0,public,True,False,211,needs_review,insufficient_evidence,official_artist,trusted,top20_manual_audit_2026-07-10; confidence=high,trusted_needs_content_review,trusted_source_but_v2_content_ambiguous
2,علیرضا قربانی,classic_fusion,7,u5g5JeGq3kM,Mara Bebakhsh | مرا ببخش,UCregxQqAisNcggQriK9f3Qw,Alireza Ghorbani,2023-08-23T17:17:37Z,علیرضا قربانی,pending_review,,Mara Bebakhsh | مرا ببخش,"مرا ببخش، تقدیم به شما عزیزان
نسخه‌های بی‌کیفیتی از این قطعه پیش از این در شبکه‌های اجتماعی دست به دست شده بود. بنابر این تصمیم گرفتیم تا برای احترام به شما عزیزان نسخه اصلی و باکیفیت را نهایی و همراه با ویدیو کلیپ آن خدمتتان تقدیم کنیم. امیدواریم این قطعه عاشقانه در این روزهای پرتلاطم کمی آرامش برایتان به ارمغان داشته باشد.
این قطعه و ویدیو هم اکنون در تمام پلت‌فرم‌های معتبر موسیقی در دسترس است.

مرا ببخش
خواننده: علیرضا قربانی 
آهنگساز: حسام ناصری
شاعر: حسین غیاثی
کارگردان: وحید امینی
بازیگران: 
محسن کیایی
سارا توکلی
گیتار : نوید زمردی
ویلنسل : مسعود فیروزی
خواننده سوپرانو : نگین گودرزی
پیانو : حسام ناصری

میکس و مسترینگ : آرش پاکزاد

طراحی کاور: محمد یعقوب خانی
تهیه کننده: محسن خباز

حامی مالی: مگاگشت

#alirezaghorbani",UCregxQqAisNcggQriK9f3Qw,Alireza Ghorbani,2023-08-23T17:17:37Z,10,fa,fa-IR,PT6M19S,hd,False,False,2941830,13066.0,1015.0,public,True,False,379,needs_review,insufficient_evidence,official_artist,trusted,top20_manual_audit_2026-07-10; confidence=high,trusted_needs_content_review,trusted_source_but_v2_content_ambiguous
2,علیرضا قربانی,classic_fusion,12,n_ZKTif5tTY,Chera Chera ( Nadan Nadan ) - Alim Qasimov &amp; Alireza Ghorbani,UCregxQqAisNcggQriK9f3Qw,Alireza Ghorbani,2022-02-14T15:25:18Z,علیرضا قربانی,pending_review,,Chera Chera ( Nadan Nadan ) - Alim Qasimov & Alireza Ghorbani,"18th International Mystic Music Festival 
30 September 2021 - Konya, Turkey

Poem : Molana Jalaledin ( Mevlana - Rumi )

Azerbaijan Singer : Alim Qasimov
Iranian Singer : Alireza Ghorbani

Musicians
Hesam Naseri : Moshtagh & Composer
Rauf Islamov : Kamanche
Saman Samimi : Kamanche
Milad Mohammadi : Tar
Pouya Saraei : Santour
Dara Daraee : Bass Guitar 
Zakariya Yousefi : Saf & Bendir
Shayan Riyahi : Percussion 

Arash Pakzad : Audio Mix & Mastering

Publisher : AERECORDS.NET

علیرضا قربانی در ادامه تور جهانی کنسرت‌هایش این بار در دبی روی صحنه می‌رود

سالن باشکوه اپرا دبی - هجدهم خرداد (هفتم جون)

خرید بلیت از سایت:

www.dubaiopera.com

@alireza_ghorbani",UCregxQqAisNcggQriK9f3Qw,Alireza Ghorbani,2022-02-14T15:25:18Z,10,fa,fa-IR,PT5M27S,hd,False,True,3051824,32092.0,2989.0,public,True,False,327,needs_review,music_category_and_licensed_but_no_release_pattern,official_artist,trusted,top20_manual_audit_2026-07-10; confidence=high,trusted_needs_content_review,trusted_source_but_v2_content_ambiguous
2,علیرضا قربانی,classic_fusion,14,EZijFtVqz_4,Alireza Ghorbani - Savushun علیرضا قربانی - تیتراژ سریال سو و شون,UCregxQqAisNcggQriK9f3Qw,Alireza Ghorbani,2025-07-25T04:49:03Z,علیرضا قربانی,pending_review,,Alireza Ghorbani - Savushun علیرضا قربانی - تیتراژ سریال سو و شون,"آهنگ تیتراژ سریال سو و شون با صدای علیرضا قربانی

Alireza Ghorbani - Savushushun

Music: Alireza Afkari

آهنگ تیتراژ سریال سو و شون با صدای علیرضا قربانی و آهنگسازی علیرضا افکاری و شعر محمد سلمانی منتشر شد

ناشر: آهنگ اشتیاق و شهرآفتاب
پخش سریال: نماوا
گرافیک و موشن ویدیو: محمد یعقوبخانی

آهنگ سووشون با صدای علیرضا قربانی هر هفته در قالب تیتراژ سریالی به همین نام شنیده خواهد شد. آهنگ جدید علیرضا قربانی به نام سووشون تازه ترین اثر این خواننده سرشناس است.

متن ترانه آهنگ سووشون با صدای علیرضا قربانی:

مرا به سنگ ببند و به آب‌ها بسپار
هوایی ام کن و دستِ حباب‌ها بسپار
مرا به دردِ زمین خوردن آفریده خدا
ببر، مرا به بزرگِ شهاب‌ها بسپار

کلاغ‌ها پیِ تسخیرِ آشیانِ من‌اند
مرا به قلعه‌ی امنِ عقاب‌ها بسپار
کسی بپرسد اگر ""حصر"" و ""قصر"" یعنی چه؟
بگیر عکسِ مرا و به قاب‌ها بسپار

من آن کبوترِ صلحم، مرا ز سر وا کن
به دستِ تلخ‌ترین انتخاب‌ها بسپار
مرا که آتشِ سودابه‌ها حریفم نیست
به شرطِ صلح، به افراسیاب‌ها بسپار

شراب، رمزِ شبِ چهره‌ ارغوانی‌هاست
بگو شراب و به عالی‌جناب‌ها بسپار
پُر از بهانه‌ام امشب، بگیر گوش مرا
به لالای دل‌انگیزِ خواب‌ها بسپار

من آن کبوترِ صلحم، مرا ز سر وا کن
ولی به دستِ تلخ‌ترین انتخاب‌ها بسپار
مرا که آتشِ سودابه‌ها حریفم نیست
به شرطِ صلح، به افراسیاب‌ها بسپار",UCregxQqAisNcggQriK9f3Qw,Alireza Ghorbani,2025-07-25T04:49:03Z,10,fa,fa-IR,PT4M34S,hd,False,False,218630,1320.0,173.0,public,True,False,274,needs_review,insufficient_evidence,official_artist,trusted,top20_manual_audit_2026-07-10; confidence=high,trusted_needs_content_review,trusted_source_but_v2_content_ambiguous
2,علیرضا قربانی,classic_fusion,16,VLiQGtaeM0Q,Alireza Ghorbani - Roozhaye Bi Gharar Clip کلیپ  آهنگ روزهای بی قرار با صدای علیرضا قربانی,UCregxQqAisNcggQriK9f3Qw,Alireza Ghorbani,2025-04-16T09:20:27Z,علیرضا قربانی,pending_review,,Alireza Ghorbani - Roozhaye Bi Gharar Clip کلیپ  آهنگ روزهای بی قرار با صدای علیرضا قربانی,"کلیپ آهنگ روزهای بی قرار با صدای علیرضا قربانی

Alireza Ghorbani - Roozhaye Bi Gharar

آهنگ روزهای بی قرار با صدای علیرضا قربانی یکی از آهنگ های محبوب علیرضا قربانی است که چندی پیش منتشر شده بود. 

روزهای بی قرار 
علیرضا قربانی
موسیقی: حسام ناصری
شاعر: حسین غیاثی

متن ترانه روزهای بی قرار با صدای علیرضا قربانی:

ای داغ از قلب پریشانم چه میخواهی ای جای زخم کهنه از جانم چه میخواهی
دریاچه ای خشکیده در آغوش خود دارم باران سرخ از ابر چشمانم چه میخواهی
ای وای از این ای وای از این از دست دادن ها ای مرگ از جان رفیقانم چه میخواهی
آرامشم کو خنده ام کو اعتمادم کو بی هیچم و دیگر نمیدانم چه میخواهی
ما ما وارثان دردهای بی شماریم ما گریه های چشم های انتظاریم
ما ما سرزمینی دور و تنها در غباریم ما چیزی به غیر از غم به غیر از هم نداریم
ما حسرت یک خنده ی دنباله داریم ما خسته از این روزهای بی قراریم
دنیا بگو غم بیشتر از این نخواهد ماند دنیای بی رویای ما غمگین نخواهد ماند
چیزی بگو آرام کن آشفتگی ها را در سینه ها این بغض سر‌سنگین نخواهد ماند
ای چرخ بازیگر بگو بالانشینان را جای من و ما تا ابد پایین نخواهد ماند
فریاد این غم خانه خاموشی نخواهد داشت فرهاد این افسانه بی شیرین نخواهد ماند
فرهاد این افسانه بی شیرین نخواهد ماند ...
ما ما وارثان دردهای بی شماریم ما گریه های چشم های انتظاریم
ما ما سرزمینی دور و تنها در غباریم ما چیزی به غیر از غم به غیر از هم نداریم
ما حسرت یک خنده ی دنباله داریم ما خسته از این روزهای بی قراریم",UCregxQqAisNcggQriK9f3Qw,Alireza Ghorbani,2025-04-16T09:20:27Z,10,fa,fa-IR,PT5M,hd,False,False,141517,1981.0,182.0,public,True,False,300,needs_review,insufficient_evidence,official_artist,trusted,top20_manual_audit_2026-07-10; confidence=high,trusted_needs_content_review,trusted_source_but_v2_content_ambiguous
2,علیرضا قربانی,classic_fusion,17,8_fXOF1v0iQ,Alireza Ghorbani - Khiale Khosh | علیرضا قربانی - موزیک ویدیو خیال خوش,UCyGYNC7IQWWmyb_4h8OxElg,Raharecords - رهارکورد,2020-07-19T15:36:35Z,علیرضا قربانی,pending_review,,Alireza Ghorbani - Khiale Khosh | علیرضا قربانی - موزیک ویدیو خیال خوش,"Subscribe for more videos: https://www.youtube.com/Raharecords?sub_confirmation=1

 Alireza Ghorbani - Khiale Khosh | علیرضا قربانی - موزیک ویدیو خیال خوش

Alireza Afkari - Avay-e Maad 

موسیقی: علیرضا افکاری
شعر: حسین غیاثی
(ضبط: استودیو تم( مازیار مرتاضیه
کمانچه: شروین مهاجر
تار: میلاد محمدی
میکس و مستر: آرش پاکزاد
تدوین ویدیو: محمد واحد
مشاور رسانه: وحید لشکری

متن  آهنگ خیال خوش علیرضا قربانی

تو آه منی اشتباه منی چگونه هنوز از تو میگویم
تو همسفر نیمه راه منی چگونه هنوز از تو میگویم

پناه منی تکیه گاه منی که زمزمه ات مانده در گوشم
گناه منی بی گناه منی که بار غمت مانده بر دوشم

بهانه ی من بغض خانه ی من گرفته دلم گریه میخواهم
خیال خوش عاشقانه ی من همیشه تویی آخرین راهم

بهانه ی من بغض خانه ی من گرفته دلم گریه میخواهم
خیال خوش عاشقانه ی من همیشه تویی آخرین راهم

صدای توام پا به پای توام تو میبری ام رو به خاموشی
غریبه ترین آشنای توام که میکُشدم این فراموشی

تمام منی نا تمام منی چه بغضی بدی در گلو دارم
بیا و بگو فکر حال منی ببین که هنوز آرزو دارم

بهانه ی من بغض خانه ی من گرفته دلم گریه میخواهم
خیال خوش عاشقانه ی من همیشه تویی آخرین راهم

بهانه ی من بغض خانه ی من گرفته دلم گریه میخواهم
خیال خوش عاشقانه ی من همیشه تویی آخرین راهم .
We have fully licensed this video and have the right to publish it on YouTube.",UCyGYNC7IQWWmyb_4h8OxElg,Raharecords - رهارکورد,2020-07-19T15:36:35Z,10,fa,fa,PT3M33S,hd,False,True,1191761,4606.0,205.0,public,True,False,213,needs_review,music_category_and_licensed_but_no_release_pattern,label_or_distributor,trusted,sources_41_60_manual_audit_2026-07-10; confidence=high,trusted_needs_content_review,trusted_source_but_v2_content_ambiguous
2,علیرضا قربانی,classic_fusion,19,hQCnAVXjHWE,Alireza Ghorbani - Gisooye Baran علیرضا قربانی - گیسوی باران,UCregxQqAisNcggQriK9f3Qw,Alireza Ghorbani,2025-10-30T08:20:00Z,علیرضا قربانی,pending_review,,Alireza Ghorbani - Gisooye Baran علیرضا قربانی - گیسوی باران,"آهنگ گیسوی باران با صدای علیرضا قربانی

Alireza Ghorbani - Gisooye Baran

آهنگ جدید علیرضا قربانی به نام گیسوی باران منتشر شد. علیرضا قربانی آهنگ گیسوی باران را برای دانلود و شنیدن در تمامی پلتفرم های معتبر موسیقی ایران و جهان منتشر کرده است. 

گیسوی باران
علیرضا قربانی
آهنگساز: علیرضا فکاری
تنظیم: حسام ناصری
شاعر: امیرعلی سلیمانی
میکس و مستر: آرش پاکزاد
دستیار آهنگساز: محمد رجبیان
ناشر: آهنگ اشتیاق و شهرآفتاب
گرافیک: محمد یعقوبخانی
مدیر تبلیغات: وحید لشکری

Gisooye Baran
Alireza Ghorbani
Music: Alireza Afkari
Arrangement: Hesam Naseri
Lyrics: Ahange Eshtiagh & Shahre Aftab
Graphic: Mohammad Yaghoubkhani

متن ترانه گیسوی باران با صدای علیرضا قربانی:

تویی تنها ولی زیبا
منم تنها ولی عاشق
در این باران تاریکی تویی تنها شب روشن 
تو تنها چاره ام بودی میان بی قراری ها
تو تنها دلخوشی بودی برای زندگی کردن

کنار تو جهان کوچکم لبریز زیباییست
بدون تو ولی مانند هر پاییز غمگینم، غمگینم
نپرس اینکه چرا دور از تو من هر روز می میرم
برای امتحان دوری تو مرگ، تمرین است، تمرین است

شباهت های ما باران که می بارد تماشاییست
که تو گیسوی تر داری و من چشمان تر دارم 
فراموشم نکن حتی اگر دوری یا نزدیکی
من از دلتنگی فردای تو امشب خبر دارم 

کنار تو جهان کوچکم لبریز زیباییست
بدون تو ولی مانند هر پاییز غمگینم، غمگینم
نپرس اینکه چرا دور از تو من هر روز می میرم
برای امتحان دوری تو مرگ، تمرین است، تمرین است",UCregxQqAisNcggQriK9f3Qw,Alireza Ghorbani,2025-10-30T08:20:00Z,10,fa,fa-IR,PT3M35S,hd,False,False,314519,2760.0,391.0,public,True,False,215,needs_review,insufficient_evidence,official_artist,trusted,top20_manual_audit_2026-07-10; confidence=high,trusted_needs_content_review,trusted_source_but_v2_content_ambiguous
2,علیرضا قربانی,classic_fusion,24,shjoCUSf3og,The Strange Times,UC_xcDPW-ARj59n1qhYaLOqQ,Alireza Ghorbani - Topic,2020-08-09T10:06:53Z,علیرضا قربانی,pending_review,,The Strange Times,"Provided to YouTube by CDBaby

The Strange Times · Alireza Ghorbani · Hesam Naseri

Sing With Me

℗ 2020 Aerecords

Released on: 2020-08-10

Auto-generated by YouTube.",UC_xcDPW-ARj59n1qhYaLOqQ,Alireza Ghorbani - Topic,2020-08-09T10:06:53Z,10,en,,PT6M32S,hd,False,True,984469,6508.0,188.0,public,True,False,392,needs_review,music_category_and_licensed_but_no_release_pattern,topic,trusted,sources_21_40_manual_audit_2026-07-10; confidence=high,trusted_needs_content_review,trusted_source_but_v2_content_ambiguous
4,فرزاد فرزین,pop,5,X9f9cevCym8,Farzad Farzin &amp; İlyas Yalçıntaş – 🎭 Neghab (Mask) – کلیپ نقاب فرزاد فرزین و ایلیاس یالچینتاش,UCMQ39QYA6tpAu_ZDaOWn7IQ,Farzad Farzin,2022-03-23T16:00:30Z,فرزاد فرزین,pending_review,,Farzad Farzin & İlyas Yalçıntaş – 🎭 Neghab (Mask) – کلیپ نقاب فرزاد فرزین و ایلیاس یالچینتاش,"Watch Neghab (Mask) by Farzad Farzin & İlyas Yalçıntaş
By Alfa7 (DMC Turkey)

Subscribe to the official Farzad Farzin YouTube channel:
https://youtube.com/c/farzadfarzinnet​

Follow Farzad Farzin:
Website: http://farzadfarzin.net​
Spotify: https://open.spotify.com/artist/6Cwql...
Instagram: https://instagram.com/farzadfarzin1​
Facebook: https://facebook.com/farzadfarzinfans​
YouTube: https://youtube.com/c/farzadfarzinnet​

–

Vocal : İlyas Yalçıntaş – Farzad Farzin
Music Producer : Farzad Farzin
Turkish – Lyrics : İlyas Yalçıntaş
Persian - Lyrics: Farzad Farzin
Arrangement: Mehran Khalili
Mixing - Mastering: Mohammad Falahi
Strings: Istanbul Strings
Production Company: Alfa7 - 17 Art Group
Director: Vahid Amini
Cinematographer: Vahid Amini
Cover Photo: 17 Art Group
Producer: Nasuh Yalçıntaş - HamidReza Amini
Coordinator: Sepehr Mardi
Makeup : Missun Beauty
Hairdresser : Makas Cihangir
Social Media: Ömer Can Peker - 17 Art Group

#FarzadFarzin #IlyasYalcintas #PersianMusic #TurkishMusic #PersianTurkish #Neghab #Mask",UCMQ39QYA6tpAu_ZDaOWn7IQ,Farzad Farzin,2022-03-23T16:00:30Z,10,en,fa-IR,PT4M1S,hd,False,False,5256030,27288.0,5663.0,public,True,False,241,needs_review,insufficient_evidence,official_artist,trusted,top20_manual_audit_2026-07-10; confidence=high,trusted_needs_content_review,trusted_source_but_v2_content_ambiguous
4,فرزاد فرزین,pop,14,tSA-WxB7ts8,Farzad Farzin - Oghyanoos ( فرزاد فرزین - اقیانوس ),UCuGnnvoIOfRfkvYVHzTUWYQ,Persian Media Group,2018-08-06T14:46:27Z,فرزاد فرزین,pending_review,,Farzad Farzin - Oghyanoos ( فرزاد فرزین - اقیانوس ),"►Subscribe to Persian Media Group on YouTube: 
https://bit.ly/PersianMedia-YouTube

►Listen To More Music By Farzad Farzin : 
Youtube : https://bit.ly/FarzadFarzin-YouTubeMusic
Spotify : https://bit.ly/FarzadFarzin-SpotifyMusic
iTunes : https://bit.ly/FarzadFarzin-iTunesMusic

►Follow Persian Media Group Online :
Instagram : https://bit.ly/PersianMedia-Instagram
Facebook : https://bit.ly/PersianMedia-FaceBook

Official Music Video By Farzad Farzin Performing “ Oghyanoos “

►Official Lyrics :
""متن آهنگ اقیانوس از فرزاد فرزین""

میخندی و خندت مثله اون اولا نیست اینجایی اما فکرت اصلا این جاها نیست
جوری غریبی میکنی با من که انگار حتی قیافم واسه ی تو آشنا نیست
حتی قیافم واسه ی تو آشنا نیست

اینکه تو رو از دست بدم کابوسه من بود آغوشه آرومه تو اقیانوسه من بود
تو تا همیشه تویه قلبم موندگاری واسه پشیمونی همیشه وقت داری

اینکه تو رو از دست بدم کابوسه من بود آغوشه آرومه تو اقیانوسه من بود
تمومه لحظه های بی تو ناتمومه تصویر خنده هات همیشه رو به رومه

غیر از کسی که بینه ماهارو بهم زد حالا دیگه هیشکی میونه ما دو تا نیست
من دست و پامو تویه عشقت بستمو اون حتما مثله من تویه عشق بی دست و پا نیست
هر روز میگم با خودم مردم براش تا بعدا نپرسم از خودم هر روز چرا نیست

اینکه تو رو از دست بدم کابوسه من بود آغوشه آرومه تو اقیانوسه من بود
تو تا همیشه تویه قلبم موندگاری واسه پشیمونی همیشه وقت داری

اینکه تو رو از دست بدم کابوسه من بود آغوشه آرومه تو اقیانوسه من بود
تمومه لحظه های بی تو ناتمومه تصویر خنده هات همیشه رو به رومه #PersianMusic #WorldMusic #TraditionalAndContemporary",UCuGnnvoIOfRfkvYVHzTUWYQ,Persian Media Group,2018-08-06T14:46:27Z,10,fa,en-US,PT3M49S,hd,False,True,926236,3509.0,104.0,public,True,False,229,needs_review,music_category_and_licensed_but_no_release_pattern,label_or_distributor,trusted,sources_21_40_manual_audit_2026-07-10; confidence=high,trusted_needs_content_review,trusted_source_but_v2_content_ambiguous
4,فرزاد فرزین,pop,17,lY0HiviZ-VE,Farzad Farzin - Bi Enteha || فرزاد فرزین - بی انتها,UCCn_0vWsa35jSTRNlX15hzQ,TPM - Top Persian Music,2020-11-06T14:30:03Z,فرزاد فرزین,pending_review,,Farzad Farzin - Bi Enteha || فرزاد فرزین - بی انتها,"آهنگ فارسی بی انتها از فرزاد فرزین

Farzad Farzan - Bi Enteha || فرزاد فرزین - بی انتها

----------------------------------

آهنگها و موزیک ویدیوهای فرزاد فرزین در لینک زیر 

https://www.youtube.com/watch?v=T9Kb9OEp2Kg&list=PLlVABjnN0Zp_MJP1qNayzvcxT0OyjaT75

----------------------------------

شناسنامه آهنگ بی انتها از فرزاد فرزین 

خواننده : فرزاد فرزین
ترانه :‌ حامد رجبی و و مسعود محمدی
موزیک :‌ فرزاد فرزین و عماد طغرایی
میکس و مسترینگ : ایمان احمدزاده

----------------------------------

متن آهنگ بی انتها از فرزاد فرزین

بمیرم من واسه عشق دوتامونو
واسه تنهایی بی انتهامونو
کی باید جمع کنه این قلب داغونو

تو رفتی و غمت یه شبه آبم کرد
ببین دنیا منو بی تو جوابم کرد
تو رفتی حرف این مردم خرابم کرد

تو رفتی زندگیمون رفت
یه عاشق زیر بارون رفت
دیدی آخر یکیمون رفت کجایی

بمیرم بهتر از اینه نمیتونه تو این سینه
تموم شهر غمگینه کجایی

نه میتونم برم از خونه بیرون
نه از فکر توئه دیوونه بیرون
تو نیستی و هنوز بارونه بیرون
تو نیستی و هنوز اسمت عزیزه

رفیق قلبی که بی تو مریضه
همین تنهاییه بی همه چیزه

تو رفتی زندگیمون رفت
یه عاشق زیر بارون رفت
دیدی آخر یکیمون رفت کجایی

----------------------------------

#Farzad_Farzin
#فرزاد_فرزین
#Bi_Enteha
#بی_انتها
#TPM
#Top_Persian_Music
#Persian_Music
#Atish
#آتیش
#Kharabesh_Kardi
#Mankan
#سریال_مانکن
#Jaye_To_Khalie",UCCn_0vWsa35jSTRNlX15hzQ,TPM - Top Persian Music,2020-11-06T14:30:03Z,10,fa,fa,PT3M17S,hd,True,True,134335,1385.0,31.0,public,True,False,197,needs_review,music_category_and_licensed_but_no_release_pattern,trusted_music_platform,trusted,top20_manual_audit_2026-07-10; confidence=high,trusted_needs_content_review,trusted_source_but_v2_content_ambiguous
4,فرزاد فرزین,pop,18,04cQcPj2Qj8,Farzad Farzin – Nagi ke Nagoftam (Mp3) – آهنگ «نگی که نگفتم» فرزاد فرزین,UCMQ39QYA6tpAu_ZDaOWn7IQ,Farzad Farzin,2022-03-11T09:30:00Z,فرزاد فرزین,pending_review,,Farzad Farzin – Nagi ke Nagoftam (Mp3) – آهنگ «نگی که نگفتم» فرزاد فرزین,"Farzad Farzin's Nagi ke Nagoftam – Music (Mp3)
 موزیک نگی که نگفتم با صدای فرزاد فرزین

Subscribe to the official Farzad Farzin YouTube channel:
https://youtube.com/c/farzadfarzinnet​

Follow Farzad Farzin:
Website: http://farzadfarzin.net​
Spotify: https://open.spotify.com/artist/6CwqlS95wmmB4ZWgCtdzUi
Instagram: https://instagram.com/farzadfarzin1​
Facebook: https://facebook.com/farzadfarzinfans​
YouTube: https://youtube.com/c/farzadfarzinnet​

–
Cover art: Saalaar Pizari
Music and Lyrics: Farzad Farzin
Lyrics 2: Pedram Shahrabi
Arrangement, Mix & Mastering:  Hamed Baradaran
Executive Manager: Hamidreza Amini
Thanks to Shock Band

#FarzadFarzin #NagikeNagoftam #MusicVideo #IranianMusic #PersianMusic #OldSchool",UCMQ39QYA6tpAu_ZDaOWn7IQ,Farzad Farzin,2022-03-11T09:30:00Z,10,en,fa-IR,PT3M9S,hd,False,True,502830,2585.0,551.0,public,True,False,189,needs_review,music_category_and_licensed_but_no_release_pattern,official_artist,trusted,top20_manual_audit_2026-07-10; confidence=high,trusted_needs_content_review,trusted_source_but_v2_content_ambiguous
4,فرزاد فرزین,pop,25,AZPF2AtYsCQ,Farzad Farzin – Tamoomesh Kon (Unplugged) – موزیک ویدئوی تمومش کن فرزاد فرزین ( زنده - آنپلاگد),UCMQ39QYA6tpAu_ZDaOWn7IQ,Farzad Farzin,2023-09-10T17:15:00Z,فرزاد فرزین,pending_review,,Farzad Farzin – Tamoomesh Kon (Unplugged) – موزیک ویدئوی تمومش کن فرزاد فرزین ( زنده - آنپلاگد),"❤️‍🩹 Tamoomesh Kon Unplugged by Farzad Farzin – موزیک ویدئوی «تمومش کن آنپلاگد» با صدای فرزاد فرزین–

Director: Aref Samadian
Lyrics & Music: Farzad Farzin
Arrangement, Mix, and Mastering: Mehran Khalili
Special thanks to Shock Band
–


#FarzadFarzin #TamoomeshKon #VideoClip #Pop #unplugged",UCMQ39QYA6tpAu_ZDaOWn7IQ,Farzad Farzin,2023-09-10T17:15:00Z,10,fa,fa-IR,PT3M36S,hd,True,True,124026,1245.0,13372.0,public,True,False,216,needs_review,review_title_pattern_live_or_unplugged,official_artist,trusted,top20_manual_audit_2026-07-10; confidence=high,trusted_needs_content_review,trusted_source_but_v2_content_ambiguous
3,محسن چاووشی,pop,3,JxwGTSxGCUM,Hasbi Allah,UCw5LO6ba1yNC3cps4Zu_1Hg,Mohsen Chavoshi - Topic,2026-03-14T11:43:26Z,محسن چاووشی,pending_review,,Hasbi Allah,"Provided to YouTube by NG Network

Hasbi Allah · Mohsen Chavoshi

Hasbi Allah

℗ Mohsen Chavoshi

Released on: 2026-03-14

Music Publisher: Copyright Control
Composer: Mohsen Chavoshi
Lyricist: Mehdi Abbasi

Auto-generated by YouTube.",UCw5LO6ba1yNC3cps4Zu_1Hg,Mohsen Chavoshi - Topic,2026-03-14T11:43:26Z,10,en,,PT4M28S,hd,False,True,430046,6951.0,1539.0,public,True,False,268,needs_review,music_category_and_licensed_but_no_release_pattern,topic,trusted,sources_41_60_manual_audit_2026-07-10; confidence=high,trusted_needs_content_review,trusted_source_but_v2_content_ambiguous
3,محسن چاووشی,pop,6,GHXE50UFijM,Mohsen Chavoshi - Doset Dashtam [ Alternative Version ] محسن چاوشی - دوست داشتم,UCO7rnnjVkPeDutLWuROEzKw,MohsenChavoshiVEVO,2024-01-09T15:38:33Z,محسن چاووشی,pending_review,,Mohsen Chavoshi - Doset Dashtam [ Alternative Version ] محسن چاوشی - دوست داشتم,"Powered by: https://ng-network.com

Please take a moment and subscribe to NG Network official channel: https://bit.ly/NGNetworkMusic

Mohsen Chavoshi best songs:
https://bit.ly/MohsenChavoshiSongs

Best Persian Hits:
https://bit.ly/BestPersianHits

Get Connected With “Mohsen Chavoshi”

Audio Available on:
YouTube Music: https://bit.ly/Chavoshi_YouTubeMusic
Spotify: https://bit.ly/Chavoshi_Spotify
Apple Music: https://bit.ly/Chavoshi_AppleMusic

FOLLOW  NG Network👇
https://www.instagram.com/ng.networkco/

Please take a moment and share this video with your friends. Thank you",UCO7rnnjVkPeDutLWuROEzKw,MohsenChavoshiVEVO,2024-01-09T15:38:33Z,10,en,,PT4M5S,hd,False,True,2488988,10486.0,614.0,public,True,False,245,needs_review,music_category_and_licensed_but_no_release_pattern,vevo,trusted,top20_manual_audit_2026-07-10; confidence=high,trusted_needs_content_review,trusted_source_but_v2_content_ambiguous
3,محسن چاووشی,pop,24,7YdC-IA-N0s,Mohsen Chavoshi - Mah Pishooni | محسن چاوشی -  ماه پیشونی  (Shahrzad),UCN73foROjDkwZEKS05z6KHQ,The ZiCord,2025-05-28T08:29:50Z,محسن چاووشی,pending_review,,Mohsen Chavoshi - Mah Pishooni | محسن چاوشی -  ماه پیشونی  (Shahrzad),"🎬 Watch all music videos from Shahrzad in this playlist: 
https://youtube.com/playlist?list=PLoYXKV2IegK4EiXVYHLLuBmTypIR6E7pE&si=a3gfjcf2u0XVAxMr

Mohsen Chavoshi - Mah Pishooni | محسن چاوشی -  ماه پیشونی (Official Music Video)

Artist: Mohsen Chavoshi
Lyrics: Mohsen Abolhassani
Label: The Zicord & Lotus Play
Release Date: July 23, 2018



📲 Follow ZiCord on Social Networks and Streaming Platforms
Spotify: https://open.spotify.com/user/31cqec5erd6tn562leotaxzkrxh4?si=dedb5cd1232540df
Instagram: https://www.instagram.com/theZiCord
Twitter: https://twitter.com/thezicord
Linkedin: https://www.linkedin.com/company/zicord
Website: https://zicord.com
TikTok: https://www.tiktok.com/@thezicord


Lyric:
میون این همه سرگردونی ، دل من گرفته ماه پیشونی
بیا باز دوباره بی تابم کن ، منو تو رنگ چشمات خوابم کن
نگو قصه آخرش مرگ منه ، داره چشمات منو آتش میزنه
نگو از تلخی دنیا سیرم ، نگو میرم، نگو که می میرم
ای گل بهار ام، دشت لاله زارم ، قلب داغدارم، سنگ بی مزارم
درد ماندگارم، روز ناگذارم ، زخم بی شمارم، زهر روزگارم
خنده هام و با تو از نو ساختم ، باز به حرف های تو دل می باختم
میون این همه سرگردونی ، اومدم تو قلب تو مهمونی
بی ستون قلب مو می کندم ، شکل خنده هات شدم میخندم
چشم هات از صدتا غزل بهتر شد ، خنده هات غنچه ولی پرپر شد
ای گل بهارم دشت لاله زارم ، قلب داغدارم سنگ بی مزارم
درد موندگارم روزگذارم ، زخم بی شمارم زهر روزگارم

#ZiCord #mohsenchavoshi #ماه_پیشونی #MahPishooni #شهرزاد #Shahrzad",UCN73foROjDkwZEKS05z6KHQ,The ZiCord,2025-05-28T08:29:50Z,10,fa,zxx,PT4M2S,hd,False,True,2473072,7085.0,68.0,public,True,False,242,needs_review,music_category_and_licensed_but_no_release_pattern,label_or_distributor,trusted,top20_manual_audit_2026-07-10; confidence=high,trusted_needs_content_review,trusted_source_but_v2_content_ambiguous
5,محسن یگانه,pop,1,cDNDVtoJhik,Mohsen Yeganeh - Behet Ghol Midam ( I promise you ),UCF2LMk6XCzazmPPWrxc7qSg,Mohsen Yeganeh,2016-12-22T23:01:26Z,محسن یگانه,pending_review,,Mohsen Yeganeh - Behet Ghol Midam ( I promise you ),"Added Subtitles

Mp3 Link 
Live Version   http://mohsen-yeganeh.net/music/Mohsen%20Yeganeh%20-%20Behet%20Ghol%20Midam(LIVE%20VERSION).mp3
Orginal Version  http://www.mohsen-yeganeh.net/fansclub/wp-content/uploads/2016/02/Mohsen-Yeganeh-Behet-Ghol-Midam.mp3

Mixing and Mastering by: Arash Pakzad

www.Mohsen-Yeganeh.Net

 #mohsenyeganeh #BehetGholMidam #IPromiseYou",UCF2LMk6XCzazmPPWrxc7qSg,Mohsen Yeganeh,2016-12-22T23:01:26Z,10,fa,fa-IR,PT4M45S,hd,True,True,285002691,991017.0,110053.0,public,True,False,285,needs_review,music_category_and_licensed_but_no_release_pattern,official_artist,trusted,top20_manual_audit_2026-07-10; confidence=high,trusted_needs_content_review,trusted_source_but_v2_content_ambiguous
5,محسن یگانه,pop,5,EcsR7-i4wgQ,Mohsen Yeganeh - Nadaramet ( محسن یگانه - ندارمت ),UCF2LMk6XCzazmPPWrxc7qSg,Mohsen Yeganeh,2022-03-26T11:42:18Z,محسن یگانه,pending_review,,Mohsen Yeganeh - Nadaramet ( محسن یگانه - ندارمت ),"Mohsen Yeganeh - Nadaramet ( محسن یگانه - ندارمت )
*Added Subtitles*
Please Subscribe Our Channel: https://bit.ly/3bLCpfW
Follow Mohsen Yeganeh:
Facebook: https://www.facebook.com/MohsenYeganehOfficial/
Instagram: https://www.instagram.com/mohsen/
Twitter: https://twitter.com/mohsen_yeganeh
Website: http://mohsen-yeganeh.net/

Mohsen Yeganeh - Nadaramet
Lyrics: Mohsen Yeganeh
Music: Mohsen Yeganeh
Arrangement: Alireza Riazi
Mix and Mastering: Arash Pakzad

Listen on Spotify: https://sptfy.com/nadaramet
Listen on Tidal: https://tidal.com/browse/album/222670373
Listen on Itunes: https://apple.co/3NqdphE

محسن یگانه - ندارمت
ترانه سرا: محسن یگانه
آهنگساز: محسن یگانه
تنظیم: علیرضا ریاضی
میکس و مستر: آرش پاکزاد

#mohsenyeganeh #nadaramet #ندارمت",UCF2LMk6XCzazmPPWrxc7qSg,Mohsen Yeganeh,2022-03-26T11:42:18Z,10,fa,fa,PT3M48S,hd,True,True,1338059,11288.0,1941.0,public,True,False,228,needs_review,music_category_and_licensed_but_no_release_pattern,official_artist,trusted,top20_manual_audit_2026-07-10; confidence=high,trusted_needs_content_review,trusted_source_but_v2_content_ambiguous
5,محسن یگانه,pop,9,sad2za8qPwQ,Mohsen Yeganeh - Taghvime Mochaleh ( محسن یگانه - تقویم مچاله ),UCF2LMk6XCzazmPPWrxc7qSg,Mohsen Yeganeh,2025-04-30T14:15:30Z,محسن یگانه,pending_review,,Mohsen Yeganeh - Taghvime Mochaleh ( محسن یگانه - تقویم مچاله ),"Mohsen Yeganeh - Taghvime Mochaleh ( Crumpled Calendar )
Songwriter: Mohsen Yeganeh
Arrangement: Mohammad Abaei
Mix & mastering: Arash Pakzad
Solo & String: Amir Roozbeh
Guitar: Serhan Yasdiman
Bass guitar: Bilal Kalayciogullari 
Saxophone: Mohammad Zarnoosh
Cello: Furkan Demir

Listen on Spotify: https://shorturl.at/CGupE
Please Subscribe to Channel: https://bit.ly/3bLCpfW

محسن یگانه - تقویم مچاله

ترانه سرا: محسن یگانه
آهنگساز: محسن یگانه
تنظیم کننده: محمد آبایی
میکس و مسترینگ: آرش پاکزاد

Please Subscribe Our Channel: https://bit.ly/3bLCpfW
Follow Mohsen Yeganeh:
Facebook: https://www.facebook.com/MohsenYeganehOfficial/
Instagram: https://www.instagram.com/mohsen/
Twitter: https://twitter.com/mohsen_yeganeh
Website: http://mohsen-yeganeh.net/

#mohsen #mohsenyeganeh #taghvime_mochaleh #محسن #محسن_یگانه #تقویم مچاله",UCF2LMk6XCzazmPPWrxc7qSg,Mohsen Yeganeh,2025-04-30T14:15:30Z,10,fa,fa,PT3M51S,hd,True,True,289577,3363.0,811.0,public,True,False,231,needs_review,music_category_and_licensed_but_no_release_pattern,official_artist,trusted,top20_manual_audit_2026-07-10; confidence=high,trusted_needs_content_review,trusted_source_but_v2_content_ambiguous
5,محسن یگانه,pop,10,nphqnZf9Uc0,Mohsen Yeganeh - Sokoot ( محسن یگانه - سکوت ),UC8u6telGfDJ2wd8lSwLoauQ,Persian Music Group,2020-04-17T03:30:09Z,محسن یگانه,pending_review,,Mohsen Yeganeh - Sokoot ( محسن یگانه - سکوت ),"►Subscribe to Persian Music Group on YouTube: 
https://bit.ly/PersianMusic-YouTube

►Listen To More Music By Mohsen Yeganeh:
Youtube : https://bit.ly/BestPersianSongs-YouTube
Spotify : https://bit.ly/PersianMusic-Top50

►Follow Persian Music Group Online :
Instagram : https://bit.ly/PersianMedia-Instagram
Facebook : https://bit.ly/PersianMedia-FaceBook

Official Music By Mohsen Yeganeh Performing “ Nashkan Delamo “

►Official Lyrics :

روزای سخت نبودن با تو خلا امیدو تجربه کردم
داغ دلم که بی تو تازه میشد هم نفسم شد سایه ی سردم
تورو میدیدم اونور ابرا که میخوای سر سری رد شی
آسمونو بی تو خط خطی کردم چجوری میتونی انقده بد شی
چجوری میتونی انقده بد شی ...
سکوت قلبتو بشکن و برگرد نذار این فاصله بیشتر از این شه
نمیخوام مثل گذشته که رفتی دوباره آخر قصه همین شه
سکوت قلبتو بشکن و برگرد نذار این فاصله بیشتر از این شه
نمیخوام مثل گذشته که رفتی دوباره آخر قصه همین شه
روزای سخت نبودن با تو دور نبودنتو خط کشیدم
تازه میفهمم اشتباهم این بود چهره ی عشقمو غلط کشیدم
عشق تو دار و ندار دلم بود اومدی دار و ندارمو بردی
بیا سکوتتو بشکن و برگرد که هنوزم تو دل من نمردی
که هنوزم تو دل من نمردی ...
سکوت قلبتو بشکن و برگرد نذار این فاصله بیشتر از این شه
نمیخوام مثل گذشته که رفتی دوباره آخر قصه همین شه
سکوت قلبتو بشکن و برگرد نذار این فاصله بیشتر از این شه
نمیخوام مثل گذشته که رفتی دوباره آخر قصه همین شه",UC8u6telGfDJ2wd8lSwLoauQ,Persian Music Group,2020-04-17T03:30:09Z,10,fa,en-US,PT3M34S,hd,True,True,1628091,8164.0,296.0,public,True,False,214,needs_review,music_category_and_licensed_but_no_release_pattern,trusted_music_platform,trusted,top20_manual_audit_2026-07-10; confidence=high,trusted_needs_content_review,trusted_source_but_v2_content_ambiguous
5,محسن یگانه,pop,13,qXw9pCpyVEc,Vabastegi,UCobfxWqSORuodnQ5rdNw-bw,Mohsen Yeganeh - Topic,2018-12-17T02:14:42Z,محسن یگانه,pending_review,,Vabastegi,"Provided to YouTube by Foundation Media

Vabastegi · Mohsen Yeganeh

Vabastegi

℗ 2016 M.Y Records

Released on: 2016-11-24

Main  Artist: Mohsen Yeganeh

Auto-generated by YouTube.",UCobfxWqSORuodnQ5rdNw-bw,Mohsen Yeganeh - Topic,2018-12-17T02:14:42Z,10,en,,PT3M,hd,False,True,3128998,12094.0,190.0,public,True,False,180,needs_review,music_category_and_licensed_but_no_release_pattern,topic,trusted,sources_21_40_manual_audit_2026-07-10; confidence=high,trusted_needs_content_review,trusted_source_but_v2_content_ambiguous
5,محسن یگانه,pop,15,witB-02AAao,Mohsen Yeganeh - Moohat ( محسن یگانه - موهات),UCF2LMk6XCzazmPPWrxc7qSg,Mohsen Yeganeh,2019-04-12T19:29:55Z,محسن یگانه,pending_review,,Mohsen Yeganeh - Moohat ( محسن یگانه - موهات),"Mohsen Yeganeh - Moohat ( محسن یگانه - موهات)
Make sure to subscribe Mohsen Yeganeh YouTube Channel: https://bit.ly/3bLCpfW
Listen on Spotify: https://spoti.fi/3bxrGpE

Lyrics: Mohsen Yeganeh
Music: Mohsen Yeganeh
Arrangement: Mohsen Yeganeh
Mix and Mastering: Arash Pakzad

Download on Itunes: https://apple.co/3avjogw

محسن یگانه - موهات
ترانه سرا: محسن یگانه
آهنگساز: محسن یگانه
تنظیم: محسن یگانه
میکس و مستر: آرش پاکزاد

Follow Mohsen Yeganeh:
Facebook: https://www.facebook.com/MohsenYegane...
Instagram: https://www.instagram.com/mohsen/
Twitter: https://twitter.com/mohsen_yeganeh
Website: http://mohsen-yeganeh.net/

#MohsenYeganeh #Moohat #محسن_یگانه",UCF2LMk6XCzazmPPWrxc7qSg,Mohsen Yeganeh,2019-04-12T19:29:55Z,10,fa,fa,PT3M6S,hd,False,True,536300,6246.0,568.0,public,True,False,186,needs_review,music_category_and_licensed_but_no_release_pattern,official_artist,trusted,top20_manual_audit_2026-07-10; confidence=high,trusted_needs_content_review,trusted_source_but_v2_content_ambiguous
5,محسن یگانه,pop,17,OQjEpH0OXNo,Mohsen Yeganeh - Khodkhah ( محسن یگانه - خودخواه ),UCF2LMk6XCzazmPPWrxc7qSg,Mohsen Yeganeh,2020-04-02T16:23:53Z,محسن یگانه,pending_review,,Mohsen Yeganeh - Khodkhah ( محسن یگانه - خودخواه ),"Mohsen Yeganeh - Khodkhah ( محسن یگانه - خودخواه )
Please Subscribe Our Channel: https://bit.ly/3bLCpfW
Follow Mohsen Yeganeh:
Facebook: https://www.facebook.com/MohsenYeganehOfficial/
Instagram: https://www.instagram.com/mohsen/
Twitter: https://twitter.com/mohsen_yeganeh
Website: http://mohsen-yeganeh.net/
Listen on Spotify: https://spoti.fi/2UDIdC9

Lyrics: Mohsen Yeganeh
Music: Mohsen Yeganeh
Arrangement: Shahab Akbari
Mix and Mastering: Arash Pakzad

Download on Itunes: https://apple.co/2UD5Fzx
Listen on Deezer: https://bit.ly/2UESa2v

محسن یگانه - خودخواه
ترانه سرا: محسن یگانه
آهنگساز: محسن یگانه
تنظیم: شهاب اکبری
میکس و مستر: آرش پاکزاد

#mohsenyeganeh #khodkhah #mohsenyeganeh",UCF2LMk6XCzazmPPWrxc7qSg,Mohsen Yeganeh,2020-04-02T16:23:53Z,10,fa,fa,PT4M11S,hd,True,True,1783244,18277.0,2658.0,public,True,False,251,needs_review,music_category_and_licensed_but_no_release_pattern,official_artist,trusted,top20_manual_audit_2026-07-10; confidence=high,trusted_needs_content_review,trusted_source_but_v2_content_ambiguous
5,محسن یگانه,pop,20,PY9m5mYMIdQ,Mohsen Yeganeh - Passing,UCF2LMk6XCzazmPPWrxc7qSg,Mohsen Yeganeh,2018-02-22T17:44:53Z,محسن یگانه,pending_review,,Mohsen Yeganeh - Passing,"Mohsen Yeganeh - Passing
Please Subscribe Our Channel: https://bit.ly/3bLCpfW
Follow Mohsen Yeganeh:
Facebook: https://www.facebook.com/MohsenYeganehOfficial/
Instagram: https://www.instagram.com/mohsen/
Twitter: https://twitter.com/mohsen_yeganeh
Website: http://mohsen-yeganeh.net/
Listen on Spotify: https://sptfy.com/zendegimsookht

Production : Mohsen Yeganeh 
Mix & Master : Arash Pakzad 

#mohsenyeganeh #passing #محسن_یگانه",UCF2LMk6XCzazmPPWrxc7qSg,Mohsen Yeganeh,2018-02-22T17:44:53Z,10,en,fa,PT3M45S,hd,False,True,2338758,22861.0,1221.0,public,True,False,225,needs_review,music_category_and_licensed_but_no_release_pattern,official_artist,trusted,top20_manual_audit_2026-07-10; confidence=high,trusted_needs_content_review,trusted_source_but_v2_content_ambiguous
5,محسن یگانه,pop,22,u4y0jIoA9Yg,Mohsen Yeganeh - Rage Khab ( محسن یگانه - رگ خواب ),UC8u6telGfDJ2wd8lSwLoauQ,Persian Music Group,2020-04-17T05:00:27Z,محسن یگانه,pending_review,,Mohsen Yeganeh - Rage Khab ( محسن یگانه - رگ خواب ),"Mohsen Yeganeh - Rage Khab ( محسن یگانه - رگ خواب )

Subscribe to Persian Media Group : http://bit.ly/PersianMedia #PersianMusic #WorldMusic #TraditionalAndContemporary",UC8u6telGfDJ2wd8lSwLoauQ,Persian Music Group,2020-04-17T05:00:27Z,10,fr,,PT4M49S,hd,False,True,537380,3527.0,248.0,public,True,False,289,needs_review,music_category_and_licensed_but_no_release_pattern,trusted_music_platform,trusted,top20_manual_audit_2026-07-10; confidence=high,trusted_needs_content_review,trusted_source_but_v2_content_ambiguous
5,محسن یگانه,pop,23,rL7sd3FqJ9A,Mohsen Yeganeh - Havaei Shodi ( محسن یگانه - هوایی شدی ),UC8u6telGfDJ2wd8lSwLoauQ,Persian Music Group,2020-04-19T08:00:31Z,محسن یگانه,pending_review,,Mohsen Yeganeh - Havaei Shodi ( محسن یگانه - هوایی شدی ),"Mohsen Yeganeh - Havaei Shodi ( محسن یگانه - هوایی شدی )

Subscribe to Persian Media Group : http://bit.ly/PersianMedia #PersianMusic #WorldMusic #TraditionalAndContemporary",UC8u6telGfDJ2wd8lSwLoauQ,Persian Music Group,2020-04-19T08:00:31Z,10,fa,fa-IR,PT3M44S,hd,True,True,550156,2720.0,68.0,public,True,False,224,needs_review,music_category_and_licensed_but_no_release_pattern,trusted_music_platform,trusted,top20_manual_audit_2026-07-10; confidence=high,trusted_needs_content_review,trusted_source_but_v2_content_ambiguous
5,محسن یگانه,pop,24,hh-9qSUxkFk,Mohsen Yeganeh - Nashkan Delamo ( محسن یگانه - نشکن دلمو ),UC8u6telGfDJ2wd8lSwLoauQ,Persian Music Group,2020-03-29T06:00:15Z,محسن یگانه,pending_review,,Mohsen Yeganeh - Nashkan Delamo ( محسن یگانه - نشکن دلمو ),"►Subscribe to Persian Music Group on YouTube: 
https://bit.ly/PersianMusic-YouTube

►Listen To More Music By Mohsen Yeganeh:
Youtube : https://bit.ly/BestPersianSongs-YouTube
Spotify : https://bit.ly/PersianMusic-Top50

►Follow Persian Music Group Online :
Instagram : https://bit.ly/PersianMedia-Instagram
Facebook : https://bit.ly/PersianMedia-FaceBook

Official Music By Mohsen Yeganeh Performing “ Nashkan Delamo “

►Official Lyrics :

سرگرمی تو شده بازی با این
دل غمگین و خستم
یادت نمیاد اون همه قول و قرارایی
که با تو بستم
با این همه ظلم تو
ببین باز چجوری پای این همه
قول و قرار من نشستم
نشکن دلمو به خدا آهم می‌گیره
دامنتو عاقبت یه روز
نگو بی‌خبری
نگو نمی‌دونی دلم پر از
یه نفرین سینه سوز
نگو بی‌خبری نگو نمی‌دونی
وقتی که نیستی گریه شده کار
این دل عاشق شب و روز
دیوونه نکن دلمو
آهم می‌گیره دامنتو عاقبت یه روز
نگو بی‌خبری نگو نمی‌دونی
دلم پر از یه نفرین سینه سوز
نگو بی‌خبری نگو نمی‌دونی
وقتی که نیستی گریه شده کار
این دل عاشق شب و روز

تبلیغ
پیندو بازار آنلاین به وسعت ایران
مشاهده
yn-ad
سرگرمی تو شده بازی با این
دل غمگین و خستم
یادت نمیاد اون همه قول و قرارایی
که با تو بستم
با این همه ظلم تو
ببین باز چجوری پای این همه
قول و قرار من نشستم
نشکن دلمو به خدا آهم می‌گیره
دامنتو عاقبت یه روز
نگو بی‌خبری
نگو نمی‌دونی دلم پر از
یه نفرین سینه سوز
نگو بی‌خبری نگو نمی‌دونی
وقتی که نیستی گریه شده کار
این دل عاشق شب و روز
دیوونه نکن دلمو
آهم می‌گیره دامنتو عاقبت یه روز
نگو بی‌خبری نگو نمی‌دونی
دلم پر از یه نفرین سینه سوز
نگو بی‌خبری نگو نمی‌دونی
وقتی که نیستی گریه شده کار
این دل عاشق شب و روز #PersianMusic #WorldMusic #TraditionalAndContemporary",UC8u6telGfDJ2wd8lSwLoauQ,Persian Music Group,2020-03-29T06:00:15Z,10,fa,,PT4M24S,hd,False,True,2719791,16255.0,261.0,public,True,False,264,needs_review,music_category_and_licensed_but_no_release_pattern,trusted_music_platform,trusted,top20_manual_audit_2026-07-10; confidence=high,trusted_needs_content_review,trusted_source_but_v2_content_ambiguous
5,محسن یگانه,pop,25,n3_ViPY9yyk,Mohsen Yeganeh - Nabashi ( محسن یگانه - نباشی ),UC8u6telGfDJ2wd8lSwLoauQ,Persian Music Group,2020-04-17T06:30:08Z,محسن یگانه,pending_review,,Mohsen Yeganeh - Nabashi ( محسن یگانه - نباشی ),"Mohsen Yeganeh - Nabashi ( محسن یگانه - نباشی )

Subscribe to Persian Media Group : http://bit.ly/PersianMedia #PersianMusic #WorldMusic #TraditionalAndContemporary",UC8u6telGfDJ2wd8lSwLoauQ,Persian Music Group,2020-04-17T06:30:08Z,10,fa,,PT3M52S,hd,False,True,572126,2387.0,56.0,public,True,False,232,needs_review,music_category_and_licensed_but_no_release_pattern,trusted_music_platform,trusted,top20_manual_audit_2026-07-10; confidence=high,trusted_needs_content_review,trusted_source_but_v2_content_ambiguous
1,همایون شجریان,classic_fusion,3,f3_y_O1qFJc,Homayoun Shajarian - Havaye Geryeh (همایون شجریان - تصنیف هوای گریه),UCjibqVppvIlLK4lbXRsbhhw,Melodifa,2019-07-10T18:55:08Z,همایون شجریان,pending_review,,Homayoun Shajarian - Havaye Geryeh (همایون شجریان - تصنیف هوای گریه),"Homayoun Shajarian - Havaye Geryeh with lyrics now on Melodifa.
همایون شجریان - تصنیف هوای گریه رو همراه با متن شعر در کانال ملودیفا ببینید و بشنوید

#homayoun #shajarian  #melodifa

آواز خوب شد همایون شجریان:    https://www.youtube.com/watch?v=DtHwreZyIh4
آلبوم ایران من همایون شجریان:   https://www.youtube.com/watch?v=u2WtwKd5laU

متن آهنگ هوای گریه همایون شجریان:
نه بسته ام به کس دل نه بسته کس به من دل
چو تخته پاره بر موج رها رها رها من
ز من هر آن که او دور چو دل به سینه نزدیک
به من هر آنکه نزدیک از او جدا جدا من
نه چشم دل به سویی نه باده در سبویی
که تر کنم گلویی به یاد آشنا من
ستاره ها نهفته در آسمان ابری
دلم گرفته ای دوست هوای گریه با من
هوای گریه با من
نه بسته ام به کس دل نه بسته کس به من دل
چو تخته پاره بر موج رها رها رها من
ز من هر آن که او دور چو دل به سینه نزدیک
به من هر آنکه نزدیک از او جدا جدا من

Homayoun Shajarian (Persian: همايون شجريان‎) (born 21 May 1975) is a Persian classical music and Persian classical crossover vocalist, and a Tombak player. ""Hava-ye Geryeh"" is one of his most famous songs. He has one daughter, Yasmine Shajarian.

He was born in Tehran in a music-dedicated family. He is the son of Mohammad Reza Shajarian, the grand master vocalist of Persian traditional music.

همایون شجریان (۳۱ اردیبهشت ۱۳۵۴ تهران) خوانندهٔ موسیقی سنتی ایرانی و نوازندهٔ تنبک و کمانچه است. وی پسر محمدرضا شجریان و برادر مژگان شجریان و برادر زن پرویز مشکاتیان است

همایون شجریان در ۳۱ اردیبهشت ۱۳۵۴ در تهران در خانواده‌ای سرشار از موسیقی متولد شد. وی فرزند محمدرضا شجریان است و از کودکی علاقه به موسیقی و ریتم در او نمایان بود تا آن که با تشخیص پدر نزد ناصر فرهنگ‌فر به فراگیری تکنیک و شناخت ریتم که اساس موسیقی است پرداخت و چند سالی هم آموختن را نزد جمشید محبی ادامه داد. از ده‌سالگی به همراه خواهرانش نزد پدر آواز را شروع کرد و در دوران بلوغ روزانه تکنیک آواز و صداسازی را به‌صورت فشرده فراگرفت. در همان زمان به هنرستان موسیقی رفت و کمانچه را به عنوان ساز تخصصی خود انتخاب کرد و در خارج از هنرستان به ادامهٔ فراگیری آن نزد اردشیر کامکار و آشنایی با تار و سنتور به صورت گوشی پرداخت.

او از سال ۱۳۷۰ به‌همراه محمدرضا شجریان در کنسرت‌های آمریکا، اروپا و ایران (با تنبک) همراهی کرد و از ۱۳۷۸ به بعد در صحنهٔ کنسرت‌ها به هم‌خوانی با پدرش پرداخت. اولین اثر با حضور او یاد ایام نام دارد که در آن اثر همایون شجریان تنبک نوازی را بر عهده داشته‌است. همایون شجریان کنسرت‌های بسیاری را با بزرگان موسیقی اجرا کرده و آثار زیادی را به همراه آنان در ایران و جهان منتشر کرده‌است که می‌توان به آلبوم کنسرت‌های «بی تو بسر نمی‌شود» و «فریاد» اشاره کرد که هردو اثر در سال‌های ۲۰۰۳ و ۲۰۰۵ نامزد دریافت جایزه گرمی شدند

#ملودیفا
#همایون_شجریان
#نسیم_وصل",UCjibqVppvIlLK4lbXRsbhhw,Melodifa,2019-07-10T18:55:08Z,10,fa,en-US,PT7M15S,hd,False,True,5831771,25304.0,2828.0,public,True,False,435,needs_review,music_category_and_licensed_but_no_release_pattern,trusted_music_platform,trusted,top20_manual_audit_2026-07-10; confidence=medium_high,trusted_needs_content_review,trusted_source_but_v2_content_ambiguous
1,همایون شجریان,classic_fusion,4,Nc23hVqxbzY,Homayoun Shajarian - Mastam Ze Negahe To (همایون شجریان - مستم ز نگاه تو),UCX7iFtn4OnJYNLXyKQsnHGg,MELODIFA CLASSIC,2020-08-17T13:00:06Z,همایون شجریان,pending_review,,Homayoun Shajarian - Mastam Ze Negahe To (همایون شجریان - مستم ز نگاه تو),"Homayoun Shajarian - Mastam Ze Negahe To with lyrics now on melodifa.
همایون شجریان - مستم ز نگاه تو رو همراه با متن ترانه در کانال ملودیفا ببینید و بشنوید

#homayoun #MastamZeNegaheTo  #melodifa


متن آهنگ مستم ز نگاه تو همایون شجریان:

لب خندان تو برق چشمان تو برده قرار از دل عاشق زارم
با من بي نوا بيش از اينم جفا دگر مکن يارم
 
اي گل ارغوان همچو سرو چمان 
اي در شب تار من روشنايي
بت چين و ختن روح و جاني به تن 
دل مي ربايي 


آتش زده اي بر دل واي از من و آه از دل
زندگي بي تو شده بي حاصل 
دل شده مجنون چه کنم با دل


مستم زنگاه تو زان چشم سياه تو
همه دم افتاده به چاه تو
صنما سرگشته ی راه تو


از عشقت آرام جان 
شده ام شيداي زمان
من ز سودای وصلِ تو گشته‌ام رسوای جهان


رفت از دستم اختیاربردی از من صبر و قرار
در شب و روز تارِ من مه و خورشیدی ای نگار


آتش زده ای بر دل وای از من و آه از دل
زندگی بی تو شده بی حاصل
 دل شده مجنون
چه کنم با دل
مستم ز نگاه تو
زان چشمِ سیاهِ تو حبیبم افتاده به چاهِ تو
صنما؛ سرگشته ی راهِ تو


Homayoun Shajarian (Persian: همايون شجريان‎) (born 21 May 1975) is a Persian classical music and Persian classical crossover vocalist, and a Tombak player. ""Hava-ye Geryeh"" is one of his most famous songs. He has one daughter, Yasmine Shajarian.


He was born in Tehran in a music-dedicated family. He is the son of Mohammad Reza Shajarian, the grand master vocalist of Persian traditional music.


همایون شجریان (۳۱ اردیبهشت ۱۳۵۴ تهران) خوانندهٔ موسیقی سنتی ایرانی و نوازندهٔ تنبک و کمانچه است. وی پسر محمدرضا شجریان و برادر مژگان شجریان و برادر زن پرویز مشکاتیان است


همایون شجریان در ۳۱ اردیبهشت ۱۳۵۴ در تهران در خانواده‌ای سرشار از موسیقی متولد شد. وی فرزند محمدرضا شجریان است و از کودکی علاقه به موسیقی و ریتم در او نمایان بود تا آن که با تشخیص پدر نزد ناصر فرهنگ‌فر به فراگیری تکنیک و شناخت ریتم که اساس موسیقی است پرداخت و چند سالی هم آموختن را نزد جمشید محبی ادامه داد. از ده‌سالگی به همراه خواهرانش نزد پدر آواز را شروع کرد و در دوران بلوغ روزانه تکنیک آواز و صداسازی را به‌صورت فشرده فراگرفت. در همان زمان به هنرستان موسیقی رفت و کمانچه را به عنوان ساز تخصصی خود انتخاب کرد و در خارج از هنرستان به ادامهٔ فراگیری آن نزد اردشیر کامکار و آشنایی با تار و سنتور به صورت گوشی پرداخت.


او از سال ۱۳۷۰ به‌همراه محمدرضا شجریان در کنسرت‌های آمریکا، اروپا و ایران (با تنبک) همراهی کرد و از ۱۳۷۸ به بعد در صحنهٔ کنسرت‌ها به هم‌خوانی با پدرش پرداخت. اولین اثر با حضور او یاد ایام نام دارد که در آن اثر همایون شجریان تنبک نوازی را بر عهده داشته‌است. همایون شجریان کنسرت‌های بسیاری را با بزرگان موسیقی اجرا کرده و آثار زیادی را به همراه آنان در ایران و جهان منتشر کرده‌است که می‌توان به آلبوم کنسرت‌های «بی تو بسر نمی‌شود» و «فریاد» اشاره کرد که هردو اثر در سال‌های ۲۰۰۳ و ۲۰۰۵ نامزد دریافت جایزه گرمی شدند




#ملودیفا
#همایون_شجریان",UCX7iFtn4OnJYNLXyKQsnHGg,MELODIFA CLASSIC,2020-08-17T13:00:06Z,10,fa,fa-IR,PT5M43S,hd,False,True,3839913,12909.0,1177.0,public,True,False,343,needs_review,music_category_and_licensed_but_no_release_pattern,trusted_music_platform,trusted,sources_21_40_manual_audit_2026-07-10; confidence=high,trusted_needs_content_review,trusted_source_but_v2_content_ambiguous
1,همایون شجریان,classic_fusion,7,qhKcG8m70FE,Homayoun Shajarian - Zolf Bar Bad Made ( همایون شجریان - زلف بر باد مده ),UCmBIX3tItWTCmbkcARiyZkg,Homayoun Shajarian,2022-03-14T16:30:06Z,همایون شجریان,pending_review,,Homayoun Shajarian - Zolf Bar Bad Made ( همایون شجریان - زلف بر باد مده ),"Subscribe For More Videos :
https://www.youtube.com/c/HomayounShajarianChannel

Official Music By Homayoun Shajarian Performing "" Zolf Bar Bad Made ""
 شنونده آهنگ "" زلف بر باد مده "" از همایون شجریان باشید

در آستانه بهار دلکش، این قطعه با حمایت پی پاد تقدیم دوستداران می شود.

تصنیف: زلف بر باد مده

آواز : همایون شجریان
آهنگساز : سعید فرجپوری
تنظیم : غلامرضا صادقی
 شعر : حافظ

نوازندگان:
کمانچه: سعید فرجپوری
تار و عود: آزاد میرزاپور
سنتور: مهیار طریحی
دف و دایره: حسین رضایی نیا
تمبک: آئین مشکاتیان
ضبط و میکس: غلامرضا صادقی


متن آهنگ :
زلف بر باد مده تا ندهی بر بادم
ناز بنیاد مکن تا نکنی بنیادم
می مخور با همه کس تا نخورم خون جگر
سر مکش تا نکشد سر به فلک فریادم
زلف را حلقه مکن تا نکنی در بندم
طره را تاب مده تا ندهی بر بادم
شهره شهر مشو تا ننهم سر در کوه
شور شیرین منما تا نکنی فرهادم
رحم کن بر من مسکین و به فریادم رس
تا به خاک در آصف نرسد فریادم

#همایون¬شجریان #پرداختالکترونیکپاسارگاد#پی¬پاد#آرپا#سعیدفرجپوری#رضا صادقی
‏paypod #pepcoir #homayounshajarian #rezasadeghi#saeedfarajpoori #HomayounShajarian
#PersianClassicalMusic
#IranianMusic",UCmBIX3tItWTCmbkcARiyZkg,Homayoun Shajarian,2022-03-14T16:30:06Z,10,fa,fa-IR,PT5M20S,hd,False,True,2005367,11369.0,740.0,public,True,False,320,needs_review,music_category_and_licensed_but_no_release_pattern,official_artist,trusted,top20_manual_audit_2026-07-10; confidence=high,trusted_needs_content_review,trusted_source_but_v2_content_ambiguous
1,همایون شجریان,classic_fusion,13,wDES77ndVFg,Homayoun Shajarian - Sanama ( اجرای زنده قطعه صنما - همایون شجریان، سهراب پورناظری ),UCmBIX3tItWTCmbkcARiyZkg,Homayoun Shajarian,2022-01-15T13:30:07Z,همایون شجریان,pending_review,,Homayoun Shajarian - Sanama ( اجرای زنده قطعه صنما - همایون شجریان، سهراب پورناظری ),"Subscribe For More Videos :
https://www.youtube.com/c/HomayounShajarianChannel

Official Live Performance By Homayoun Shajarian & Sohrab Pournazeri Performing "" Sanama ""
 بیننده اجرای آهنگ "" قطعه صنما "" از همایون شجریان و سهراب پورناظری باشید #HomayounShajarian
#PersianClassicalMusic
#IranianMusic",UCmBIX3tItWTCmbkcARiyZkg,Homayoun Shajarian,2022-01-15T13:30:07Z,10,fa,fa-IR,PT2M46S,sd,False,True,435380,5749.0,398.0,public,True,False,166,needs_review,review_title_pattern_live_or_unplugged,official_artist,trusted,top20_manual_audit_2026-07-10; confidence=high,trusted_needs_content_review,trusted_source_but_v2_content_ambiguous
1,همایون شجریان,classic_fusion,15,qgFBMyxJ4eg,Homayoun Shajarian - Yek Nafas Arezouye To ( همایون شجریان - یک نفس آرزوی تو ),UCmBIX3tItWTCmbkcARiyZkg,Homayoun Shajarian,2021-06-28T05:30:08Z,همایون شجریان,pending_review,,Homayoun Shajarian - Yek Nafas Arezouye To ( همایون شجریان - یک نفس آرزوی تو ),"Subscribe For More Videos :
https://www.youtube.com/c/HomayounShajarianChannel

Official Music Video By Homayoun Shajarian Performing "" Yek Nafas Arezouye To ""
 بیننده موزیک ویدیو آهنگ "" یک نفس آرزوی تو "" از همایون شجریان باشید

موزیک ویدیو #یک_نفس_آرزوی_تو 
آواز: همایون شجریان
آهنگ : سعید فرج پوری 
@saeed_farajpoori
تنظیم: غلامرضا صادقی
@rezasadeghi_musician
شعر: کمال جعفری امام زاده
@kamal_jafari_emamzadeh
نوازندگان:
سه تار : همایون شجریان
سنتور: مهیار طریحی
گیتار : نوید زمردی
اجرای سازهای الکترونیک، ضبط، میکس و مسترینگ : غلامرضا صادقی
تدوین : مسعود رفیع زاده
سریال #می_خواهم_زنده_بمانم، به کارگردانی شهرام شاه‌حسینی و تهیه‌کنندگی محمد شایسته.
متن شعر :

ای که همه نگاه من خورده گره به روی تو
تا نرود نفس ز تن پا نکشم‌ز کوی تو
گر چه به شعله می کشی قلب مرا به عشوه ات
بر دو‌جهان نمی دهم یک سر تار موی تو
مستی هر نگاه تو به ز شراب و‌جام می
کی ز سرم برون شود یک نفس آرزوی تو
در قفس خیال تو تکیه زنم به انتظار
تا که تو بشکنی قفس پر بکشم بسوی تو #HomayounShajarian
#PersianClassicalMusic
#IranianMusic",UCmBIX3tItWTCmbkcARiyZkg,Homayoun Shajarian,2021-06-28T05:30:08Z,10,fa,fa-IR,PT4M10S,hd,True,True,6253706,21588.0,1325.0,public,True,False,250,needs_review,music_category_and_licensed_but_no_release_pattern,official_artist,trusted,top20_manual_audit_2026-07-10; confidence=high,trusted_needs_content_review,trusted_source_but_v2_content_ambiguous
1,همایون شجریان,classic_fusion,18,DtHwreZyIh4,Homayoun Shajarian - Khoob Shod (همایون شجریان و سهراب پورناظری - خوب شد),UCjibqVppvIlLK4lbXRsbhhw,Melodifa,2019-01-14T19:09:46Z,همایون شجریان,pending_review,,Homayoun Shajarian - Khoob Shod (همایون شجریان و سهراب پورناظری - خوب شد),"Homayoun Shajarian - Khoob shod  with lyrics on Melodifa
تصنیف خوب شد دردم دوا شد از آلبوم ایران من همایون شجریان را در کانال ملودیفا بشنوید و با لیریک فارسی ببینید.

#Shajarian #Homayoun #Melodifa
https://www.youtube.com/playlist?list=PLCcZ6mYwtCt6_Wb7yE0boEPq31gc5Akid

آواز: همایون شجریان
آهنگساز: سهراب پورناظری
ترانه : اهورا ایمان بر اساس مضمونی از داستان زال و رودابه
آلبوم: ایران من
تاریخ انتشار: شهریور ۹۷

#Homayounshajarian
#Iraneman
#Melodifa

Homayoun Shajarian - hümayun şeceryan sings “khoob shod” . This Persian music is presented here with lyrics. This music is a love song in Persian classic music.

تصنیف خوب شد همایون شجریان یک آهنگ ایرانی عاشقانه است در آواز دشتی که ملودی آن کاملا فضای موسیقی دستگاهی ایرانی را دنبال می کند اما در تنظیم فضایی تلفیقی را می شنویم.


راه امشب میبرد سویت مرا
میکشد در بند گیسویت مرا
گاه لیلا گاه مجنون میکند
گرگ و میشِ چشم آهویت مرا
من تو را بر شانه هایم میکشم
یا تو میخوانی به گیسویت مرا
زخم ها زد راه بر جانم ولی
زخمِ عشق آورده تا کویت مرا
خوب شد دردم دوا شد خوب شد
دل به عشقت به عشقت مبتلا شد خوب شد
خوب شد دردم دوا شد خوب شد
دل به عشقت به عشقت مبتلا شد خوب شد
راه امشب میبرد سویت مرا
میکشد در بند گیسویت مرا
گاه لیلا گاه مجنون میکند
گرگ و میشِ چشم آهویت مرا
من تو را بر شانه هایم میکشم
یا تو میخوانی به گیسویت مرا
زخم ها زد راه بر جانم ولی
زخمِ عشق آورده تا کویت مرا
خوب شد دردم دوا شد خوب شد
دل به عشقت به عشقت مبتلا شد خوب شد
خوب شد دردم دوا شد خوب شد
دل به عشقت به عشقت مبتلا شد خوب شد


Homayoun Shajarian - hümayun şeceryan (Persian: همايون شجريان‎) (born 21 May 1975) is Persian classical music and Persian classical crossover vocalist, and a Tombak player. ""Hava-ye Geryeh"" is one of his most famous songs. He has one daughter, Yasmine Shajarian.

He was born in Tehran in a music-dedicated family. He is the son of Mohammad Reza Shajarian, the grand master vocalist of Persian traditional music.

همایون شجریان (۳۱ اردیبهشت ۱۳۵۴ تهران) خوانندهٔ موسیقی سنتی ایرانی و نوازندهٔ تنبک و کمانچه است. وی پسر محمدرضا شجریان و برادر مژگان شجریان و برادر زن پرویز مشکاتیان است

همایون شجریان در ۳۱ اردیبهشت ۱۳۵۴ در تهران در خانواده‌ای سرشار از موسیقی متولد شد. وی فرزند محمدرضا شجریان است و از کودکی علاقه به موسیقی و ریتم در او نمایان بود تا آن که با تشخیص پدر نزد ناصر فرهنگ‌فر به فراگیری تکنیک و شناخت ریتم که اساس موسیقی است پرداخت و چند سالی هم آموختن را نزد جمشید محبی ادامه داد. از ده‌سالگی به همراه خواهرانش نزد پدر آواز را شروع کرد و در دوران بلوغ روزانه تکنیک آواز و صداسازی را به‌صورت فشرده فراگرفت. در همان زمان به هنرستان موسیقی رفت و کمانچه را به عنوان ساز تخصصی خود انتخاب کرد و در خارج از هنرستان به ادامهٔ فراگیری آن نزد اردشیر کامکار و آشنایی با تار و سنتور به صورت گوشی پرداخت.


آلبوم ایران من به عنوان جدیدترین اثر همایون شجریان و سهراب پورناظری یکی از بهترین آلبومهای موسیقی سنتی در سال ۹۷ بوده و باعث تحسین بسیاری از منتقدین موسیقی سنتی شده است
https://www.youtube.com/watch?v=u2WtwKd5laU",UCjibqVppvIlLK4lbXRsbhhw,Melodifa,2019-01-14T19:09:46Z,22,fa,fa,PT4M30S,hd,True,True,4661135,22279.0,1334.0,public,True,False,270,needs_review,insufficient_evidence,trusted_music_platform,trusted,top20_manual_audit_2026-07-10; confidence=medium_high,trusted_needs_content_review,trusted_source_but_v2_content_ambiguous
1,همایون شجریان,classic_fusion,20,FgJhzDxnA9o,Homayoun Shajarian - Ba Man Sanama (همایون شجریان - با من صنما - آرایش غلیظ),UCjibqVppvIlLK4lbXRsbhhw,Melodifa,2021-02-10T15:30:03Z,همایون شجریان,pending_review,,Homayoun Shajarian - Ba Man Sanama (همایون شجریان - با من صنما - آرایش غلیظ),"Homayoun Shajarian - Ba Man Sanama  now on melodifa.
همایون شجریان - با من صنما- آرایش غلیظ رو در کانال ملودیفا ببینید و بشنوید


#homayoun #BaManSanama  #melodifa

متن آهنگ با من صنما- آرایش غلیظ همایون شجریان:
با من صنما دل یک دله کن
گر سر ننهم آنگه گله کن
 با من صنما دل یک دله کن  
ای مطرب دل زآن نغمه ی خوش 
این مغز مرا پرمشغله کن
ای مطرب دل زآن نغمه ی خوش
این مغز مرا پرمشغله کن


Homayoun Shajarian (Persian: همايون شجريان‎) (born 21 May 1975) is a Persian classical music and Persian classical crossover vocalist, and a Tombak player. ""Hava-ye Geryeh"" is one of his most famous songs. He has one daughter, Yasmine Shajarian.

He was born in Tehran in a music-dedicated family. He is the son of Mohammad Reza Shajarian, the grand master vocalist of Persian traditional music.

همایون شجریان (۳۱ اردیبهشت ۱۳۵۴ تهران) خوانندهٔ موسیقی سنتی ایرانی و نوازندهٔ تنبک و کمانچه است. وی پسر محمدرضا شجریان و برادر مژگان شجریان و برادر زن پرویز مشکاتیان است

همایون شجریان در ۳۱ اردیبهشت ۱۳۵۴ در تهران در خانواده‌ای سرشار از موسیقی متولد شد. وی فرزند محمدرضا شجریان است و از کودکی علاقه به موسیقی و ریتم در او نمایان بود تا آن که با تشخیص پدر نزد ناصر فرهنگ‌فر به فراگیری تکنیک و شناخت ریتم که اساس موسیقی است پرداخت و چند سالی هم آموختن را نزد جمشید محبی ادامه داد. از ده‌سالگی به همراه خواهرانش نزد پدر آواز را شروع کرد و در دوران بلوغ روزانه تکنیک آواز و صداسازی را به‌صورت فشرده فراگرفت. در همان زمان به هنرستان موسیقی رفت و کمانچه را به عنوان ساز تخصصی خود انتخاب کرد و در خارج از هنرستان به ادامهٔ فراگیری آن نزد اردشیر کامکار و آشنایی با تار و سنتور به صورت گوشی پرداخت.

او از سال ۱۳۷۰ به‌همراه محمدرضا شجریان در کنسرت‌های آمریکا، اروپا و ایران (با تنبک) همراهی کرد و از ۱۳۷۸ به بعد در صحنهٔ کنسرت‌ها به هم‌خوانی با پدرش پرداخت. اولین اثر با حضور او یاد ایام نام دارد که در آن اثر همایون شجریان تنبک نوازی را بر عهده داشته‌است. همایون شجریان کنسرت‌های بسیاری را با بزرگان موسیقی اجرا کرده و آثار زیادی را به همراه آنان در ایران و جهان منتشر کرده‌است که می‌توان به آلبوم کنسرت‌های «بی تو بسر نمی‌شود» و «فریاد» اشاره کرد که هردو اثر در سال‌های ۲۰۰۳ و ۲۰۰۵ نامزد دریافت جایزه گرمی شدند


#ملودیفا
#همایون_شجریان",UCjibqVppvIlLK4lbXRsbhhw,Melodifa,2021-02-10T15:30:03Z,10,fa,fa,PT2M31S,hd,False,True,613547,5406.0,411.0,public,True,False,151,needs_review,music_category_and_licensed_but_no_release_pattern,trusted_music_platform,trusted,top20_manual_audit_2026-07-10; confidence=medium_high,trusted_needs_content_review,trusted_source_but_v2_content_ambiguous
1,همایون شجریان,classic_fusion,21,UAuuh3c4Jyc,Homayoun Shajarian - Gholab  (همایون شجریان و سهراب پورناظری - تصنیف قلاب),UCjibqVppvIlLK4lbXRsbhhw,Melodifa,2019-01-14T18:52:29Z,همایون شجریان,pending_review,,Homayoun Shajarian - Gholab  (همایون شجریان و سهراب پورناظری - تصنیف قلاب),"Homayoun Shajarian - Gholab
تصنیف قلاب از آلبوم ایران من همایون شجریان را در کانال ملودیفا بشنوید و با لیریک فارسی ببینید

#Shajarian #Melodifa #Gholab
https://www.youtube.com/playlist?list=PLCcZ6mYwtCt6_Wb7yE0boEPq31gc5Akid

آواز: همایون شجریان
آهنگساز: سهراب پورناظری
ترانه بر اساس شعری از سعدی
آلبوم: ایران من
تاریخ انتشار: شهریور ۹۷

#Homayounshajarian
#iraneman
#melodifa

Homayoun Shajarian (hümayun şeceryan) sings Gholab, a poem from Saadi on a music created by Sohrab Pournazeri. In this persian music, homayoun presents Gholab, a story of love and distance. The Iranian music is created by persian instruments.

همایون شجریان در این تصنیف که آهنگساز آن سهراب پورناظری است شاهکاری از موسیقی ایرانی را عرضه می کند.
ز اندازه بیرون تشنه ام ساقی بیار آن آب را
اول مرا سیراب کن، وانگه بده اصحاب را
سعدی چو جورش میبری نزدیک او دیگر مرو. 
من میروم ای بی بصر؟ او می کشد قلاب را

Homayoun Shajarian - Gholab 
همایون شجریان - تصنیف قلاب
از آلبوم ایران من همایون شجریان وسهراب پورناظری

او می کشد قلاب را
او می کشد قلاب را
او می کشد قلاب را

ز اندازه بیرون تشنه ام ساقی بیار آن آب را
اول مرا سیراب کن وآن گه بده اصحاب را
من نیز چشم از خواب خوش بر می نکردم پیش از این
روز فراق دوستان شب خوش بگفتم خواب را
من نیز چشم از خواب خوش بر می نکردم پیش از این
روز فراق دوستان شب خوش
شب خوش
شب خوش بگفتم خواب را
مقدار یار همنفس چون من نداند هیچ کس
مقدار یار همنفس چون من نداند هیچ کس
ماهی که بر خشک اوفتد قیمت بداند آب را
سعدی چو جورش می بری نزدیک او دیگر مرو
سعدی چو جورش می بری نزدیک او دیگر مرو
ای بی بصر من می روم؟
ای بی بصر من می روم؟
او می کشد قلاب را
(او می کشد قلاب را)
او می کشد قلاب را
(او می کشد قلاب را)
او می کشد قلاب را
(او می کشد قلاب را)
او می کشد قلاب را

برای مشاهده آلبوم ایران من میتوانید بر لینک زیر کلیک کنید :
https://www.youtube.com/watch?v=u2WtwKd5laU

Homayoun Shajarian (Persian: همايون شجريان‎) (born 21 May 1975) is a Persian classical music and Persian classical crossover vocalist, and a Tombak player. ""Hava-ye Geryeh"" is one of his most famous songs. He has one daughter, Yasmine Shajarian. He was born in Tehran in a music-dedicated family. He is the son of Mohammad Reza Shajarian, the grand master vocalist of Persian traditional music.

همایون شجریان (۳۱ اردیبهشت ۱۳۵۴ تهران) خوانندهٔ موسیقی سنتی ایرانی و نوازندهٔ تنبک و کمانچه است. وی پسر محمدرضا شجریان و برادر مژگان شجریان و برادر زن پرویز مشکاتیان است

همایون شجریان در ۳۱ اردیبهشت ۱۳۵۴ در تهران در خانواده‌ای سرشار از موسیقی متولد شد. وی فرزند محمدرضا شجریان است و از کودکی علاقه به موسیقی و ریتم در او نمایان بود تا آن که با تشخیص پدر نزد ناصر فرهنگ‌فر به فراگیری تکنیک و شناخت ریتم که اساس موسیقی است پرداخت و چند سالی هم آموختن را نزد جمشید محبی ادامه داد. از ده‌سالگی به همراه خواهرانش نزد پدر آواز را شروع کرد و در دوران بلوغ روزانه تکنیک آواز و صداسازی را به‌صورت فشرده فراگرفت. در همان زمان به هنرستان موسیقی رفت و کمانچه را به عنوان ساز تخصصی خود انتخاب کرد و در خارج از هنرستان به ادامهٔ فراگیری آن نزد اردشیر کامکار و آشنایی با تار و سنتور به صورت گوشی پرداخت.

او از سال ۱۳۷۰ به‌همراه محمدرضا شجریان در کنسرت‌های آمریکا، اروپا و ایران (با تنبک) همراهی کرد و از ۱۳۷۸ به بعد در صحنهٔ کنسرت‌ها به هم‌خوانی با پدرش پرداخت. اولین اثر با حضور او یاد ایام نام دارد که در آن اثر همایون شجریان تنبک نوازی را بر عهده داشته‌است. همایون شجریان کنسرت‌های بسیاری را با بزرگان موسیقی اجرا کرده و آثار زیادی را به همراه آنان در ایران و جهان منتشر کرده‌است که می‌توان به آلبوم کنسرت‌های «بی تو بسر نمی‌شود» و «فریاد» اشاره کرد که هردو اثر در سال‌های ۲۰۰۳ و ۲۰۰۵ نامزد دریافت جایزه گرمی شدند

آلبوم ایران من بعنوان جدیدترین اثر همایون شجریان و سهراب پورناظری یکی از بهترین آلبومهای موسیقی سنتی در سال ۹۷ بوده و باعث تحسین بسیاری از منتقدین موسیقی سنتی شده است

حرکت اخیر و تحسین برانگیز همایون شجریان و همخوانی با تکتم، خواننده گروه سرود آوای همدم در موسسه خیریه توانبخشی همدم که ۴۰۰ دختر کم‌توان ذهنی را تحت پوشش داردبار دیگر نشان داد که همایون شجریان در ایران یک خواننده و هنرمند واقعا مردمی محسوب میشود",UCjibqVppvIlLK4lbXRsbhhw,Melodifa,2019-01-14T18:52:29Z,22,fa,fa,PT7M25S,hd,True,True,3157280,20058.0,1528.0,public,True,False,445,needs_review,insufficient_evidence,trusted_music_platform,trusted,top20_manual_audit_2026-07-10; confidence=medium_high,trusted_needs_content_review,trusted_source_but_v2_content_ambiguous
1,همایون شجریان,classic_fusion,22,Cs0uWFNy4Tw,Homayoun Shajarian - Abr Mibarad (همایون شجریان - ابر میبارد),UCX7iFtn4OnJYNLXyKQsnHGg,MELODIFA CLASSIC,2021-03-10T16:00:12Z,همایون شجریان,pending_review,,Homayoun Shajarian - Abr Mibarad (همایون شجریان - ابر میبارد),"Homayoun Shajarian - Abr Mibarad with lyrics now on melodifa.
همایون شجریان - ابر میبارد رو همراه با متن ترانه در کانال ملودیفا ببینید و بشنوید


#homayoun #AbrMibarad  #melodifa

متن آهنگ ابر میبارد همایون شجریان:
ابر می بارد و من میشوم از یار جدا
چون کنم دل به چنین روز ز دلدار جدا
ابر و باران و من و یار ستاده به وداع
من جدا گریه کنان ، ابر جدا ، یار جدا ای
مرا در سر هر موی به زلفت بندی
مرا در سر هر موی به زلفت بندی
چه کنی بند ز بندم همه یکبار جدا
همه یکبار جدا
دیده از بهر تو خونبار شد ، ای مَردمِ چشم
دیده از بهر تو خونبار شد ، ای مَردمِ چشم
مردمی کن ، مشو از




Homayoun Shajarian (Persian: همايون شجريان‎) (born 21 May 1975) is a Persian classical music and Persian classical crossover vocalist, and a Tombak player. ""Hava-ye Geryeh"" is one of his most famous songs. He has one daughter, Yasmine Shajarian.

He was born in Tehran in a music-dedicated family. He is the son of Mohammad Reza Shajarian, the grand master vocalist of Persian traditional music.

همایون شجریان (۳۱ اردیبهشت ۱۳۵۴ تهران) خوانندهٔ موسیقی سنتی ایرانی و نوازندهٔ تنبک و کمانچه است. وی پسر محمدرضا شجریان و برادر مژگان شجریان و برادر زن پرویز مشکاتیان است

همایون شجریان در ۳۱ اردیبهشت ۱۳۵۴ در تهران در خانواده‌ای سرشار از موسیقی متولد شد. وی فرزند محمدرضا شجریان است و از کودکی علاقه به موسیقی و ریتم در او نمایان بود تا آن که با تشخیص پدر نزد ناصر فرهنگ‌فر به فراگیری تکنیک و شناخت ریتم که اساس موسیقی است پرداخت و چند سالی هم آموختن را نزد جمشید محبی ادامه داد. از ده‌سالگی به همراه خواهرانش نزد پدر آواز را شروع کرد و در دوران بلوغ روزانه تکنیک آواز و صداسازی را به‌صورت فشرده فراگرفت. در همان زمان به هنرستان موسیقی رفت و کمانچه را به عنوان ساز تخصصی خود انتخاب کرد و در خارج از هنرستان به ادامهٔ فراگیری آن نزد اردشیر کامکار و آشنایی با تار و سنتور به صورت گوشی پرداخت.

او از سال ۱۳۷۰ به‌همراه محمدرضا شجریان در کنسرت‌های آمریکا، اروپا و ایران (با تنبک) همراهی کرد و از ۱۳۷۸ به بعد در صحنهٔ کنسرت‌ها به هم‌خوانی با پدرش پرداخت. اولین اثر با حضور او یاد ایام نام دارد که در آن اثر همایون شجریان تنبک نوازی را بر عهده داشته‌است. همایون شجریان کنسرت‌های بسیاری را با بزرگان موسیقی اجرا کرده و آثار زیادی را به همراه آنان در ایران و جهان منتشر کرده‌است که می‌توان به آلبوم کنسرت‌های «بی تو بسر نمی‌شود» و «فریاد» اشاره کرد که هردو اثر در سال‌های ۲۰۰۳ و ۲۰۰۵ نامزد دریافت جایزه گرمی شدند


#ملودیفا
#همایون_شجریان",UCX7iFtn4OnJYNLXyKQsnHGg,MELODIFA CLASSIC,2021-03-10T16:00:12Z,10,fa,fa-IR,PT4M2S,hd,False,True,923048,5211.0,347.0,public,True,False,242,needs_review,music_category_and_licensed_but_no_release_pattern,trusted_music_platform,trusted,sources_21_40_manual_audit_2026-07-10; confidence=high,trusted_needs_content_review,trusted_source_but_v2_content_ambiguous
9,هیچکس,rap_hiphop,2,sqemXVtZg4w,Hichkas - Ekhtelaf,UChysexdHBwnvEMDFuKiCUZw,HichkasVEVO,2017-11-01T13:02:39Z,هیچکس,pending_review,,Hichkas - Ekhtelaf,"Ekhtelaf from Hichkas's LP, Jangale Asfalt (The Asphalt Jungle)

http://vevo.ly/3yUk4L",UChysexdHBwnvEMDFuKiCUZw,HichkasVEVO,2017-11-01T13:02:39Z,10,en,,PT2M53S,sd,False,True,4244255,38370.0,10193.0,public,True,False,173,needs_review,music_category_and_licensed_but_no_release_pattern,vevo,trusted,sources_21_40_manual_audit_2026-07-10; confidence=high,trusted_needs_content_review,trusted_source_but_v2_content_ambiguous
9,هیچکس,rap_hiphop,3,4qw3qTV4608,Hichkas - Ye Mosht Sarbaz,UChysexdHBwnvEMDFuKiCUZw,HichkasVEVO,2019-09-26T14:38:38Z,هیچکس,pending_review,,Hichkas - Ye Mosht Sarbaz,"Ye Mosht Sarbaz by Hichkas

Follow Hichkas:

Website: https://hichkas.me/
Instagram: https://www.instagram.com/hichkasofficial/
Facebook: https://www.facebook.com/HichkasOfficial/
Twitter: https://twitter.com/hichkasofficial
Spotify: https://open.spotify.com/artist/2X90kCLyxyPeJ5nynJGbvT

#Hichkas #YeMoshtSarbaz #Vevo

http://vevo.ly/yGZcBa",UChysexdHBwnvEMDFuKiCUZw,HichkasVEVO,2019-09-26T14:38:38Z,10,en,,PT3M23S,hd,False,True,2670531,26024.0,6430.0,public,True,False,203,needs_review,music_category_and_licensed_but_no_release_pattern,vevo,trusted,sources_21_40_manual_audit_2026-07-10; confidence=high,trusted_needs_content_review,trusted_source_but_v2_content_ambiguous
9,هیچکس,rap_hiphop,5,olvrvRd6l1A,Hichkas - Man Chizi Ke Mikham,UCAnylXo06Lw_x8swLZhIosg,Hichkas,2024-11-28T12:35:18Z,هیچکس,pending_review,,Hichkas - Man Chizi Ke Mikham,"هیچکس - من چیزی که می‌خوام

کلام: هیچکس

آهنگسازی: چکاو


https://twitter.com/HichkasOfficial
https://www.instagram.com/HichkasOfficial

https://twitter.com/_chakav_
https://www.instagram.com/_chakav_



______________________________________________




همخوان:

من چیزی که می‌خوام درده
من چیزی که می‌خوام تو دستای سرده
من چیزی که می‌خوام واسه‌ش جون میدم و خون داره می‌چیکه از زخمای برده

(×۲)

قسمت ۱:

من چیزی که می‌خوام یه خیال راحته، پک و پاره‌م
کوتاه بیام که چی بشه؟
تو راهم پا می‌ذارم و همه‌ی قانونا هم زیرشه
رفیقم رو حکم دادگاه یادگاری می‌نوشت
«برمی‌گردم ولی بدون دستبند
یه بطری پر، یه دونه فندک
شادیامو تقصیم می‌کنم باهاتون و رو صورت قاضی می‌کشم یه دونه لبخند»
من چیزی که می‌خوام پوله
از بچگی جیبمو زده‌ن
از همه چی بوی رانت میاد
ماشه حساسیت داره، می‌خارونم
همه‌گیره شجاعت
عطسه می‌کنه اسلحه سمت
هرچی کثافته
هرچی تسنیمه
هرچی که بایده
هرچی تکبیره
عافیت‌طلبی هم دیگه جواب نی
دستمال به دست خایه‌مال هم دیگه اینو فهمیده

همخوان:

من چیزی که می‌خوام درده
من چیزی که می‌خوام تو دستای سرده
من چیزی که می‌خوام واسه‌ش جون میدم و خون داره می‌چیکه از زخمای برده

(×۲)

قسمت ۲:

من چیزی که می‌خوام، هیچی جاشو نمی‌گیره
آزادیو می‌خوام، که سیر شیم
مخالفت مجاز، یعنی تو سیرکیم و ازمون می‌خوان که شیر شیم
من می‌درم
دیر نیست روزی که نیست شین
سوزن چشای تیز گیر می‌کنن رو صفحه‌ی روزگار و تکرار می‌کنم
من اینو می‌خوام
اینو می‌خوام
اینو می‌خوام
به کم راضی نیستیم
می‌خوام بدونی که
من چیزی که می‌خوام هزینه داره
میدم، میره زیر خاک مین کینه‌ها
و ریشه میدوونیم تو مسیر پیروزی
دوباره می‌شه ساخت
بیدار شین
یه مارپیچ
هیچی نیستین، مار بیمار
می‌خوام هیچ شکی نمونه
با زغال بخت می‌زنیم پرده‌ها رو آتیش
از پنجره‌ی فرصتا می‌تابیم جای تاریک
من چیزی نمی‌خوام به جز یه زندگی عادی

همخوان:

من چیزی که می‌خوام درده
من چیزی که می‌خوام تو دستای سرده
من چیزی که می‌خوام واسه‌ش جون میدم و خون داره می‌چیکه از زخمای برده

(×۲)

قسمت ۳:

من چیزی که می‌خوام، اگه نباشه میسازم
نگاهم رو به جلو، فقط می‌تازم
مهم نی واسم چی میشه
بگو دیوونه مث منو کی دیده؟
طعم پیروزی میده، انتقاممون شیرینه
من چیزی که می‌خوام همه‌چیه
یعنی همه فرصتا
همه‌ی دریچه‌ها
همه‌ی خنده‌ها
اسلحه روی شقیقه‌ها
هرچی دیده باشم و همه‌ی ندیده‌ها
من چیزی که می‌خوامو می‌گیرم
کسی جلودارم نیست
رود مذاب تو شیب
عقاب تو دیدم
من چیزی که می‌خوام، واسه یه بار هم ثباته
شوخی ندارم وقتی می‌گم باید خون شغالو ریخت
زمان می‌گذره، در حال شمارشیم
دوباره تیک تیک می‌زنه
تق تق
صدای آخرین گلوله تو آخرین خشاب شیر
آویزون میشه فرمانده کل قوا به تیر

همخوان:

من چیزی که می‌خوام درده
من چیزی که می‌خوام تو دستای سرده
من چیزی که می‌خوام واسه‌ش جون میدم و خون داره می‌چیکه از زخمای برده

(×۲)

من چیزی که می‌خوام حبس داره، درده
من چیزی که می‌خوام تو دستای سرده
من چیزی که می‌خوام درده",UCAnylXo06Lw_x8swLZhIosg,Hichkas,2024-11-28T12:35:18Z,10,fa,fa,PT3M51S,hd,False,False,268929,6781.0,4410.0,public,True,False,231,needs_review,insufficient_evidence,official_artist,trusted,top20_manual_audit_2026-07-10; confidence=high,trusted_needs_content_review,trusted_source_but_v2_content_ambiguous
9,هیچکس,rap_hiphop,7,nKY6vq97MzI,Hichkas - Rooye Jenazat Miraghsam,UCAnylXo06Lw_x8swLZhIosg,Hichkas,2024-05-24T16:52:44Z,هیچکس,pending_review,,Hichkas - Rooye Jenazat Miraghsam,"هیچکس - روی جنازت می‌رقصم

کلام: هیچکس

https://twitter.com/HichkasOfficial
https://www.instagram.com/HichkasOfficial


______________________________________________


قسمت ۱:

آآآآ
چه حالی میده
می‌کشیمتون بالا، بالا، بالا، بالا، بالاتر
عالی میشه
ماشین پر میاد خالی میره
جا نی دیگه 
ساقی کیه 
همه چی که داره قاطی میشه
خشابامون داره خالی میشه 
جنازه بو قاضی میده
ول ولی
می‌زنیم با زمین یکی بشی
جای لاستیکا روت
بری بری به درک
می‌میرین، س تو جعبه، دلیوری
نمی‌دونی جای ما رو 
می‌کشیم ضامنا رو 
می‌زنیم رو زمین قاسما رو 
آماده‌ایم، می‌چکونیم ماشه‌ها رو


همخوان:

روی جنازت می‌رقصم
حالا، حالا
می‌زنیم و میره سرا بالا
پیکا رو می‌ریم همه بالا

(×۲)



قسمت ۲:



آآآآ
شله، شله، شله، شله، شله
آقازاده شده خود خودت
کتلت و گوجه موجه
زمینای شهر پر سسه
داره آتیش می‌گیره حوزه موزه
انگا همه کنکوری، رشته طنابه، ملت تو رو دوره کنه
مال ماعه شبا
لگد می‌زنیم وا شه درا
زیرت می‌زنیم که بری هوا
چشات سیاهی میرن
چش‌پوشی کن
لباس عزا
می‌بینی، دیر نیست، می‌بینی
می‌ریم و تیغ میغ می‌گیریم
می‌کنیم تیز میز
می‌شینیم
می‌کنیم ریز ریز
می‌میرین


همخوان:

روی جنازت می‌رقصم
حالا، حالا
می‌زنیم و میره سرا بالا
پیکا رو می‌ریم همه بالا

(×۲)




قسمت ۳:


آآآآ
چقد سر حالم
اصن من تک، شما همه با هم
کتلتا چقد تر و تازه‌ن
جمع ما جمع
همه پایه‌ن
سفت می‌کنیم طنابارم
رفیقات هم همه پک و پاره‌ن
فواره کرد رگ پاره‌ت
برو خونی مونی نشه پاچه‌م
می‌کنیم شبا صفا
می‌گیرین شبا عزا
می‌ریزه سرتون بلا ملا
بدنا میشه ا سرا سوا 
دعوا معوا چیه؟ 
ادا مدا 
نوپو موپو، ساس، فتا متا
واجا ماجا، ناجا ماجا، بسیجی و برادرا
می‌رن همه هوا



همخوان:

روی جنازت می‌رقصم
حالا، حالا
می‌زنیم و میره سرا بالا
پیکا رو می‌ریم همه بالا

(×۴)

روی جنازت، روی جنازت می‌رقصم
روی جنازت، روی جنازت، روی جنازت می‌رقصم
روی جنازت، روی جنازت، روی جنازت می‌رقصم",UCAnylXo06Lw_x8swLZhIosg,Hichkas,2024-05-24T16:52:44Z,10,fa,fa,PT3M3S,hd,False,False,687584,10008.0,5169.0,public,True,False,183,needs_review,insufficient_evidence,official_artist,trusted,top20_manual_audit_2026-07-10; confidence=high,trusted_needs_content_review,trusted_source_but_v2_content_ambiguous
9,هیچکس,rap_hiphop,9,i_bLcFCdSIo,Hichkas - Inyekiam Vase,UCAnylXo06Lw_x8swLZhIosg,Hichkas,2022-10-19T19:46:44Z,هیچکس,pending_review,,Hichkas - Inyekiam Vase,,UCAnylXo06Lw_x8swLZhIosg,Hichkas,2022-10-19T19:46:44Z,10,nl,fa,PT2M2S,hd,False,True,760334,22958.0,9884.0,public,True,False,122,needs_review,music_category_and_licensed_but_no_release_pattern,official_artist,trusted,top20_manual_audit_2026-07-10; confidence=high,trusted_needs_content_review,trusted_source_but_v2_content_ambiguous
9,هیچکس,rap_hiphop,14,hnctT-Btbck,Hichkas - Har Ye Rooz (feat. Poobon),UCAnylXo06Lw_x8swLZhIosg,Hichkas,2024-03-07T09:09:41Z,هیچکس,pending_review,,Hichkas - Har Ye Rooz (feat. Poobon),"هیچکس × پوبون - هر یه روز

کلام: هیچکس، پوبون

آهنگساز: پوبون

https://twitter.com/HichkasOfficial
https://www.instagram.com/HichkasOfficial

https://x.com/PooBonMusic
https://www.instagram.com/poo_bon",UCAnylXo06Lw_x8swLZhIosg,Hichkas,2024-03-07T09:09:41Z,10,fa,fa,PT4M32S,hd,False,False,662072,8887.0,6690.0,public,True,False,272,needs_review,insufficient_evidence,official_artist,trusted,top20_manual_audit_2026-07-10; confidence=high,trusted_needs_content_review,trusted_source_but_v2_content_ambiguous
9,هیچکس,rap_hiphop,22,N_DwOWb3IPE,Hichkas - Tigham Rooye Raget (Visual),UCAnylXo06Lw_x8swLZhIosg,Hichkas,2024-01-25T08:43:07Z,هیچکس,pending_review,,Hichkas - Tigham Rooye Raget (Visual),"هیچکس - تیغم روی رگت

کلام: هیچکس

https://twitter.com/HichkasOfficial
https://www.instagram.com/HichkasOfficial

آهنگساز: عرف

https://www.instagram.com/orphorphe
https://x.com/orphorpheh

تصویر: عیرضا

https://www.instagram.com/airezv_
https://x.com/aiirezaxxi



********

نشستیم توی کمین
امشب شبیخون می‌زنیم
شما هموطن نیستین، ما دشمن همیم
همه زنگ خطرها رو هم زدیم

(شما اشغال‌گرها ۵۷ زدین با شریک‌هااتون یه ملتو بدبخت کردین.
دشمنای ایران و آزادی و رفاه.
تف تو کمونیست و مجاهد و اسلامگرا. ۵۷ی.)

بیا

گفت


قسمت ۱:

کبابت می‌کنیم، بلال
گوله می‌کاریم توی جمجمه، نهال
می‌رسه بهار
جونتو به لب می‌رسونیم، با یه پس‌گردنی از دهنت درآد
ببین،
چرا نمی‌میری؟ بمیر
کار داریم، باس زود بریم
چهارپایه رو باید از زیرت کشید
همه آویزون می‌شید
پیام به دستت رسید؟
صداتو بیرون نمی‌شه شنید
می‌گی یه پارچه آقایی
مثل روسری بسوزونیمت، یا با دستامون جرت بدیم؟
کابوس می‌بینی ما خرسیم
شرتت می‌شه رنگ قبر خمینی
وزنی نداری بگیم شعری
ولیکن بیت رهبرتو دو شقه می‌کنیم بشه دوبیتی
کاری می‌کنیم موهاتو دونه دونه بکنی شب‌ها
دیگه در نیاد
تو دروازه‌ی شهر نفهمن این سر روی نیزه‌است یا آبنبات
تنهایی، مثل یه جزیره
بهتت زده، کیش و مات
بچه‌ها می‌گن «بیایین نصفش کنیم، ۲ تا شه، از تنهایی درآد»


همخوان:

تیغم روی رگت
سرت بالا داره جای سر ما
دیگه داره تنگ میشه طناب‌ها
هرچی داری و نداری می‌شه برا ما
×۲


قسمت ۲:

فکر نکن شهادت دوره
رفیقت داره می‌سوزه
نمی‌بینی، چون توی چشمت دوده
یه جوری می‌خوابونیمت که زخم بستر بگیری
به سیخ می‌کشیمت جوجه
سگ‌های رهبری زوزه
بگو گه خوردی توله
با زنت کار نداریم
باجناقت دستمونه
گفتن شرایط بده
گفتی اربابم و اربعین ارجحیت دارن
کشیدی عربده
فقط عر عر شنیدیم همه
امنیت نداری خره
یهو از یه جا فرو می‌ره قمه
وایتکس می‌ریزیم تو حلقت واسه پاک‌سازی، اگه دلت واسه شهادت لک زده
یه لیست داریم همه آقازاده‌ان
آره این خون‌های رو دیوار تازه‌ان
انگشت‌هامون روی ماشه‌ان
رفیق‌هات پاره‌ان
مخبرها آهسته میان، آهسته می‌رن
انگار در حال تمرین باله‌ان
تو هم میگی موسیقی حرومه، ولی ۲ بار بندری می‌زنی واسه‌م
یه بار از ترس
یه بار موقع جون دادن


همخوان:

تیغم روی رگت
سرت بالا داره جای سر ما
دیگه داره تنگ میشه طناب‌ها
هرچی داری و نداری می‌شه برا ما
×۲


قسمت ۳:

اینجا هر شب شب ضربته
یقه جر میدیم، یقه
ازمون بپرسی «چرا این همه؟»
یه دلیل محکم میاریم، بشکنه سرت
بچه‌ها دنبال ریشه‌ان
فصل انتقامه، پر کینه‌ان
نمی‌فهمی، سر دربیاری هم سرتو چیده‌ان
نافمونو با گیوتین بریده‌ان
از منبر می‌کشیمت پایین
می‌ندازیمت توی صندوق ماشین
همه‌ی جاده‌ها خلوت و تاریک
ایست بازرسی می‌ره زیر آتیش
دنبال حامی
زنگ بزن فامیل
بگو همه چی رو بکنن واریز
لپ‌های گل‌انداخته‌اتو می‌چینیم
شخم می‌زنیم، زیر چشم بادمجون بکاریم
چپ و راستت می‌کنیم، فکر کنی می‌خوای از خیابون رد شی
شک توش نیست
یه چک می‌زنیم تو گوشت همه فکر کنن جغدی، سرگردون شی
خون‌خورها همیشه نمی‌مونن
این ملت اونقدرها هم صبور نی
نموندن، نموند، نموندی
صرفت می‌کنیم، تموم شی",UCAnylXo06Lw_x8swLZhIosg,Hichkas,2024-01-25T08:43:07Z,10,fa,fa,PT3M24S,hd,False,False,320973,5473.0,6338.0,public,True,False,204,needs_review,insufficient_evidence,official_artist,trusted,top20_manual_audit_2026-07-10; confidence=high,trusted_needs_content_review,trusted_source_but_v2_content_ambiguous
7,گرشا رضایی,pop,4,XUGJ6f0DtIA,Garsha Rezaei - Delam Khast | گرشا رضایی - موزیک ویدیو دلم خواست (آلبوم &quot;1984&quot;),UCisezGQDdiJZ6lmMQjVclvA,Garsha Rezaei,2024-10-04T16:11:38Z,گرشا رضایی,pending_review,,"Garsha Rezaei - Delam Khast | گرشا رضایی - موزیک ویدیو دلم خواست (آلبوم ""1984"")","Garsha Rezaei - Delam Khast (1984) | گرشا رضایی - موزیک ویدیو دلم خواست (آلبوم ""1984"")


متن آهنگ دلم خواست 

منظور من این بود، چشمات چه قشنگه
خواستم بگم انگار، با دلم می‌جنگه
بند میاد زبونم جلو چشمات
باخت دادم گمونم جلو چشمات

منظورِ یه عاشق آزار نمی‌شه 
عاشق اگه دیده شه که بیمار نمی‌شه
بند میاد زبونم جلو چشمات
باخت دادم گمونم جلو چشمات

دل خواست دلم خواست
صادقانه رو راست
از وقتی تو هستی
این زندگی زیباست

چه رازی توو نگاته
که زنجیره به دنیام
نگام کن شبِ عشقه
امشب با خودِ خودِ تو تنهام

دل خواست دلم خواست
صادقانه رو راست
از وقتی که هستی
این زندگی زیباست

---------------------------------

#Delam_Khast | #garsharezaei  | #garsha_rezaei  | #Persian_Music
#گرشا_رضایی #آهنگ_فارسی | #موسیقی_ایرانی | #موسیقی_پاپ | #موزیک | #موسیقی | #آهنگ",UCisezGQDdiJZ6lmMQjVclvA,Garsha Rezaei,2024-10-04T16:11:38Z,10,fa,fa,PT3M1S,hd,False,True,166342,1093.0,105.0,public,True,False,181,needs_review,music_category_and_licensed_but_no_release_pattern,official_artist,trusted,top20_manual_audit_2026-07-10; confidence=high,trusted_needs_content_review,trusted_source_but_v2_content_ambiguous
7,گرشا رضایی,pop,8,p_XX3ITquXk,Garsha Rezaei - Darya Darya - آهنگ دریا دریا از گرشا رضایی,UCCn_0vWsa35jSTRNlX15hzQ,TPM - Top Persian Music,2020-07-13T16:30:10Z,گرشا رضایی,pending_review,,Garsha Rezaei - Darya Darya - آهنگ دریا دریا از گرشا رضایی,"گاهی همونطور که دریا بی‌پایانه، دلتنگی‌ها هم بی‌پایان می‌شن… دریا دریا از گرشا رضایی یه آهنگ عاشقانه و پر از احساسه که از هر نتش، عمق عشق و انتظار بیرون میاد. حسش رو خیلی سریع توی دل حس می‌کنی.


🔺 این ویدیو با زیرنویس‌های کوردی، انگلیسی، عربی و ترکی استانبولی آماده‌ست، تا هر جایی از دنیا که هستی راحت‌تر با آهنگ ارتباط بگیری.

💛 برای شنیدن تازه‌ترین آهنگ‌ها و حمایت از هنرمندان ایرانی، از لینک پایین کانالو سابسکرایب کن. 
https://bit.ly/Subscribe_TPM

-----------------------------------------------

Credits
Garsha Rezaei - Darya Nemiram

Lyrics & Music: Hadi Zinati
Arranegement: Garsha Rezaei

-----------------------------------------------

متن آهنگ دریا دریا از گرشا رضایی:

دریا دریا اومدم تنها
تا که بشنوی تو درد و دلامو

دریا دریا این حالمو دریاب
جز تو کی میدونه من کجامو

دریا دریا دریا من با تموم دردا
آرزو میکنم کاشکی دوباره فردا
عشقمو ببینم کنار موجا ...

دریا دریا دریا من با تموم دردا
آرزو میکنم کاشکی دوباره فردا
عشقمو ببینم کنار موجا ...

#Garsha_Rezaei
#گرشا_رضایی
#Top_Persian_Music",UCCn_0vWsa35jSTRNlX15hzQ,TPM - Top Persian Music,2020-07-13T16:30:10Z,10,fa,fa,PT2M48S,hd,True,True,2208786,11307.0,523.0,public,True,False,168,needs_review,music_category_and_licensed_but_no_release_pattern,trusted_music_platform,trusted,top20_manual_audit_2026-07-10; confidence=high,trusted_needs_content_review,trusted_source_but_v2_content_ambiguous
7,گرشا رضایی,pop,10,tjso_6uA4e0,Garsha Rezaei - Donyami - آهنگ دنیامی از گرشا رضایی,UCCn_0vWsa35jSTRNlX15hzQ,TPM - Top Persian Music,2019-06-14T20:08:58Z,گرشا رضایی,pending_review,,Garsha Rezaei - Donyami - آهنگ دنیامی از گرشا رضایی,"دنیامی یه عاشقانه‌ی عمیق و احساسیِ پر از امید و وابستگیه. این آهنگ از دل عاشقی میاد که تمام دنیاش رو در وجود یه نفر پیدا کرده؛
وقتی دلت از همه‌چیز دست کشیده، و تنها چیزی که برات باقی مونده، همون عشقه. ""تو دنیامی"" یعنی تو همون کسی هستی که دلم هیچ‌ جای دیگه‌ای به کسی نمیره.

🔺 این ویدیو با زیرنویس‌های کوردی، انگلیسی، عربی و ترکی استانبولی آماده‌ست، تا هر جایی از دنیا که هستی راحت‌تر با آهنگ ارتباط بگیری.

💛 برای شنیدن تازه‌ترین آهنگ‌ها و حمایت از هنرمندان ایرانی، از لینک پایین کانالو سابسکرایب کن. 
https://bit.ly/Subscribe_TPM

-----------------------------------------------

Credits
Garsha Rezaei - Donyami

Arr, Lyrics & Music: Garsha Rezaei

-----------------------------------------------

متن آهنگ دنیامی از گرشا رضایی:

دنیامی تو مث نفس میمونی هر جا همرامی میدونی تموم زندگیمی دنیامی
دیگه چی بگم بمونی و نری 
شاید شد شاید موندی و دوباره هرچی باید شد نگو هیچی رو به راه نمیشه شاید شد
دیگه چی بگم بمونی و نری 
نگاهم کن یه نگاه تو میتونه زندگیم باشه تو که بودنت میتونه دلخوشیم باشه
بذار حس کنم همیشه دارمت 
نگاهم کن بذار زندگی دوباره با تو برگرده ببین عشقمون روزای سختو طی کرده
بذار حس کنم همیشه دارمت 

دیگه داره بد میشه ولی من نمیخوام از تو یک قدم دور شم بخوامم نمیشه جز تو با کسی جور شم
دیگه چی بگم بمونی و نری 
توی دلم آتیشه نمیخوام بدونی حالمو تو این روزا کسی چی میدونه از یه آدم تنها
دیگه چی بگم بمونی و نری 
نگاهم کن یه نگاه تو میتونه زندگیم باشه تو که بودنت میتونه دلخوشیم باشه
بذار حس کنم همیشه دارمت 
نگاهم کن بذار زندگی دوباره با تو برگرده ببین عشقمون روزای سختو طی کرده
بذار حس کنم همیشه دارمت

#Garsha_Rezaei
#گرشا_رضایی
#Top_Persian_Music",UCCn_0vWsa35jSTRNlX15hzQ,TPM - Top Persian Music,2019-06-14T20:08:58Z,10,en,fa,PT4M3S,hd,True,True,3703489,12389.0,562.0,public,True,False,243,needs_review,music_category_and_licensed_but_no_release_pattern,trusted_music_platform,trusted,top20_manual_audit_2026-07-10; confidence=high,trusted_needs_content_review,trusted_source_but_v2_content_ambiguous
7,گرشا رضایی,pop,15,du58UVKaxBs,Garsha Rezaei - Darya Nemiram - آهنگ دریا نمیرم از گرشا رضایی,UCCn_0vWsa35jSTRNlX15hzQ,TPM - Top Persian Music,2019-10-25T13:34:43Z,گرشا رضایی,pending_review,,Garsha Rezaei - Darya Nemiram - آهنگ دریا نمیرم از گرشا رضایی,"«دریا نمیرم» یه فریاد عاشقونه‌اس؛ فریاد کسی که انگار دیگه طاقت دوری رو نداره. اما هنوز یه جایی ته دلش امید هست، عشق هست،
و شاید انتظار...از دلی می‌خونه که از دلتنگی لبریزه، اما نمی‌خواد دست برداره.

🔺 این ویدیو با زیرنویس‌های کوردی، انگلیسی، عربی و ترکی استانبولی آماده‌ست، تا هر جایی از دنیا که هستی راحت‌تر با آهنگ ارتباط بگیری.

💛 برای شنیدن تازه‌ترین آهنگ‌ها و حمایت از هنرمندان ایرانی، از لینک پایین کانالو سابسکرایب کن. 
https://bit.ly/Subscribe_TPM

-----------------------------------------------

Credits
Garsha Rezaei - Darya Nemiram

Lyrics & Music: Hadi Zinati
Arranegement: Hadi Zinati

-----------------------------------------------

متن آهنگ دریا نمیرم از گرشا رضایی:

پای تو گیرم من یه چند وقته که بعد رفتنت دریا نمیرم
میترسم آخه بی هوا بارون بیاد دست کیو باید بگیرم

هر شب تو رویا من تورو میبینمت میگی کنارم خوبه حالت
میخندی و باز من گلای صورتی میذارم عشقم روی شالت

بزن بیرون از تنهایی برگرد کنارم همونم که برای دیدن تو بی قرارم
نرو از روزگارم که من طاقت ندارم منم مثل تو به تنها شدن عادت ندارم

پس بزن بیرون از تنهایی برگرد کنارم همونم که برای دیدن تو بی قرارم
نرو از روزگارم که من طاقت ندارم منم مثل تو به تنها شدن عادت ندارم

ما میرسیم بازم به هم دنیا اگه وارونه شه پاییز منم بارون تویی زیبایی پاییز به این بارونشه
باور نکن تنهاییو دل کندنو یادم نده از قلب من دوری نکن حالا که حال هر دوتاییمون بده

بزن بیرون از تنهایی برگرد کنارم همونم که برای دیدن تو بی قرارم
نرو از روزگارم که من طاقت ندارم منم مثل تو به تنها شدن عادت ندارم

پس بزن بیرون از تنهایی برگرد کنارم همونم که برای دیدن تو بی قرارم
نرو از روزگارم که من طاقت ندارم منم مثل تو به تنها شدن عادت ندارم

#Garsha_Rezaei
#گرشا_رضایی
#Top_Persian_Music",UCCn_0vWsa35jSTRNlX15hzQ,TPM - Top Persian Music,2019-10-25T13:34:43Z,10,en,fa,PT3M18S,hd,True,True,3689361,12523.0,523.0,public,True,False,198,needs_review,music_category_and_licensed_but_no_release_pattern,trusted_music_platform,trusted,top20_manual_audit_2026-07-10; confidence=high,trusted_needs_content_review,trusted_source_but_v2_content_ambiguous
7,گرشا رضایی,pop,18,jhvv7cJ8D2k,Garsha Rezaei Ft. Hayedeh - Axe To | همخوانی آهنگ عکس تو گرشا رضایی و بانو هایده,UCisezGQDdiJZ6lmMQjVclvA,Garsha Rezaei,2023-12-07T14:30:10Z,گرشا رضایی,pending_review,,Garsha Rezaei Ft. Hayedeh - Axe To | همخوانی آهنگ عکس تو گرشا رضایی و بانو هایده,"Garsha Rezaei Ft. Hayedeh - Axe To | همخوانی آهنگ عکس تو گرشا رضایی و بانو هایده 

توی این ویدئو بااستفاده از هوش مصنوعی، آهنگ ""عکس تو"" از گرشا رضایی و زنده یاد بانو هایده اجرا شده. 
نظر شما چیه؟

برای شنیدن نسخه اورجینال آهنگ کافیه روی لینک زیر کلیک کنید:
https://youtu.be/7OKb2UNnPr4

------------------

متن آهنگ عکس تو از گرشا رضایی

یکی از خداشه تو تنهایی هرشب کنارت باشه
انگاری قراره این دل تا همیشه بی قرارت باشه
من واست در به درم اومدم تو رو ببرم
من دیگه گذشته آب از سرم
منم و دیوونگی
اصلا هرچی تو بگی
آخه من گذشته آب از سرم
چشمای تو دیدن داره عکس تو کشیدن داره
آسمون این عاشقی فقط با تو پریدن داره
چشمای تو دیدن داره عکس تو کشیدن داره
میدونی چقدر واسه تو دلم هوس رسیدن داره
آرزوم اینه که یه بار
واسم همه رو بزنی کنار
بیا نشونم بده که جونم بره با صدات و چشمات
عاشقی نمیشه دوبار بذار هرچی که میگن رو کنار
بیا تکونم بده که زدم گره خودمو به موهات
چشمای تو دیدن داره عکس تو کشیدن داره
آسمون این عاشقی فقط با تو پریدن داره
چشمای تو دیدن داره عکس تو کشیدن داره

میدونی چقدر واسه تو دلم هوس رسیدن داره

---------------------------------

#Hayedeh | #GarshaRezaei | #Axe_To | #Garsha_Rezaei | #Hayde
#گرشا_رضایی | #عکس_تو | #آهنگ_فارسی | #موسیقی_ایرانی | #موسیقی_پاپ | #موزیک | #موسیقی | #آهنگ",UCisezGQDdiJZ6lmMQjVclvA,Garsha Rezaei,2023-12-07T14:30:10Z,10,fa,,PT2M13S,hd,False,True,1045865,2831.0,119.0,public,True,False,133,needs_review,music_category_and_licensed_but_no_release_pattern,official_artist,trusted,top20_manual_audit_2026-07-10; confidence=high,trusted_needs_content_review,trusted_source_but_v2_content_ambiguous
7,گرشا رضایی,pop,21,iT7i_3xy9qs,Garsha Rezaei - Ghermez - آهنگ قرمز از گرشا رضایی,UCCn_0vWsa35jSTRNlX15hzQ,TPM - Top Persian Music,2021-12-02T11:20:03Z,گرشا رضایی,pending_review,,Garsha Rezaei - Ghermez - آهنگ قرمز از گرشا رضایی,"گرشا رضایی با لحنی پر از التهاب، از عشقی می‌خونه که مثل رنگ قرمز، هم زیباست، هم خطرناک؛ هم خواستنی، هم دردناک. حرف دل کسیه که نمی‌تونه ببینه عشقش سهم کسی دیگه شده.

🔺 این ویدیو با زیرنویس‌های کوردی، انگلیسی و عربی آماده‌ست، تا هر جایی از دنیا که هستی راحت‌تر با آهنگ ارتباط بگیری.

💛 برای شنیدن تازه‌ترین آهنگ‌ها و حمایت از هنرمندان ایرانی، از لینک پایین کانالو سابسکرایب کن. 
https://bit.ly/Subscribe_TPM

-----------------------------------------------

Credits
Garsha Rezaei - Ghermez

Lyrics & Music: Hadi Zinati
Arranegement: Hadi Zinati

-----------------------------------------------

متن آهنگ قرمز از گرشا رضایی:

یه جای خوشگل قرمز توی سینمه که جاته 
خودمونی به تو میگم دل دیوونه فداته
من یه معشوقه میخواستم مثل تو پیدا نکردم 
خودمونی به تو میگم میشه دورتون بگردم
حالا مگه این عاشقی ول میکنه اومده ذله کنه 
خودشو یه جور به تو وابسته کنه همه رو خسته کنه
حالا بشین و ببین دلم چه کنه ...
حالا مگه این عاشقی ول میکنه اومده ذله کنه 
خودشو یه جور به تو وابسته کنه همه رو خسته کنه
حالا بشین و ببین دلم چه کنه ...
دلم میخواد من فقط نگات کنم نگات کنم نفس 
حواست نباشه و صدات کنم صدات کنم نفس
تو همه کسم شو هم نفسم شو بمون برام 
آروم جونم تو من که میمونم تو بمون برام
حالا مگه این عاشقی ول میکنه اومده ذله کنه 
خودشو یه جور به تو وابسته کنه همه رو خسته کنه
حالا بشین و ببین دلم چه کنه ...
حالا مگه این عاشقی ول میکنه اومده ذله کنه 
خودشو یه جور به تو وابسته کنه همه رو خسته کنه
حالا بشین و ببین دلم چه کنه...

#Garsha_Rezaei
#گرشا_رضایی
#Top_Persian_Music",UCCn_0vWsa35jSTRNlX15hzQ,TPM - Top Persian Music,2021-12-02T11:20:03Z,10,fa,fa,PT2M33S,hd,True,True,1131463,4468.0,127.0,public,True,False,153,needs_review,music_category_and_licensed_but_no_release_pattern,trusted_music_platform,trusted,top20_manual_audit_2026-07-10; confidence=high,trusted_needs_content_review,trusted_source_but_v2_content_ambiguous
7,گرشا رضایی,pop,23,ZEKGk8I7X34,Garsha Rezaei - Chesh To Chesh - آهنگ چش تو چش از گرشا رضایی,UCCn_0vWsa35jSTRNlX15hzQ,TPM - Top Persian Music,2022-03-09T16:33:02Z,گرشا رضایی,pending_review,,Garsha Rezaei - Chesh To Chesh - آهنگ چش تو چش از گرشا رضایی,"حسِ نگاه کردن به کسی که همه‌ی جهان رو تو چشماش می‌بینی، چیزی شبیه به چش تو چش از گرشا رضاییه؛ پر از شور و انرژی، با کلماتی که بی‌واسطه به قلبت می‌زنن.

🔺 این ویدیو با زیرنویس‌های کوردی، انگلیسی و عربی آماده‌ست، تا هر جایی از دنیا که هستی راحت‌تر با آهنگ ارتباط بگیری.

💛 برای شنیدن تازه‌ترین آهنگ‌ها و حمایت از هنرمندان ایرانی، از لینک پایین کانالو سابسکرایب کن. 
https://bit.ly/Subscribe_TPM

-----------------------------------------------

Credits
Garsha Rezaei - Chesh To Chesh

Lyrics: Hadi Zinati
Arranegement: Hamed Baradaran

-----------------------------------------------

متن آهنگ چش تو چش از گرشا رضایی:

سلام عشقم چطوری تو دیدی آخرش زدم قلبتو بردم
چشم رنگیت رو به رومه خوبه تا همین الانشم نمردم
تو چه جایی چه شبی من به تو خوردم
اومدی تو دلم دلم قربون تو برم برم
خوب میدونی بگم نگم که من گلم دوست دارم
چش تو چش شدم باهاتو یه چیزایی دستگیرم شد
بس که پیگیر تو شدم تا دل تو تسلیمم شد
آخرش دیدی عزیزم همونی که من میگم شد
چش تو چش شدم باهاتو یه چیزایی دستگیرم شد
بس که پیگیر تو شدم تا دل تو تسلیمم شد
آخرش دیدی عزیزم همونی که من میگم شد
حال قلبم به چشات بستگی داره مثل من کی به تو وابستگی داره
عاشقی با تو مگه خستگی داره
اومدی تو دلم دلم قربون تو برم برم
خوب میدونی بگم نگم که من گلم دوست دارم
چش تو چش شدم باهاتو یه چیزایی دستگیرم شد
بس که پیگیر تو شدم تا دل تو تسلیمم شد
آخرش دیدی عزیزم همونی که من میگم شد
چش تو چش شدم باهاتو یه چیزایی دستگیرم شد
بس که پیگیر تو شدم تا دل تو تسلیمم شد
آخرش دیدی عزیزم همونی که من میگم شد

#Garsha_Rezaei
#گرشا_رضایی
#Top_Persian_Music",UCCn_0vWsa35jSTRNlX15hzQ,TPM - Top Persian Music,2022-03-09T16:33:02Z,10,fa,fa,PT2M27S,hd,True,True,1384494,5713.0,176.0,public,True,False,147,needs_review,music_category_and_licensed_but_no_release_pattern,trusted_music_platform,trusted,top20_manual_audit_2026-07-10; confidence=high,trusted_needs_content_review,trusted_source_but_v2_content_ambiguous
