artist_id,artist_name_fa,category,candidate_rank,channel_id,channel_title,channel_description,published_at,source_query,manual_status,candidate_type,notes
1,همایون شجریان,classic_fusion,1,UCmBIX3tItWTCmbkcARiyZkg,Homayoun Shajarian,The official YouTube Channel of Homayoun Shajarian |,2020-12-27T08:43:42Z,همایون شجریان,pending_review,unknown,
1,همایون شجریان,classic_fusion,2,UCHyzCBAeqe9YYeUC4QCwPQw,Homayoun Shajarian - Topic,,2013-12-20T20:53:25Z,همایون شجریان,pending_review,unknown,
1,همایون شجریان,classic_fusion,3,UC7zsmnc17R-LSTV4Dl5sN2w,Homayounshajarian fans,''دوستداران‌همایون‌شجریان'' ╰همایون‌زرین╮ ˵دچارتو‌نمی‌کند دل‌ازهوای‌تو˶,2024-12-25T14:21:36Z,همایون شجریان,pending_review,unknown,
1,همایون شجریان,classic_fusion,4,UCFFQe4CXlW1obCcgkKGEd9A,moosighie  sonati,ویدئوهای کوتاه استاد شجریان ،آشنایی با دستگاههای موسیقی ایرانی، کمی هم آموزش سه تار.,2012-09-21T07:18:21Z,همایون شجریان,pending_review,unknown,
1,همایون شجریان,classic_fusion,5,UCxF3Fc_cSQbbkBNOUh5Kj2g,استاد محمد رضاشجریان shajaryan,,2017-01-10T11:17:10Z,همایون شجریان,pending_review,unknown,
2,علیرضا قربانی,classic_fusion,1,UCregxQqAisNcggQriK9f3Qw,Alireza Ghorbani,Official Channel of Alireza Ghorbani Iranian Singer And Musician Alireza Ghorbani was born in 1972 in Tehran. He started his ...,2017-01-18T10:57:21Z,علیرضا قربانی,pending_review,unknown,
2,علیرضا قربانی,classic_fusion,2,UC_xcDPW-ARj59n1qhYaLOqQ,Alireza Ghorbani - Topic,"Alireza Ghorbani was born in February 4th 1972 in Tehran. He started his vocal lessons when he was 12, and he was a solo ...",2013-10-24T07:35:04Z,علیرضا قربانی,pending_review,unknown,
2,علیرضا قربانی,classic_fusion,3,UC3dY0Ol9JfHmXQ4z4TkyaKg,علیرضا قربانی,,2025-05-31T08:58:38Z,علیرضا قربانی,pending_review,unknown,
2,علیرضا قربانی,classic_fusion,4,UC9AlrY_v_HAz3WLnMCl1OgQ,علیرضا قربانی,,2024-03-23T22:40:15Z,علیرضا قربانی,pending_review,unknown,
2,علیرضا قربانی,classic_fusion,5,UCtsKNmdgKjmlswHNOVrl85Q,علیرضا قربانی,,2025-01-11T17:49:17Z,علیرضا قربانی,pending_review,unknown,
3,محسن چاووشی,pop,1,UCFnc_tL9if9l5As18rnAyGA,Mohsen Chavoshi,Welcome to the Official Channel Of Mohsen Chavoshi.,2012-10-05T22:09:31Z,محسن چاووشی,pending_review,unknown,
3,محسن چاووشی,pop,2,UCw5LO6ba1yNC3cps4Zu_1Hg,Mohsen Chavoshi - Topic,,2013-12-21T02:36:54Z,محسن چاووشی,pending_review,unknown,
3,محسن چاووشی,pop,3,UC51V8YOZyP1qTqvkdeENZKA,Mohamad Art,After Effect • Motion graphics • designer.,2021-10-27T13:32:26Z,محسن چاووشی,pending_review,unknown,
3,محسن چاووشی,pop,4,UCUCF3K8DbB4OeI_imhse38Q,محسن چاووشی,,2022-03-31T11:29:01Z,محسن چاووشی,pending_review,unknown,
3,محسن چاووشی,pop,5,UCNIyL48Wnjc9i8cHs5kmLhw,محسن چاووشی,,2022-01-03T16:37:18Z,محسن چاووشی,pending_review,unknown,
4,فرزاد فرزین,pop,1,UCMQ39QYA6tpAu_ZDaOWn7IQ,Farzad Farzin,I am Farzad Farzin and this is my official YouTube channel. You can find link to this YouTube account on my website: ...,2014-11-30T15:23:39Z,فرزاد فرزین,pending_review,unknown,
4,فرزاد فرزین,pop,2,UCff8stRBDVXKh0jubPqqeKw,Farzad Zarin  فرزاد زرّین,فرزاد زرّین کمدین، تحلیلگر سیاسی–رسانه‌ای و فعال آگاهی‌بخش ایرانی است که با رویکردی منحصربه‌فرد، طنز را به ابزاری برای ...,2024-12-11T08:51:16Z,فرزاد فرزین,pending_review,unknown,
4,فرزاد فرزین,pop,3,UCLTfWoDn6avqmh0BpHmvWQQ,Farzad Farzin - Topic,"I am Farzad Farzin. This is my official YouTube Channel. I am an Iranian singer, songwriter, arranger, and actor. I started my ...",2013-12-20T23:30:50Z,فرزاد فرزین,pending_review,unknown,
4,فرزاد فرزین,pop,4,UCsFDA7_0r1TF6UKbVufy4cQ,FarzadFarzinVEVO,,2025-01-26T18:18:49Z,فرزاد فرزین,pending_review,unknown,
4,فرزاد فرزین,pop,5,UCtI3OXUHOZeJtZV9I9uczKg,Bani Black,,2013-02-23T16:25:08Z,فرزاد فرزین,pending_review,unknown,
5,محسن یگانه,pop,1,UCF2LMk6XCzazmPPWrxc7qSg,Mohsen Yeganeh,,2012-04-11T19:02:23Z,محسن یگانه,pending_review,unknown,
5,محسن یگانه,pop,2,UCobfxWqSORuodnQ5rdNw-bw,Mohsen Yeganeh - Topic,,2013-10-21T07:38:24Z,محسن یگانه,pending_review,unknown,
5,محسن یگانه,pop,3,UCvbOLe9-_bg8FB3srYFnWQA,محسن یگانه,اینجا دور هم جمع میشیم تا حالمون رو با صدای محسن خوب و خوب تر کنیم.,2020-11-25T01:23:07Z,محسن یگانه,pending_review,unknown,
5,محسن یگانه,pop,4,UCDv73IGr77RsJFbT4p8lBnA,mohsen yeganeh concerts,All videos are captured by me.,2015-04-23T16:12:23Z,محسن یگانه,pending_review,unknown,
5,محسن یگانه,pop,5,UCLUK8cUTKyyNbDSs1xutwFA,محسن یگانه ریمیکس + Mohsen Yeganeh Remix,این کانال ریمیکس آهنگهای محسن یگانه را پخش میکند برای دانلود ریمیکس ها به کانال تلگرام مراجعه فرمایید Telgram ...,2019-04-11T10:55:17Z,محسن یگانه,pending_review,unknown,
6,سهراب پاکزاد,pop,1,UCQnVOIzzZ-r2vKWZGEvd7Zw,Sohrab Pakzad,The Official Youtube Channel Of Sohrab Pakzad.,2023-12-17T15:48:24Z,سهراب پاکزاد,pending_review,unknown,
6,سهراب پاکزاد,pop,2,UCp7ZHoSS_JBhS3Xi7dVg2DQ,Sohrab pakzad,All about sohrab pakzad #song#concert#live#music Instagram @sohrabpakzad_liliyana.,2020-11-03T09:02:06Z,سهراب پاکزاد,pending_review,unknown,
6,سهراب پاکزاد,pop,3,UC9qZPJyvvZiBmzYdqdgly1w,SohrabPakzadVEVO,,2023-05-01T23:30:54Z,سهراب پاکزاد,pending_review,unknown,
6,سهراب پاکزاد,pop,4,UC6TdpSDjE3jt7z8RcFslTow,Sohrab Pakzad - Topic,,2016-11-28T06:33:02Z,سهراب پاکزاد,pending_review,unknown,
6,سهراب پاکزاد,pop,5,UCCbchRgKxL2xcAOPrdvO1ow,sohrab pakzad,به کانال رسمی سهراب پاکزاد خوش آمدید.,2022-09-13T13:27:00Z,سهراب پاکزاد,pending_review,unknown,
7,گرشا رضایی,pop,1,UCisezGQDdiJZ6lmMQjVclvA,Garsha Rezaei,"Welcome to the official YouTube channel of Garsha Rezaei! Here you will find all of Garsha's music, including his latest hits and ...",2022-02-20T17:23:53Z,گرشا رضایی,pending_review,unknown,
7,گرشا رضایی,pop,2,UCyKEGPBJ8AXftaMfxXG9yKw,Garsha Rezaei - Topic,,2017-12-15T22:36:12Z,گرشا رضایی,pending_review,unknown,
7,گرشا رضایی,pop,3,UCvSuB-kDM8Lnxvrt3r6D3Og,garsha_rezaei_fan,کانال هواداری گرشا رضایی اولین نفر از خبر های جدید گرشا رضایی مطلع شوید...,2021-02-22T13:16:55Z,گرشا رضایی,pending_review,unknown,
7,گرشا رضایی,pop,4,UCpddD6C7BNxnlylU0pbQDlQ,طرفدار گرشا رضایی,,2022-05-17T05:24:14Z,گرشا رضایی,pending_review,unknown,
7,گرشا رضایی,pop,5,UCuw9FSEu8TR5SXeyVrtZITw,Garsha Rezaei_fanpg,بهترین کلیپ های گرشا رضایی.,2021-11-16T13:01:59Z,گرشا رضایی,pending_review,unknown,
8,ساسی مانکن,rap_hiphop,1,UCNbdu7ivGJ6BCMrxfLLVjUQ,Sasy,The one and only official YouTube channel!,2020-06-19T18:40:37Z,ساسی مانکن,pending_review,unknown,
8,ساسی مانکن,rap_hiphop,2,UC70n34Ta7gz9cjARcykafRQ,ساسی مانکن,,2025-02-21T20:11:14Z,ساسی مانکن,pending_review,unknown,
8,ساسی مانکن,rap_hiphop,3,UCFAIKt9lqX8_UR5avUWrQjg,StorySasy,صفحه رسمی دابسمش های ساسی مانکن.,2023-11-10T19:33:12Z,ساسی مانکن,pending_review,unknown,
8,ساسی مانکن,rap_hiphop,4,UCHgdN_bLmnnuvt6bKn8Uxfw,Sasy - Topic,,2016-11-28T18:16:04Z,ساسی مانکن,pending_review,unknown,
8,ساسی مانکن,rap_hiphop,5,UCIFAr4juP713mkNTdiRoHMg,Sasy Mankan - Topic,,2013-12-23T11:42:19Z,ساسی مانکن,pending_review,unknown,
9,هیچکس,rap_hiphop,1,UCAnylXo06Lw_x8swLZhIosg,Hichkas,"Soroush Lashkary better known by his stage name, Hichkas (nobody in Persian) is an Iranian song writer, rapper, record producer ...",2019-02-15T19:32:37Z,هیچکس,pending_review,unknown,
9,هیچکس,rap_hiphop,2,UCm_mje1o4yM0SVyfZi7DVwQ,☠️آقای هیچکس ☠️,ایدی اینستاگرام:mr_nobody052@ من بلاگر نیستم ، من یک موتور سوار روانیم   . Sabzevar . با من به اوج هیجان برس.,2024-05-02T16:26:17Z,هیچکس,pending_review,unknown,
9,هیچکس,rap_hiphop,3,UCl8zNrYBc1M-WnYMZxM7OPA,Hichkas - Topic,,2013-12-23T16:40:44Z,هیچکس,pending_review,unknown,
9,هیچکس,rap_hiphop,4,UC8-8C9zDeFOyi_OzOh95TCA,هیچکس,,2025-11-30T11:25:07Z,هیچکس,pending_review,unknown,
9,هیچکس,rap_hiphop,5,UCzGfKTYa6JhsdxDY7jPg04A,هیچکس,Iranian     YouTuber     #GAMER.,2022-02-11T18:05:13Z,هیچکس,pending_review,unknown,
