artist_id,artist_name_fa,category,candidate_rank,channel_id,channel_title,channel_description,published_at,source_query,manual_status,candidate_type,notes,api_channel_title,api_channel_description,custom_url,country,channel_published_at,view_count,subscriber_count,hidden_subscriber_count,video_count
1,همایون شجریان,classic_fusion,1,UCmBIX3tItWTCmbkcARiyZkg,Homayoun Shajarian,The official YouTube Channel of Homayoun Shajarian |,2020-12-27T08:43:42Z,همایون شجریان,pending_review,unknown,,Homayoun Shajarian,"| The official YouTube Channel of Homayoun Shajarian |

",@homayounshajarianchannel,DE,2020-12-27T08:43:42.268504Z,32707763,103000,False,269
1,همایون شجریان,classic_fusion,2,UCHyzCBAeqe9YYeUC4QCwPQw,Homayoun Shajarian - Topic,,2013-12-20T20:53:25Z,همایون شجریان,pending_review,unknown,,Homayoun Shajarian - Topic,,,,2013-12-20T20:53:25Z,7600007,11800,False,292
1,همایون شجریان,classic_fusion,3,UC7zsmnc17R-LSTV4Dl5sN2w,Homayounshajarian fans,''دوستداران‌همایون‌شجریان'' ╰همایون‌زرین╮ ˵دچارتو‌نمی‌کند دل‌ازهوای‌تو˶,2024-12-25T14:21:36Z,همایون شجریان,pending_review,unknown,,Homayounshajarian fans,"‘’دوستداران‌همایون‌شجریان‘’
╰همایون‌زرین╮
˵دچارتو‌نمی‌کند
دل‌ازهوای‌تو˶",@homayounzarin,,2024-12-25T14:21:36.47386Z,3530689,4250,False,128
1,همایون شجریان,classic_fusion,4,UCFFQe4CXlW1obCcgkKGEd9A,moosighie  sonati,ویدئوهای کوتاه استاد شجریان ،آشنایی با دستگاههای موسیقی ایرانی، کمی هم آموزش سه تار.,2012-09-21T07:18:21Z,همایون شجریان,pending_review,unknown,,moosighie  sonati,ویدئوهای کوتاه استاد شجریان ،آشنایی با دستگاههای موسیقی ایرانی، کمی هم آموزش سه تار,@moosighie_sonati,US,2012-09-21T07:18:21Z,3947846,4200,False,839
1,همایون شجریان,classic_fusion,5,UCxF3Fc_cSQbbkBNOUh5Kj2g,استاد محمد رضاشجریان shajaryan,,2017-01-10T11:17:10Z,همایون شجریان,pending_review,unknown,,استاد محمد رضاشجریان shajaryan,,@shajaryan2887,,2017-01-10T11:17:10Z,1688994,10800,False,489
2,علیرضا قربانی,classic_fusion,1,UCregxQqAisNcggQriK9f3Qw,Alireza Ghorbani,Official Channel of Alireza Ghorbani Iranian Singer And Musician Alireza Ghorbani was born in 1972 in Tehran. He started his ...,2017-01-18T10:57:21Z,علیرضا قربانی,pending_review,unknown,,Alireza Ghorbani,"Official Channel of Alireza Ghorbani
Iranian Singer And Musician
Alireza Ghorbani was born in 1972 in Tehran. He started his vocal lessons when he was 12, and he was a solo vocalist of National Orchestra when he was 27. Alireza Ghorbani also became at thirty years a foreground singer of the Persian song. His very ramified repertory constitutes the radif and the tasnif, whose vocal rarest techniques are very well controlled from him. He occurs in small formation, with four musicians, as with the national Orchestra of Iran

t.me/AlirezaGhorbaniOfficial
",@alirezaghorbaniofficial,US,2017-01-18T10:57:21Z,40906129,74500,False,113
2,علیرضا قربانی,classic_fusion,2,UC_xcDPW-ARj59n1qhYaLOqQ,Alireza Ghorbani - Topic,"Alireza Ghorbani was born in February 4th 1972 in Tehran. He started his vocal lessons when he was 12, and he was a solo ...",2013-10-24T07:35:04Z,علیرضا قربانی,pending_review,unknown,,Alireza Ghorbani - Topic,"Alireza Ghorbani was born in February 4th 1972 in Tehran. He started his vocal lessons when he was 12, and he was a solo vocalist of National Orchestra when he was 27. Alireza Ghorbani also became at thirty years a foreground singer of the Persian song. His very ramified repertory constitutes the radif and the tasnif, whose vocal rarest techniques are very well controlled from him. He occurs in small formation, with four musicians, as with the national Orchestra of Iran.

Alireza Ghorbani is a great artist deeply rooted in the tradition but also of an insatiable curiosity and a large open-mindedness with respect to the other cultures.

The handsomely chiseled features of Ali Reza Ghorbani have become part of the new generation of Iranian singers of classical Persian music. Born in the midst of the turbulence of 1970s and 80s Iran, Ghorbani has laid claims to being a worthy successor of the man regarded as the undisputed master of Persian classical song, Mohammed Reza Shajarian.

He has released 19 albums in Iran and Europe until now. Also he participated in several international projects, some multi-cultural (Iran, France, India, Mali) projects in Europe like: Le Rhythm De La Parole, SOUFFLES DU MONDE (released in Europe) and some other projects such as cooperation with Dorsaf Hamdani Tunisian singer, concert with the Dusseldorf Symphony Orchestra, Concert with Kamel Orchestra Vienna, performance at the Cologne Philharmonic, and concert with the Vancouver Opera Orchestra.",,,2013-10-24T07:35:04Z,6994102,1120,False,333
2,علیرضا قربانی,classic_fusion,3,UC3dY0Ol9JfHmXQ4z4TkyaKg,علیرضا قربانی,,2025-05-31T08:58:38Z,علیرضا قربانی,pending_review,unknown,,علیرضا قربانی,,@alereza4999,,2025-05-31T08:58:38.94782Z,2085,3,False,10
2,علیرضا قربانی,classic_fusion,4,UC9AlrY_v_HAz3WLnMCl1OgQ,علیرضا قربانی,,2024-03-23T22:40:15Z,علیرضا قربانی,pending_review,unknown,,علیرضا قربانی,,@علیرضاقربانی-ي4ج,,2024-03-23T22:40:15.309656Z,982,4,False,6
2,علیرضا قربانی,classic_fusion,5,UCtsKNmdgKjmlswHNOVrl85Q,علیرضا قربانی,,2025-01-11T17:49:17Z,علیرضا قربانی,pending_review,unknown,,علیرضا قربانی,,@علیرضاقربانی-ظ4ش,,2025-01-11T17:49:17.856698Z,4,0,False,1
3,محسن چاووشی,pop,1,UCFnc_tL9if9l5As18rnAyGA,Mohsen Chavoshi,Welcome to the Official Channel Of Mohsen Chavoshi.,2012-10-05T22:09:31Z,محسن چاووشی,pending_review,unknown,,Mohsen Chavoshi,"Welcome to the Official Channel Of Mohsen Chavoshi



",@chavoshiofficial,DE,2012-10-05T22:09:31Z,173430665,237000,False,98
3,محسن چاووشی,pop,2,UCw5LO6ba1yNC3cps4Zu_1Hg,Mohsen Chavoshi - Topic,,2013-12-21T02:36:54Z,محسن چاووشی,pending_review,unknown,,Mohsen Chavoshi - Topic,,,,2013-12-21T02:36:54Z,26680087,2280,False,407
3,محسن چاووشی,pop,3,UC51V8YOZyP1qTqvkdeENZKA,Mohamad Art,After Effect • Motion graphics • designer.,2021-10-27T13:32:26Z,محسن چاووشی,pending_review,unknown,,Mohamad Art,"• After Effect
• Motion graphics
• designer",@mohamadart7539,,2021-10-27T13:32:26.53932Z,10261,62,False,17
3,محسن چاووشی,pop,4,UCUCF3K8DbB4OeI_imhse38Q,محسن چاووشی,,2022-03-31T11:29:01Z,محسن چاووشی,pending_review,unknown,,محسن چاووشی,,@محسنچاووشی-ق6ث,,2022-03-31T11:29:01.1188Z,2,0,False,1
3,محسن چاووشی,pop,5,UCNIyL48Wnjc9i8cHs5kmLhw,محسن چاووشی,,2022-01-03T16:37:18Z,محسن چاووشی,pending_review,unknown,,محسن چاووشی,,@محسنچاووشی-ت9ظ,,2022-01-03T16:37:18.145448Z,0,0,False,1
4,فرزاد فرزین,pop,1,UCMQ39QYA6tpAu_ZDaOWn7IQ,Farzad Farzin,I am Farzad Farzin and this is my official YouTube channel. You can find link to this YouTube account on my website: ...,2014-11-30T15:23:39Z,فرزاد فرزین,pending_review,unknown,,Farzad Farzin,"I am Farzad Farzin and this is my official YouTube channel.

You can find link to this YouTube account on my website:
http://farzadfarzin.net
http://t.me/farzadfarzin2",@farzadfarzinnet,US,2014-11-30T15:23:39Z,70480409,75300,False,184
4,فرزاد فرزین,pop,2,UCff8stRBDVXKh0jubPqqeKw,Farzad Zarin  فرزاد زرّین,فرزاد زرّین کمدین، تحلیلگر سیاسی–رسانه‌ای و فعال آگاهی‌بخش ایرانی است که با رویکردی منحصربه‌فرد، طنز را به ابزاری برای ...,2024-12-11T08:51:16Z,فرزاد فرزین,pending_review,unknown,,Farzad Zarin  فرزاد زرّین,"فرزاد زرّین کمدین، تحلیلگر سیاسی–رسانه‌ای و فعال آگاهی‌بخش ایرانی است که با رویکردی منحصربه‌فرد، طنز را به ابزاری برای تحلیل، روشنگری و مبارزه‌ی مدنی تبدیل کرده است.
او با میلیون‌ها دنبال‌کننده در پلتفرم‌هایی چون یوتیوب، اینستاگرام و تلگرام، یکی از چهره‌های پرنفوذ رسانه‌ای در میان جامعه‌ی ایرانیان داخل و خارج از کشور به‌شمار می‌آید.

زرّین در برنامه‌های زنده‌ی شبانه‌اش، با زبانی صمیمی و تحلیلی، به بررسی مسائل سیاسی، اجتماعی و فرهنگی ایران می‌پردازد و هم‌زمان با الهام‌بخشی و انرژی مثبت، مخاطبان خود را به امید، آگاهی و اتحاد دعوت می‌کند.
او خود را «کمدینی که سیاسی شد» می‌نامد — هنرمندی که از طنز برای گفتن حقیقت بهره می‌گیرد و از سکوت، سلاحی برای تغییر می‌سازد.

در سال‌های اخیر، فرزاد زرّین در گفتگوها و نشست‌هایی با چهره‌های شاخص اپوزیسیون از جمله شاهزاده رضا پهلوی نیز حضور داشته و به‌عنوان یکی از صداهای مستقل و مردمی، نقشی فعال در جریان رسانه‌ای آزادی‌خواهی ایرانیان ایفا کرده است
",@farzadzarrin-tv,TR,2024-12-11T08:51:16.687922Z,5769829,37100,False,695
4,فرزاد فرزین,pop,3,UCLTfWoDn6avqmh0BpHmvWQQ,Farzad Farzin - Topic,"I am Farzad Farzin. This is my official YouTube Channel. I am an Iranian singer, songwriter, arranger, and actor. I started my ...",2013-12-20T23:30:50Z,فرزاد فرزین,pending_review,unknown,,Farzad Farzin - Topic,"I am Farzad Farzin. This is my official YouTube Channel. I am an Iranian singer, songwriter, arranger, and actor. I started my career as a singer in 2004. Released 7 studio albums, as well as several non-album hit singles like Asheghaneh, Mankan, Kharabesh Kardi, Roozhaye Tarik, Jazzab, Mahe Asal and etc.

Official Website:
http://farzadfarzin.net",,,2013-12-20T23:30:50Z,7061159,1510,False,183
4,فرزاد فرزین,pop,4,UCsFDA7_0r1TF6UKbVufy4cQ,FarzadFarzinVEVO,,2025-01-26T18:18:49Z,فرزاد فرزین,pending_review,unknown,,FarzadFarzinVEVO,,@farzadfarzinvevo,,2025-01-26T18:18:49.208646Z,253631,350,False,17
4,فرزاد فرزین,pop,5,UCtI3OXUHOZeJtZV9I9uczKg,Bani Black,,2013-02-23T16:25:08Z,فرزاد فرزین,pending_review,unknown,,Bani Black,,@baniblack2960,,2013-02-23T16:25:08Z,40074,122,False,155
5,محسن یگانه,pop,1,UCF2LMk6XCzazmPPWrxc7qSg,Mohsen Yeganeh,,2012-04-11T19:02:23Z,محسن یگانه,pending_review,unknown,,Mohsen Yeganeh,,@mohsenyeganehofficial,,2012-04-11T19:02:23Z,330631570,571000,False,56
5,محسن یگانه,pop,2,UCobfxWqSORuodnQ5rdNw-bw,Mohsen Yeganeh - Topic,,2013-10-21T07:38:24Z,محسن یگانه,pending_review,unknown,,Mohsen Yeganeh - Topic,,,,2013-10-21T07:38:24Z,32962531,2860,False,267
5,محسن یگانه,pop,3,UCvbOLe9-_bg8FB3srYFnWQA,محسن یگانه,اینجا دور هم جمع میشیم تا حالمون رو با صدای محسن خوب و خوب تر کنیم.,2020-11-25T01:23:07Z,محسن یگانه,pending_review,unknown,,محسن یگانه,اینجا دور هم جمع میشیم تا حالمون رو با صدای محسن خوب و خوب تر کنیم 💙,@mohsenyeganehorg,,2020-11-25T01:23:07.421411Z,40577,68,False,33
5,محسن یگانه,pop,4,UCDv73IGr77RsJFbT4p8lBnA,mohsen yeganeh concerts,All videos are captured by me.,2015-04-23T16:12:23Z,محسن یگانه,pending_review,unknown,,mohsen yeganeh concerts,All videos are captured by me,@mohsenyeganehconcerts,DE,2015-04-23T16:12:23Z,255304,833,False,51
5,محسن یگانه,pop,5,UCLUK8cUTKyyNbDSs1xutwFA,محسن یگانه ریمیکس + Mohsen Yeganeh Remix,این کانال ریمیکس آهنگهای محسن یگانه را پخش میکند برای دانلود ریمیکس ها به کانال تلگرام مراجعه فرمایید Telgram ...,2019-04-11T10:55:17Z,محسن یگانه,pending_review,unknown,,محسن یگانه ریمیکس + Mohsen Yeganeh Remix,"این کانال ریمیکس آهنگهای محسن یگانه را پخش میکند

برای دانلود ریمیکس ها به کانال تلگرام مراجعه فرمایید

Telgram : mohsenyegane_remix

www.telegram.me/mohsenyeganeh_remix

www.instagram.com/mortezachizari

www.telegram.me/mortezachizari

",@mohsenyeganehremix,US,2019-04-11T10:55:17Z,96313,488,False,14
6,سهراب پاکزاد,pop,1,UCQnVOIzzZ-r2vKWZGEvd7Zw,Sohrab Pakzad,The Official Youtube Channel Of Sohrab Pakzad.,2023-12-17T15:48:24Z,سهراب پاکزاد,pending_review,unknown,,Sohrab Pakzad,The Official Youtube Channel Of Sohrab Pakzad,@sohrab.pakzad,,2023-12-17T15:48:24.373797Z,55877543,39900,False,84
6,سهراب پاکزاد,pop,2,UCp7ZHoSS_JBhS3Xi7dVg2DQ,Sohrab pakzad,All about sohrab pakzad #song#concert#live#music Instagram @sohrabpakzad_liliyana.,2020-11-03T09:02:06Z,سهراب پاکزاد,pending_review,unknown,,Sohrab pakzad,"All about sohrab pakzad
#song#concert#live#music
Instagram @sohrabpakzad_liliyana",@sohrabpakzad_liliyana,,2020-11-03T09:02:06.852817Z,3740157,8460,False,528
6,سهراب پاکزاد,pop,3,UC9qZPJyvvZiBmzYdqdgly1w,SohrabPakzadVEVO,,2023-05-01T23:30:54Z,سهراب پاکزاد,pending_review,unknown,,SohrabPakzadVEVO,,@sohrabpakzadvevo,,2023-05-01T23:30:54.168564Z,29200902,2630,False,44
6,سهراب پاکزاد,pop,4,UC6TdpSDjE3jt7z8RcFslTow,Sohrab Pakzad - Topic,,2016-11-28T06:33:02Z,سهراب پاکزاد,pending_review,unknown,,Sohrab Pakzad - Topic,,,,2016-11-28T06:33:02Z,11261269,3900,False,227
6,سهراب پاکزاد,pop,5,UCCbchRgKxL2xcAOPrdvO1ow,sohrab pakzad,به کانال رسمی سهراب پاکزاد خوش آمدید.,2022-09-13T13:27:00Z,سهراب پاکزاد,pending_review,unknown,,sohrab pakzad,به کانال رسمی سهراب پاکزاد خوش آمدید,@sohrabpakzad_arsham,,2022-09-13T13:27:00.159858Z,89764,351,False,28
7,گرشا رضایی,pop,1,UCisezGQDdiJZ6lmMQjVclvA,Garsha Rezaei,"Welcome to the official YouTube channel of Garsha Rezaei! Here you will find all of Garsha's music, including his latest hits and ...",2022-02-20T17:23:53Z,گرشا رضایی,pending_review,unknown,,Garsha Rezaei,"Welcome to the official YouTube channel of Garsha Rezaei! 

Here you will find all of Garsha’s music, including his latest hits and old favorites. With a unique voice and style, Garsha has captured the hearts of fans with his beautiful melodies and heartfelt lyrics. 
Subscribe to stay up-to-date with all of Garsha’s new releases!",@garsharezaeiofficial,DE,2022-02-20T17:23:53.299156Z,10561242,17900,False,241
7,گرشا رضایی,pop,2,UCyKEGPBJ8AXftaMfxXG9yKw,Garsha Rezaei - Topic,,2017-12-15T22:36:12Z,گرشا رضایی,pending_review,unknown,,Garsha Rezaei - Topic,,,,2017-12-15T22:36:12Z,5398742,2130,False,111
7,گرشا رضایی,pop,3,UCvSuB-kDM8Lnxvrt3r6D3Og,garsha_rezaei_fan,کانال هواداری گرشا رضایی اولین نفر از خبر های جدید گرشا رضایی مطلع شوید...,2021-02-22T13:16:55Z,گرشا رضایی,pending_review,unknown,,garsha_rezaei_fan,"کانال هواداری گرشا رضایی 
اولین نفر از خبر های جدید گرشا رضایی مطلع شوید...",@garsha_rezaei_fan,,2021-02-22T13:16:55.833928Z,66068,153,False,70
7,گرشا رضایی,pop,4,UCpddD6C7BNxnlylU0pbQDlQ,طرفدار گرشا رضایی,,2022-05-17T05:24:14Z,گرشا رضایی,pending_review,unknown,,طرفدار گرشا رضایی,,@طرفدارگرشارضایی,,2022-05-17T05:24:14.757724Z,188,2,False,1
7,گرشا رضایی,pop,5,UCuw9FSEu8TR5SXeyVrtZITw,Garsha Rezaei_fanpg,بهترین کلیپ های گرشا رضایی.,2021-11-16T13:01:59Z,گرشا رضایی,pending_review,unknown,,Garsha Rezaei_fanpg,"بهترین کلیپ های گرشا رضایی ❤️
",@garsharezaei_fanpg7308,,2021-11-16T13:01:59.937479Z,438,2,False,5
8,ساسی مانکن,rap_hiphop,1,UCNbdu7ivGJ6BCMrxfLLVjUQ,Sasy,The one and only official YouTube channel!,2020-06-19T18:40:37Z,ساسی مانکن,pending_review,unknown,,Sasy,"The one and only official YouTube channel!
",@sasy-land,,2020-06-19T18:40:37.375941Z,222344,2340,False,8
8,ساسی مانکن,rap_hiphop,2,UC70n34Ta7gz9cjARcykafRQ,ساسی مانکن,,2025-02-21T20:11:14Z,ساسی مانکن,pending_review,unknown,,ساسی مانکن,,@sasi1-x2h,,2025-02-21T20:11:14.335438Z,87,0,False,6
8,ساسی مانکن,rap_hiphop,3,UCFAIKt9lqX8_UR5avUWrQjg,StorySasy,صفحه رسمی دابسمش های ساسی مانکن.,2023-11-10T19:33:12Z,ساسی مانکن,pending_review,unknown,,StorySasy,•صفحه رسمی دابسمش های ساسی مانکن✓,@storysasy,AU,2023-11-10T19:33:12.804936Z,1462567,1870,False,340
8,ساسی مانکن,rap_hiphop,4,UCHgdN_bLmnnuvt6bKn8Uxfw,Sasy - Topic,,2016-11-28T18:16:04Z,ساسی مانکن,pending_review,unknown,,Sasy - Topic,,,,2016-11-28T18:16:04Z,21628628,22800,False,71
8,ساسی مانکن,rap_hiphop,5,UCIFAr4juP713mkNTdiRoHMg,Sasy Mankan - Topic,,2013-12-23T11:42:19Z,ساسی مانکن,pending_review,unknown,,Sasy Mankan - Topic,,,,2013-12-23T11:42:19Z,0,1970,False,0
9,هیچکس,rap_hiphop,1,UCAnylXo06Lw_x8swLZhIosg,Hichkas,"Soroush Lashkary better known by his stage name, Hichkas (nobody in Persian) is an Iranian song writer, rapper, record producer ...",2019-02-15T19:32:37Z,هیچکس,pending_review,unknown,,Hichkas,"Soroush Lashkary better known by his stage name, Hichkas (nobody in Persian) is an Iranian song writer, rapper, record producer. Dubbed the godfather of Iranian rap and pioneer of Iranian hip-hop genre, Hichkas’s early releases combined traditional Iranian instruments and urban beats to create a hybrid genre, a combination of east and west. Lyrically, Hichkas’s songs are full of idioms, onomatopoeia, similes, alliteration, assonance, metaphors, a play on folk Persian proverbs and themed around social and cultural issues. Hichkas’s first album ‘Jangale Asfalt’ (The Asphalt Jungle) was initially released in 2005 was seminal in that it was the first professional hip-hop LP to be released from Iran, and became a fine example of Iranian arts and culture. Hichkas also, founded 021, Candis and the record label Saamet. Hichkas is working on his highly anticipated second LP, Mojaz.",@hichkasofficial,GB,2019-02-15T19:32:37Z,12753699,69700,False,18
9,هیچکس,rap_hiphop,2,UCm_mje1o4yM0SVyfZi7DVwQ,☠️آقای هیچکس ☠️,ایدی اینستاگرام:mr_nobody052@ من بلاگر نیستم ، من یک موتور سوار روانیم   . Sabzevar . با من به اوج هیجان برس.,2024-05-02T16:26:17Z,هیچکس,pending_review,unknown,,☠️آقای هیچکس ☠️,"ایدی اینستاگرام:mr_nobody052@

من بلاگر نیستم 🫢، 
من یک موتور سوار روانیم😈
.
📍Sabzevar
.
با من به اوج هیجان برس😎🔥",@mr_nobody051,TR,2024-05-02T16:26:17.207453Z,844368,924,False,48
9,هیچکس,rap_hiphop,3,UCl8zNrYBc1M-WnYMZxM7OPA,Hichkas - Topic,,2013-12-23T16:40:44Z,هیچکس,pending_review,unknown,,Hichkas - Topic,,,,2013-12-23T16:40:44Z,1236369,2140,False,15
9,هیچکس,rap_hiphop,4,UC8-8C9zDeFOyi_OzOh95TCA,هیچکس,,2025-11-30T11:25:07Z,هیچکس,pending_review,unknown,,هیچکس,,@هیچکس-ق3ط,,2025-11-30T11:25:07.736442Z,194980,246,False,167
9,هیچکس,rap_hiphop,5,UCzGfKTYa6JhsdxDY7jPg04A,هیچکس,Iranian     YouTuber     #GAMER.,2022-02-11T18:05:13Z,هیچکس,pending_review,unknown,,هیچکس,"Iranian🇮🇷 YouTuber🎥🔴
#GAMER 🎮",@هیچکس-ق2ح,,2022-02-11T18:05:13.13882Z,116,9,False,5
