artist_id,artist_name_fa,category,candidate_rank,video_id,video_title,channel_id,channel_title,published_at,source_query,manual_status,notes
1,همایون شجریان,classic_fusion,2,FSbAa3rZkVo,Homayoun Shajarian Top 10 Songs ( ده تا از بهترین آهنگ های همایون شجریان ),UCmBIX3tItWTCmbkcARiyZkg,Homayoun Shajarian,2023-07-15T07:42:37Z,همایون شجریان,pending_review,
1,همایون شجریان,classic_fusion,3,f3_y_O1qFJc,Homayoun Shajarian - Havaye Geryeh (همایون شجریان - تصنیف هوای گریه),UCjibqVppvIlLK4lbXRsbhhw,Melodifa,2019-07-10T18:55:08Z,همایون شجریان,pending_review,
1,همایون شجریان,classic_fusion,4,Nc23hVqxbzY,Homayoun Shajarian - Mastam Ze Negahe To (همایون شجریان - مستم ز نگاه تو),UCX7iFtn4OnJYNLXyKQsnHGg,MELODIFA CLASSIC,2020-08-17T13:00:06Z,همایون شجریان,pending_review,
1,همایون شجریان,classic_fusion,5,kvGyhv2MSfQ,KHARIDAR Live Anoushiravan Rohani &amp; Homayoun Shajarian خریدار همایون شجریان و انوشیروان روحانی,UCfTyeE7jWJK6q7lTdIUv57w,Anoushiravan Rohani,2024-12-10T19:35:47Z,همایون شجریان,pending_review,
1,همایون شجریان,classic_fusion,6,r3Hgfk9GNWA,Homayoun Shajarian - The Lord of The Secrets | همایون شجریان - خداوندان اسرار,UCiEK11dphMbDnbSXNvLOFCg,AmirSadegh Rassouli,2021-01-29T22:48:15Z,همایون شجریان,pending_review,
1,همایون شجریان,classic_fusion,7,qhKcG8m70FE,Homayoun Shajarian - Zolf Bar Bad Made ( همایون شجریان - زلف بر باد مده ),UCmBIX3tItWTCmbkcARiyZkg,Homayoun Shajarian,2022-03-14T16:30:06Z,همایون شجریان,pending_review,
1,همایون شجریان,classic_fusion,8,hSTinyMVGtQ,آواز همایون شجریان - چه دانستم - غزل مولوی - دیوان شمس - چه دانستم که این سودا مرا زین سان کند مجنون,UCqZeJVn5evgB93CPe2QMypg,Naghmeha - Persian Songs and Poems نغمه ها و اشعار,2020-12-30T18:04:27Z,همایون شجریان,pending_review,
1,همایون شجریان,classic_fusion,9,qpXspMgbRyE,همایون شجریان اجرای زنده کنسرت دبی ٢٠٢۵ |Live Concert in Dubai 2025  Homayoun Shajarian ,UChLs096B3kOpLYhVK1ldSvg,Khosousi,2025-09-17T15:33:16Z,همایون شجریان,pending_review,
1,همایون شجریان,classic_fusion,10,-_D9FlMTb_Q,Homayoun Shajarian - Kharidar I Live In Concert ( همایون شجریان و انوشیروان روحانی - خریدار ),UCmBIX3tItWTCmbkcARiyZkg,Homayoun Shajarian,2024-12-10T13:30:00Z,همایون شجریان,pending_review,
1,همایون شجریان,classic_fusion,11,uUp--5qtOac,به یاد هایده - اجرای بی نظیر همایون شجریان و انوشیروان روحانی برای اولین بار,UCGV-fV3AkEHYzf1iW2ADeMA,Day2DayWorld,2024-01-12T15:35:51Z,همایون شجریان,pending_review,
1,همایون شجریان,classic_fusion,12,LApNZRnreYI,مرغ سحر با صدای همایون شجریان و عبیر نعمه | &quot;Morgh-e Sahar&quot; - Homayoun Shajarian &amp; Abeer Nehme,UCG6dTZjThIJih8BBkeS3FaA,Hafdang Old Channel | کانال قدیمی هفدانگ,2020-06-19T17:54:28Z,همایون شجریان,pending_review,
1,همایون شجریان,classic_fusion,13,wDES77ndVFg,Homayoun Shajarian - Sanama ( اجرای زنده قطعه صنما - همایون شجریان، سهراب پورناظری ),UCmBIX3tItWTCmbkcARiyZkg,Homayoun Shajarian,2022-01-15T13:30:07Z,همایون شجریان,pending_review,
1,همایون شجریان,classic_fusion,14,8Ss26p3Nh00,آواز خوانی فوق العاده زیبا و دلنشین همایون شجریان,UCAJbSaWpLovszCdQoGxa2mA,Ebrahim Mohamadi,2017-07-05T20:50:40Z,همایون شجریان,pending_review,
1,همایون شجریان,classic_fusion,15,qgFBMyxJ4eg,Homayoun Shajarian - Yek Nafas Arezouye To ( همایون شجریان - یک نفس آرزوی تو ),UCmBIX3tItWTCmbkcARiyZkg,Homayoun Shajarian,2021-06-28T05:30:08Z,همایون شجریان,pending_review,
1,همایون شجریان,classic_fusion,16,3q-9WbBAztc,اتفاقی عجیب! هیس صداتو بیار پایین، رفتار زشت با طرفدار همایون شجریان…,UCIoXa9CZoDHPao2qnfGU5mg,honarnewsofficial,2025-03-17T18:30:03Z,همایون شجریان,pending_review,
1,همایون شجریان,classic_fusion,17,B4OdwUmjuHg,واکنش خارجی ها به آهنگ صنما از همایون شجریان,UCUR0IBUfM1puV2qa-3m7FWQ,farsiReact,2022-05-02T16:21:17Z,همایون شجریان,pending_review,
1,همایون شجریان,classic_fusion,18,DtHwreZyIh4,Homayoun Shajarian - Khoob Shod (همایون شجریان و سهراب پورناظری - خوب شد),UCjibqVppvIlLK4lbXRsbhhw,Melodifa,2019-01-14T19:09:46Z,همایون شجریان,pending_review,
1,همایون شجریان,classic_fusion,19,6-NFaAgW0CE,Homayoun Shajarian - 5 Love Songs ( عاشقانه ها از همایون شجریان ),UCmBIX3tItWTCmbkcARiyZkg,Homayoun Shajarian,2025-03-18T13:29:37Z,همایون شجریان,pending_review,
1,همایون شجریان,classic_fusion,20,FgJhzDxnA9o,Homayoun Shajarian - Ba Man Sanama (همایون شجریان - با من صنما - آرایش غلیظ),UCjibqVppvIlLK4lbXRsbhhw,Melodifa,2021-02-10T15:30:03Z,همایون شجریان,pending_review,
1,همایون شجریان,classic_fusion,21,UAuuh3c4Jyc,Homayoun Shajarian - Gholab  (همایون شجریان و سهراب پورناظری - تصنیف قلاب),UCjibqVppvIlLK4lbXRsbhhw,Melodifa,2019-01-14T18:52:29Z,همایون شجریان,pending_review,
1,همایون شجریان,classic_fusion,22,Cs0uWFNy4Tw,Homayoun Shajarian - Abr Mibarad (همایون شجریان - ابر میبارد),UCX7iFtn4OnJYNLXyKQsnHGg,MELODIFA CLASSIC,2021-03-10T16:00:12Z,همایون شجریان,pending_review,
1,همایون شجریان,classic_fusion,23,0_UiKVdOBpE,"Hooman Khalatbari and  Simorq Orchestra,  Homayoun Shajarian.  همایون شجریان  اجرای ارکستر سیمرغ",UC9eV0XXaHkTvPYh0oIAvbfQ,simorq farhang,2012-03-08T10:47:33Z,همایون شجریان,pending_review,
1,همایون شجریان,classic_fusion,24,xgc6AG3-HIc,کنسرت همایون شجریان در دبی ۲۲ شهریور ۱۴۰۴ #همایون_شجریان #موسیقی #شجریان,UC7zsmnc17R-LSTV4Dl5sN2w,Homayounshajarian fans,2025-09-14T03:05:39Z,همایون شجریان,pending_review,
1,همایون شجریان,classic_fusion,25,bU_EG56sMHU,کنسرت همایون شجریان و انوشیروان روحانی - با تیر مژگان میزنی Full HD,UC2zgju7z2H0g9qRmftG_1iA,Sam Gh,2024-01-14T18:10:31Z,همایون شجریان,pending_review,
2,علیرضا قربانی,classic_fusion,2,pTxdcjGYVuU,Alireza Ghorbani - Parishani | علیرضا قربانی - پریشانی,UCregxQqAisNcggQriK9f3Qw,Alireza Ghorbani,2023-06-07T15:07:32Z,علیرضا قربانی,pending_review,
2,علیرضا قربانی,classic_fusion,3,KSZvwbbFa5g,Alireza Ghorbani - Parvaze Ghooha علیرضا قربانی - آهنگ پرواز قوها تیتراژ سریال تاسیان,UCregxQqAisNcggQriK9f3Qw,Alireza Ghorbani,2025-03-24T11:40:51Z,علیرضا قربانی,pending_review,
2,علیرضا قربانی,classic_fusion,4,IJ8AZe63GY4,صدای آسمانی استاد علیرضا قربانی در ترانه روزگار غریب,UCIsP6PqqS0IJ4tQroGs39dA,Iranian Diaspora | خانه ایرانیان خارج از کشور 🌍,2022-07-27T06:32:45Z,علیرضا قربانی,pending_review,
2,علیرضا قربانی,classic_fusion,5,vIj9W9yVy5s,Alireza Ghorbani Top 5 - میکس بهترین آهنگ های علیرضا قربانی,UCCn_0vWsa35jSTRNlX15hzQ,TPM - Top Persian Music,2023-06-05T17:30:10Z,علیرضا قربانی,pending_review,
2,علیرضا قربانی,classic_fusion,6,WnlAW0Ba1Gk,صدایی میان شعر و تقدیر؛ گفت‌وگوی اختصاصی با استاد علیرضا قربانی | بخش اول,UClXh_eGGA6q5qQ5QBhjLTFw,idehistaofficial,2025-05-18T16:15:27Z,علیرضا قربانی,pending_review,
2,علیرضا قربانی,classic_fusion,7,u5g5JeGq3kM,Mara Bebakhsh | مرا ببخش,UCregxQqAisNcggQriK9f3Qw,Alireza Ghorbani,2023-08-23T17:17:37Z,علیرضا قربانی,pending_review,
2,علیرضا قربانی,classic_fusion,8,3c7DOo5V1rE,هزار و یک شب با صدای علیرضا قربانی و سحر بروجردی,UCkpVRmYsrxg4I8SsTQA2CkA,Masoud Masoumi,2025-12-20T22:40:14Z,علیرضا قربانی,pending_review,
2,علیرضا قربانی,classic_fusion,9,TAN1TqtdRpE,کنسرت علیرضا قربانی، آمده ام تو به داد دلم برسی... Alireza Ghorbani,UCPXz0-xxF-CpeygWBdyG8dg,Semi Journey,2024-05-23T14:20:41Z,علیرضا قربانی,pending_review,
2,علیرضا قربانی,classic_fusion,10,29oAkPxzg-Y,اجرای زنده و باشکوه &quot;من عاشق چشمت شدم&quot;، علیرضا قربانی، Alireza Ghorbani  Vancouver Opera Orchestra,UC9PxiuAlnUmaAhe52mYeXeQ,Mohammad Fazlali,2019-05-04T11:40:24Z,علیرضا قربانی,pending_review,
2,علیرضا قربانی,classic_fusion,11,KuBjxYjWt58,Alireza Ghorbani &amp; Mohsen Chavoshi (Mashup) - ترکیب علیرضا قربانی و محسن چاوشی,UC6J32FcpsyYA_JGxrEHPbBQ,Alireza Yazdani,2025-02-14T11:53:47Z,علیرضا قربانی,pending_review,
2,علیرضا قربانی,classic_fusion,12,n_ZKTif5tTY,Chera Chera ( Nadan Nadan ) - Alim Qasimov &amp; Alireza Ghorbani,UCregxQqAisNcggQriK9f3Qw,Alireza Ghorbani,2022-02-14T15:25:18Z,علیرضا قربانی,pending_review,
2,علیرضا قربانی,classic_fusion,13,BbcM0tM0GC0,علیرضا قربانی و عالیم قاسمف,UCg-gC2zxNjttTUiPMSuBydA,musics 212,2022-02-14T19:31:25Z,علیرضا قربانی,pending_review,
2,علیرضا قربانی,classic_fusion,14,EZijFtVqz_4,Alireza Ghorbani - Savushun علیرضا قربانی - تیتراژ سریال سو و شون,UCregxQqAisNcggQriK9f3Qw,Alireza Ghorbani,2025-07-25T04:49:03Z,علیرضا قربانی,pending_review,
2,علیرضا قربانی,classic_fusion,15,0yojz7LcBfs,من اون شهر دورم ..علیرضاقربانی👍👌❤️‍🔥,UC4za7IvgFZguD8o-nS9LnaQ,Shahram Afshin,2025-06-04T07:07:38Z,علیرضا قربانی,pending_review,
2,علیرضا قربانی,classic_fusion,16,VLiQGtaeM0Q,Alireza Ghorbani - Roozhaye Bi Gharar Clip کلیپ  آهنگ روزهای بی قرار با صدای علیرضا قربانی,UCregxQqAisNcggQriK9f3Qw,Alireza Ghorbani,2025-04-16T09:20:27Z,علیرضا قربانی,pending_review,
2,علیرضا قربانی,classic_fusion,17,8_fXOF1v0iQ,Alireza Ghorbani - Khiale Khosh | علیرضا قربانی - موزیک ویدیو خیال خوش,UCyGYNC7IQWWmyb_4h8OxElg,Raharecords - رهارکورد,2020-07-19T15:36:35Z,علیرضا قربانی,pending_review,
2,علیرضا قربانی,classic_fusion,18,Z1w-3xSQZc8,Alireza Ghorbani Top 3 سه قطعه برترعلیرضا قربانی با پریشانی و مرا ببخش و در زلف تو آویزم,UCregxQqAisNcggQriK9f3Qw,Alireza Ghorbani,2024-03-26T09:26:49Z,علیرضا قربانی,pending_review,
2,علیرضا قربانی,classic_fusion,19,hQCnAVXjHWE,Alireza Ghorbani - Gisooye Baran علیرضا قربانی - گیسوی باران,UCregxQqAisNcggQriK9f3Qw,Alireza Ghorbani,2025-10-30T08:20:00Z,علیرضا قربانی,pending_review,
2,علیرضا قربانی,classic_fusion,20,r0IxmDEhHgM,اجرای زنده اهنگ مرا ببخش توسط علیرضا قربانی در کنسرت تهران#آهنگ #فیلم #کنسرت #موسیقی #علیرضا_قربانی,UCoZSdMt8rbbMIWhtTglKbgQ,seyed amirhossien fallahasl,2025-05-06T10:01:25Z,علیرضا قربانی,pending_review,
2,علیرضا قربانی,classic_fusion,21,e5FQ6ZrTzG0,ببینید علیرضا قربانی در کنسرت رشت صدایش گرفت، اما ترانه قطع نشد,UCHZk9MrT3DGWmVqdsj5y0EA,BBC Persian,2023-05-17T15:55:32Z,علیرضا قربانی,pending_review,
2,علیرضا قربانی,classic_fusion,22,Sd4QvJXv1Lc,علیرضا قربانی - رسوای زمانه - Alireza Ghorbani - Rosvaye Zamaneh,UCU5NicMWNILYk1nbxJkCzsA,Faranak99,2012-12-21T09:59:26Z,علیرضا قربانی,pending_review,
2,علیرضا قربانی,classic_fusion,23,9e0CNWSqDC4,"امشب در سر شوری دارم-  علیرضا قربانی، شهرداد روحانی   Ghorbani,  Rohani , Roshan Ravan, Khorram",UC9PxiuAlnUmaAhe52mYeXeQ,Mohammad Fazlali,2021-03-03T19:33:37Z,علیرضا قربانی,pending_review,
2,علیرضا قربانی,classic_fusion,24,shjoCUSf3og,The Strange Times,UC_xcDPW-ARj59n1qhYaLOqQ,Alireza Ghorbani - Topic,2020-08-09T10:06:53Z,علیرضا قربانی,pending_review,
2,علیرضا قربانی,classic_fusion,25,gjyVz3M6xxU,علیرضا قربانی و گروه آهنگ اشتیاق در شانزدهمین فستیوال بین الملی قونیه - ۲۰۱۹,UCregxQqAisNcggQriK9f3Qw,Alireza Ghorbani,2021-04-03T05:00:13Z,علیرضا قربانی,pending_review,
3,محسن چاووشی,pop,1,x05FVJcxzk4,Mohsen Chavoshi - Best Songs [PART 2] ( بهترین آهنگ های محسن چاوشی) (Lyric Video ),UCO7rnnjVkPeDutLWuROEzKw,MohsenChavoshiVEVO,2025-04-23T15:24:55Z,محسن چاووشی,pending_review,
3,محسن چاووشی,pop,2,H_GGwkKa6mM,Mohsen Chavoshi - Ya Mola [ Lyric Video ] ( محسن چاوشی - یامولا ),UCO7rnnjVkPeDutLWuROEzKw,MohsenChavoshiVEVO,2026-01-04T13:30:16Z,محسن چاووشی,pending_review,
3,محسن چاووشی,pop,3,JxwGTSxGCUM,Hasbi Allah,UCw5LO6ba1yNC3cps4Zu_1Hg,Mohsen Chavoshi - Topic,2026-03-14T11:43:26Z,محسن چاووشی,pending_review,
3,محسن چاووشی,pop,4,_38Wou0AVcs,Mohsen Chavoshi - Ajab Oumadi [ Official Video ] (محسن چاوشی - عجب اومدی ),UCO7rnnjVkPeDutLWuROEzKw,MohsenChavoshiVEVO,2025-12-15T19:10:06Z,محسن چاووشی,pending_review,
3,محسن چاووشی,pop,5,G2276gC50CM,ویدئوی «حسبی الله» محسن چاوشی ,UCaBf4RgTCzJIEnvOlNuxYKw,Sedkhareji | سدخارجی,2026-03-11T21:03:15Z,محسن چاووشی,pending_review,
3,محسن چاووشی,pop,6,GHXE50UFijM,Mohsen Chavoshi - Doset Dashtam [ Alternative Version ] محسن چاوشی - دوست داشتم,UCO7rnnjVkPeDutLWuROEzKw,MohsenChavoshiVEVO,2024-01-09T15:38:33Z,محسن چاووشی,pending_review,
3,محسن چاووشی,pop,7,KuBjxYjWt58,Alireza Ghorbani &amp; Mohsen Chavoshi (Mashup) - ترکیب علیرضا قربانی و محسن چاوشی,UC6J32FcpsyYA_JGxrEHPbBQ,Alireza Yazdani,2025-02-14T11:53:47Z,محسن چاووشی,pending_review,
3,محسن چاووشی,pop,8,iX1tw6ozWO4,Mohsen Chavoshi - Bad Az To [Official Video] (محسن چاوشی - بعد از تو ),UCO7rnnjVkPeDutLWuROEzKw,MohsenChavoshiVEVO,2025-05-14T18:25:01Z,محسن چاووشی,pending_review,
3,محسن چاووشی,pop,9,LGRg9gERUjU,Mohsen Chavoshi - Man Bayad Miraftam ( Official Video ),UCO7rnnjVkPeDutLWuROEzKw,MohsenChavoshiVEVO,2023-06-02T09:10:59Z,محسن چاووشی,pending_review,
3,محسن چاووشی,pop,10,gc_3dNm0fOU,Mohsen Chavoshi - Gandom Goon (Lyric Video),UCFnc_tL9if9l5As18rnAyGA,Mohsen Chavoshi,2022-06-07T16:50:35Z,محسن چاووشی,pending_review,
3,محسن چاووشی,pop,11,1RE2DZhrTkQ,Mohsen Chavoshi - Ali (Lyric Video),UCFnc_tL9if9l5As18rnAyGA,Mohsen Chavoshi,2022-05-15T13:30:12Z,محسن چاووشی,pending_review,
3,محسن چاووشی,pop,12,tmh17LnO0OU,Mohsen Chavoshi - Ajab Oumadi [ Lyric Video ] (محسن چاوشی - عجب اومدی ),UCO7rnnjVkPeDutLWuROEzKw,MohsenChavoshiVEVO,2025-12-16T16:00:10Z,محسن چاووشی,pending_review,
3,محسن چاووشی,pop,13,kVmxQRyj-WA,Mohsen Chavoshi - Marize Takhte Akhari [ Official Video ] ( محسن چاوشی - مریض تخت آخری ),UCO7rnnjVkPeDutLWuROEzKw,MohsenChavoshiVEVO,2026-06-01T19:37:53Z,محسن چاووشی,pending_review,
3,محسن چاووشی,pop,14,46TdUtNAopg,Mohsen Chavoshi - Be Rasme Yadegar [Official Video] ( محسن چاوشی - به رسم یادگار ),UCO7rnnjVkPeDutLWuROEzKw,MohsenChavoshiVEVO,2025-05-09T16:21:22Z,محسن چاووشی,pending_review,
3,محسن چاووشی,pop,15,CAPkrogfXJk,Mohsen Chavoshi - Be Rasme Yadegar | محسن چاوشی -  به رسم یادگار  (Official Music Video),UCN73foROjDkwZEKS05z6KHQ,The ZiCord,2025-07-01T10:39:35Z,محسن چاووشی,pending_review,
3,محسن چاووشی,pop,16,MLBoUSr9vZI,Mohsen Chavoshi - Alaj [ Lyric Video ] ( محسن چاوشی - علاج ),UCO7rnnjVkPeDutLWuROEzKw,MohsenChavoshiVEVO,2025-06-23T14:50:00Z,محسن چاووشی,pending_review,
3,محسن چاووشی,pop,17,AJ19i4EK1i0,Mohsen Chavoshi - Kojaei [Lyric Video ] ( محسن چاوشی - کجایی ),UCO7rnnjVkPeDutLWuROEzKw,MohsenChavoshiVEVO,2023-12-28T20:32:33Z,محسن چاووشی,pending_review,
3,محسن چاووشی,pop,18,XFBlfv-gEAo,Mohsen Chavoshi - Saat Divari ( Official Video ) محسن چاوشی- ساعت دیواری,UCO7rnnjVkPeDutLWuROEzKw,MohsenChavoshiVEVO,2025-02-05T16:27:19Z,محسن چاووشی,pending_review,
3,محسن چاووشی,pop,19,z-GvlJJq7So,Mohsen Chavoshi - Hamkhaab [Official Video] (محسن چاوشی - همخواب ),UCO7rnnjVkPeDutLWuROEzKw,MohsenChavoshiVEVO,2025-05-27T13:48:28Z,محسن چاووشی,pending_review,
3,محسن چاووشی,pop,20,UhSnIS0P-cg,Mohsen Chavoshi - Havam Dobare Pase | محسن چاوشی -  هوام دوباره پسه  (Official Music Video),UCN73foROjDkwZEKS05z6KHQ,The ZiCord,2025-06-01T08:38:42Z,محسن چاووشی,pending_review,
3,محسن چاووشی,pop,21,EBchKWBj1ko,Mohsen Chavoshi - Pesaram [ Lyric Video ] ( محسن چاوشی - پسرم ),UCO7rnnjVkPeDutLWuROEzKw,MohsenChavoshiVEVO,2025-06-17T13:28:36Z,محسن چاووشی,pending_review,
3,محسن چاووشی,pop,22,tyQSLS1jZmY,Mohsen Chavoshi - Koli ( Official Video ) محسن چاوشی- کولی,UCO7rnnjVkPeDutLWuROEzKw,MohsenChavoshiVEVO,2025-03-12T17:21:11Z,محسن چاووشی,pending_review,
3,محسن چاووشی,pop,23,WG37KSS7SXY,Mohsen Chavoshi -  Top 5  | محسن چاوشی -  ۵ آهنگ جدید,UCpToffK2aE57CCK_uBCNHyA,Fact Music,2025-11-07T12:04:08Z,محسن چاووشی,pending_review,
3,محسن چاووشی,pop,24,7YdC-IA-N0s,Mohsen Chavoshi - Mah Pishooni | محسن چاوشی -  ماه پیشونی  (Shahrzad),UCN73foROjDkwZEKS05z6KHQ,The ZiCord,2025-05-28T08:29:50Z,محسن چاووشی,pending_review,
3,محسن چاووشی,pop,25,chU8u8UCWg8,Mohsen Chavoshi - Zakhmie Aftab [ Official Video ] ( محسن چاشی - زخمی آفتاب ),UCO7rnnjVkPeDutLWuROEzKw,MohsenChavoshiVEVO,2026-06-24T16:19:40Z,محسن چاووشی,pending_review,
4,فرزاد فرزین,pop,2,yVmTAyPIPgc,Farzad Farzin - 🕺 Nagi ke Nagoftam (Official video) – موزیک ویدئوی نگی که نگفتم فرزاد فرزین,UCMQ39QYA6tpAu_ZDaOWn7IQ,Farzad Farzin,2022-03-13T12:00:18Z,فرزاد فرزین,pending_review,
4,فرزاد فرزین,pop,3,DAWCE0GXe2Y,Farzad Farzin – Mankan (Official Music Video) – کلیپ «مانکن» فرزاد فرزین,UCMQ39QYA6tpAu_ZDaOWn7IQ,Farzad Farzin,2019-08-22T14:25:48Z,فرزاد فرزین,pending_review,
4,فرزاد فرزین,pop,4,U-SNKX13tJc,Farzad Farzin - Asheghaneh I Official Video ( فرزاد فرزین - عاشقانه ),UC8u6telGfDJ2wd8lSwLoauQ,Persian Music Group,2019-02-14T11:24:08Z,فرزاد فرزین,pending_review,
4,فرزاد فرزین,pop,5,X9f9cevCym8,Farzad Farzin &amp; İlyas Yalçıntaş – 🎭 Neghab (Mask) – کلیپ نقاب فرزاد فرزین و ایلیاس یالچینتاش,UCMQ39QYA6tpAu_ZDaOWn7IQ,Farzad Farzin,2022-03-23T16:00:30Z,فرزاد فرزین,pending_review,
4,فرزاد فرزین,pop,6,0GigtNShCSU,Farzad Farzin: Medley (Live in concert) –  مِدلی در کنسرت تهران فرزاد فرزین,UCMQ39QYA6tpAu_ZDaOWn7IQ,Farzad Farzin,2023-03-22T16:25:37Z,فرزاد فرزین,pending_review,
4,فرزاد فرزین,pop,7,yXuQxa1ieGA,Farzad Farzin - Kharabesh Kardi (Music Video) - موزیک ویدیو آهنگ خرابش کردی از فرزاد فرزین,UCCn_0vWsa35jSTRNlX15hzQ,TPM - Top Persian Music,2020-11-02T17:30:03Z,فرزاد فرزین,pending_review,
4,فرزاد فرزین,pop,8,z4ucIpGnvq8,Farzad Farzin Top 10 |  میکس بهترین موزیک‌‌‌های فرزاد فرزین,UCCn_0vWsa35jSTRNlX15hzQ,TPM - Top Persian Music,2024-06-22T17:30:07Z,فرزاد فرزین,pending_review,
4,فرزاد فرزین,pop,9,q4kQ5Eor5vM,Farzad Farzin - Cheshmat | OFFICIAL MUSIC VIDEO فرزاد فرزین - چشمات,UCMQ39QYA6tpAu_ZDaOWn7IQ,Farzad Farzin,2024-03-22T17:00:06Z,فرزاد فرزین,pending_review,
4,فرزاد فرزین,pop,10,g7KvUmXIY60,Farzad Farzin - Farar (Music Video) | فرزاد فرزین - موزیک ویدئوی آهنگ جدید فرار,UCMQ39QYA6tpAu_ZDaOWn7IQ,Farzad Farzin,2025-03-27T15:30:16Z,فرزاد فرزین,pending_review,
4,فرزاد فرزین,pop,11,ZdEe9HWpIMo,Farzad Farzin - Soghoot (Music Video) | فرزاد فرزین - موزیک ویدیوی آهنگ جدید سقوط,UCMQ39QYA6tpAu_ZDaOWn7IQ,Farzad Farzin,2024-07-22T16:25:38Z,فرزاد فرزین,pending_review,
4,فرزاد فرزین,pop,12,zEmEJkVvK4o,Farzad Farzin - Top Songs | بهترین آهنگ های فرزاد فرزین 2025,UCCn_0vWsa35jSTRNlX15hzQ,TPM - Top Persian Music,2025-07-12T16:30:06Z,فرزاد فرزین,pending_review,
4,فرزاد فرزین,pop,13,ErJWJv7oZl4,Farzad Farzin – Ayandeh (Official Music Video) | موزیک‌ویدئوی «آینده» فرزاد فرزین,UCMQ39QYA6tpAu_ZDaOWn7IQ,Farzad Farzin,2019-10-14T15:19:21Z,فرزاد فرزین,pending_review,
4,فرزاد فرزین,pop,14,tSA-WxB7ts8,Farzad Farzin - Oghyanoos ( فرزاد فرزین - اقیانوس ),UCuGnnvoIOfRfkvYVHzTUWYQ,Persian Media Group,2018-08-06T14:46:27Z,فرزاد فرزین,pending_review,
4,فرزاد فرزین,pop,15,Lu50j4XWKxc,فرزاد فرزین در قسمت سوم پامپ ۲,UCMPdfQnOy5Vu07j6C141FWQ,PUMP VOD,2025-09-18T08:30:28Z,فرزاد فرزین,pending_review,
4,فرزاد فرزین,pop,16,3IOHKH0M53M,Farzad Farzin – Bi Enteha (Official Music Video) | موزیک‌ویدئوی «بی انتها» فرزاد فرزین,UCMQ39QYA6tpAu_ZDaOWn7IQ,Farzad Farzin,2020-02-17T17:19:45Z,فرزاد فرزین,pending_review,
4,فرزاد فرزین,pop,17,lY0HiviZ-VE,Farzad Farzin - Bi Enteha || فرزاد فرزین - بی انتها,UCCn_0vWsa35jSTRNlX15hzQ,TPM - Top Persian Music,2020-11-06T14:30:03Z,فرزاد فرزین,pending_review,
4,فرزاد فرزین,pop,18,04cQcPj2Qj8,Farzad Farzin – Nagi ke Nagoftam (Mp3) – آهنگ «نگی که نگفتم» فرزاد فرزین,UCMQ39QYA6tpAu_ZDaOWn7IQ,Farzad Farzin,2022-03-11T09:30:00Z,فرزاد فرزین,pending_review,
4,فرزاد فرزین,pop,19,MaOhPH1bWJk,Farzad Farzin - Man Be Jahanam - Official Video ( فرزاد فرزین - من به جهنم - ویدیو ),UCuGnnvoIOfRfkvYVHzTUWYQ,Persian Media Group,2020-03-13T13:30:00Z,فرزاد فرزین,pending_review,
4,فرزاد فرزین,pop,20,gOOcxWbdRgE,Farzad Farzin - Asheghaneh - Official Video ( فرزاد فرزین - موزیک ویدئوی عاشقانه ),UCpToffK2aE57CCK_uBCNHyA,Fact Music,2019-09-08T11:12:47Z,فرزاد فرزین,pending_review,
4,فرزاد فرزین,pop,21,ynz643RIo5o,Farzad Farzin - Gheseye Ma Music Video | فرزاد فرزین - موزیک ویدیو آهنگ جدید قصه ما,UCMQ39QYA6tpAu_ZDaOWn7IQ,Farzad Farzin,2024-11-12T16:30:12Z,فرزاد فرزین,pending_review,
4,فرزاد فرزین,pop,22,k9U11IVfTZc,Farzad Farzin - Rooz O Shab (Music Video) | فرزاد فرزین - موزیک ویدیو آهنگ روز و شب,UCMQ39QYA6tpAu_ZDaOWn7IQ,Farzad Farzin,2025-09-19T18:03:26Z,فرزاد فرزین,pending_review,
4,فرزاد فرزین,pop,23,vRhkav31tkI,💫 Farzad Farzin - Javaher (New Camp) Official Music Video – ویدئوکلیپ سریال نیوکمپ فرزاد فرزین,UCMQ39QYA6tpAu_ZDaOWn7IQ,Farzad Farzin,2023-05-05T14:27:53Z,فرزاد فرزین,pending_review,
4,فرزاد فرزین,pop,24,VpO87vdDXAc,Farzad Farzin - Kolbeh (Music Video) | موزیک ویدیو آهنگ جدید کلبه از فرزاد فرزین,UCMQ39QYA6tpAu_ZDaOWn7IQ,Farzad Farzin,2025-11-26T17:30:06Z,فرزاد فرزین,pending_review,
4,فرزاد فرزین,pop,25,AZPF2AtYsCQ,Farzad Farzin – Tamoomesh Kon (Unplugged) – موزیک ویدئوی تمومش کن فرزاد فرزین ( زنده - آنپلاگد),UCMQ39QYA6tpAu_ZDaOWn7IQ,Farzad Farzin,2023-09-10T17:15:00Z,فرزاد فرزین,pending_review,
5,محسن یگانه,pop,1,cDNDVtoJhik,Mohsen Yeganeh - Behet Ghol Midam ( I promise you ),UCF2LMk6XCzazmPPWrxc7qSg,Mohsen Yeganeh,2016-12-22T23:01:26Z,محسن یگانه,pending_review,
5,محسن یگانه,pop,3,Qxob8n-4YoU,واکنش خارجی ها به آهنگ &quot;بهت قول میدم&quot; محسن یگانه,UCUR0IBUfM1puV2qa-3m7FWQ,farsiReact,2022-01-22T19:36:14Z,محسن یگانه,pending_review,
5,محسن یگانه,pop,4,_bB6-OC0568,اجراى زنده ى آهنگهاى وقتى نيستى، گيرم بازم بيايى محسن يگانه/ Mohsen yeganeh old songs selection live,UCbH4g2hM_uquaz5oqnfuCcQ,Persian Music & Concerts,2017-07-28T19:47:05Z,محسن یگانه,pending_review,
5,محسن یگانه,pop,5,EcsR7-i4wgQ,Mohsen Yeganeh - Nadaramet ( محسن یگانه - ندارمت ),UCF2LMk6XCzazmPPWrxc7qSg,Mohsen Yeganeh,2022-03-26T11:42:18Z,محسن یگانه,pending_review,
5,محسن یگانه,pop,6,SVyUYG47dTA,Mohsen Yeganeh - Top 10 Songs ( محسن یگانه - ده تا از بهترین آهنگ ها ),UC8u6telGfDJ2wd8lSwLoauQ,Persian Music Group,2025-03-02T08:30:08Z,محسن یگانه,pending_review,
5,محسن یگانه,pop,7,fujyqVSC0QM,نمیدونستم محسن یگانه دخـتر داره و اینقدر هم شبیهشه😍🌱ig:@mohsen_yeganeh_saba,UCZ_EaorXnxxb-lr4Et2AZaQ,ژلوفن,2024-11-23T20:24:50Z,محسن یگانه,pending_review,
5,محسن یگانه,pop,8,maRfeBnb0-k,کنسرت 2 آبان 1404 محسن یگانه - Mohsen Yeganeh Concert,UCQycZB9MF-PAouhfh_DCk7Q,NAVID KARATE,2025-10-28T07:39:26Z,محسن یگانه,pending_review,
5,محسن یگانه,pop,9,sad2za8qPwQ,Mohsen Yeganeh - Taghvime Mochaleh ( محسن یگانه - تقویم مچاله ),UCF2LMk6XCzazmPPWrxc7qSg,Mohsen Yeganeh,2025-04-30T14:15:30Z,محسن یگانه,pending_review,
5,محسن یگانه,pop,10,nphqnZf9Uc0,Mohsen Yeganeh - Sokoot ( محسن یگانه - سکوت ),UC8u6telGfDJ2wd8lSwLoauQ,Persian Music Group,2020-04-17T03:30:09Z,محسن یگانه,pending_review,
5,محسن یگانه,pop,11,VQ_BAZVz8Tk,فوری : رژیم آخوندی اموال محسن یگانه رو به جرم همراهی با مردم مصادره کرد!,UCQlzBlY30F51MXStCS2KfGQ,Parsi Tv,2026-03-26T19:46:01Z,محسن یگانه,pending_review,
5,محسن یگانه,pop,12,4QqErVIWS5Y,Mohsen Yeghaneh Behet Ghol Midam concert كنسرت محسن يگانه - بهت قول ميدم Lyrics English &amp; Français,UCkFy4v0k9tDYr0bYPiYu8MQ,Passions,2020-03-04T23:51:36Z,محسن یگانه,pending_review,
5,محسن یگانه,pop,13,qXw9pCpyVEc,Vabastegi,UCobfxWqSORuodnQ5rdNw-bw,Mohsen Yeganeh - Topic,2018-12-17T02:14:42Z,محسن یگانه,pending_review,
5,محسن یگانه,pop,14,xA--y2WpycM,Morteza Pashaei &amp; Mohsen Yeganeh - Yeki Hast I Live In Concert (مرتضی پاشایی و محسن یگانه - یکی هست),UCVJZW-tOn3hFgeh0kZpSbjw,Mehdi Kord Art Group,2023-11-16T08:30:14Z,محسن یگانه,pending_review,
5,محسن یگانه,pop,15,witB-02AAao,Mohsen Yeganeh - Moohat ( محسن یگانه - موهات),UCF2LMk6XCzazmPPWrxc7qSg,Mohsen Yeganeh,2019-04-12T19:29:55Z,محسن یگانه,pending_review,
5,محسن یگانه,pop,16,8aJI5XA82XE,حضور نگاه یگانه در کنسرت باباش محسن یگانه لبخوونیشو😍سکوت قلبتو بشکن و برگرد #محسن_یگانه #اجرای_زنده,UC3yxyivq_AXMRYu547R-9Rw,کنسرت ایرانی,2023-12-12T21:01:14Z,محسن یگانه,pending_review,
5,محسن یگانه,pop,17,OQjEpH0OXNo,Mohsen Yeganeh - Khodkhah ( محسن یگانه - خودخواه ),UCF2LMk6XCzazmPPWrxc7qSg,Mohsen Yeganeh,2020-04-02T16:23:53Z,محسن یگانه,pending_review,
5,محسن یگانه,pop,18,cJM4f3a5ZRY,تحریر فوق العاده محسن یگانه در دبی😱,UCQngZK1cnqB6C9A11wIPkvQ,Music City | موزیک شهر,2024-06-29T16:18:59Z,محسن یگانه,pending_review,
5,محسن یگانه,pop,19,MUCJQSluez0,صحبت های محسن یگانه در مورد جنگ ایران و اسرائیل و اجرای کنسرت رایگان,UCLqt9UYZ1KHgPRfGJjIzX9A,Majid Noori,2025-06-21T14:25:25Z,محسن یگانه,pending_review,
5,محسن یگانه,pop,20,PY9m5mYMIdQ,Mohsen Yeganeh - Passing,UCF2LMk6XCzazmPPWrxc7qSg,Mohsen Yeganeh,2018-02-22T17:44:53Z,محسن یگانه,pending_review,
5,محسن یگانه,pop,21,F9A8TDUFFBk,Mohsen Yeganeh feat Chavoshi - Nashkan Delamo,UCCXJKONAosl9wdkS1x9XGvg,Justruler,2008-10-23T14:42:42Z,محسن یگانه,pending_review,
5,محسن یگانه,pop,22,u4y0jIoA9Yg,Mohsen Yeganeh - Rage Khab ( محسن یگانه - رگ خواب ),UC8u6telGfDJ2wd8lSwLoauQ,Persian Music Group,2020-04-17T05:00:27Z,محسن یگانه,pending_review,
5,محسن یگانه,pop,23,rL7sd3FqJ9A,Mohsen Yeganeh - Havaei Shodi ( محسن یگانه - هوایی شدی ),UC8u6telGfDJ2wd8lSwLoauQ,Persian Music Group,2020-04-19T08:00:31Z,محسن یگانه,pending_review,
5,محسن یگانه,pop,24,hh-9qSUxkFk,Mohsen Yeganeh - Nashkan Delamo ( محسن یگانه - نشکن دلمو ),UC8u6telGfDJ2wd8lSwLoauQ,Persian Music Group,2020-03-29T06:00:15Z,محسن یگانه,pending_review,
5,محسن یگانه,pop,25,n3_ViPY9yyk,Mohsen Yeganeh - Nabashi ( محسن یگانه - نباشی ),UC8u6telGfDJ2wd8lSwLoauQ,Persian Music Group,2020-04-17T06:30:08Z,محسن یگانه,pending_review,
6,سهراب پاکزاد,pop,2,C3ZpRtZ6TAg,Sohrab Pakzad - Top 10 Songs [Lyric Video] (بهترین های سهراب پاکزاد),UC9qZPJyvvZiBmzYdqdgly1w,SohrabPakzadVEVO,2024-01-31T15:38:32Z,سهراب پاکزاد,pending_review,
6,سهراب پاکزاد,pop,3,RDV_934uBfg,Sohrab Pakzad - Dokhtar Irooni (Live Performance),UCQnVOIzzZ-r2vKWZGEvd7Zw,Sohrab Pakzad,2025-06-08T16:30:06Z,سهراب پاکزاد,pending_review,
6,سهراب پاکزاد,pop,4,NAw9qZq3SSE,Sohrab Pakzad - Dokhtar Irooni [ Lyric Video ] (سهراب پاکزاد - دختر ایرونی ),UC9qZPJyvvZiBmzYdqdgly1w,SohrabPakzadVEVO,2024-09-20T10:01:15Z,سهراب پاکزاد,pending_review,
6,سهراب پاکزاد,pop,5,bVmRq89vjRY,Sohrab Pakzad - Emza Music Video | سهراب پاکزاد - موزیک ویدیو امضاء,UCQnVOIzzZ-r2vKWZGEvd7Zw,Sohrab Pakzad,2024-02-14T16:02:15Z,سهراب پاکزاد,pending_review,
6,سهراب پاکزاد,pop,6,QHw3CteLUt4,بازداشت سهراب پاکزاد خواننده پاپ😑 #سهراب_پاکزاد #خواننده_ایرانی #کنسرت #کنسرت_تهران #تتلو #سفر,UCxMWUitJjW5TxxzV6lzxEjA,Travel with me l سفر با سیمی,2025-03-28T20:44:37Z,سهراب پاکزاد,pending_review,
6,سهراب پاکزاد,pop,7,ex8f-hQCJK0,Sohrab Pakzad Top 20 Songs (بهترین آهنگ های سهراب پاکزاد ),UCQnVOIzzZ-r2vKWZGEvd7Zw,Sohrab Pakzad,2025-02-15T15:39:21Z,سهراب پاکزاد,pending_review,
6,سهراب پاکزاد,pop,8,2SJmGk9ShfU,Sohrab Pakzad - Male Man Bash (Live In Concert) | سهراب پاکزاد - اجرای لایو مال من باش,UCQnVOIzzZ-r2vKWZGEvd7Zw,Sohrab Pakzad,2024-09-08T16:30:31Z,سهراب پاکزاد,pending_review,
6,سهراب پاکزاد,pop,9,iixaITz4-RQ,Sohrab Pakzad - Yaghi (Live Performance),UCQnVOIzzZ-r2vKWZGEvd7Zw,Sohrab Pakzad,2025-07-25T09:30:06Z,سهراب پاکزاد,pending_review,
6,سهراب پاکزاد,pop,10,txd-SU1DHjI,Sohrab Pakzad - Noor Cheshmi (Music Video),UCQnVOIzzZ-r2vKWZGEvd7Zw,Sohrab Pakzad,2025-12-11T15:40:10Z,سهراب پاکزاد,pending_review,
6,سهراب پاکزاد,pop,11,uICUvJ0-kGc,Sohrab Pakzad - Top Songs | میکس بهترین آهنگ های سهراب پاکزاد 2025,UCCn_0vWsa35jSTRNlX15hzQ,TPM - Top Persian Music,2025-07-08T15:30:06Z,سهراب پاکزاد,pending_review,
6,سهراب پاکزاد,pop,12,zbH6hu9FlJQ,ویدئویی که باعث دستگیری سهراب پاکزاد و بسته شدن پیج اش شد.,UChdqGZPSamzW8MgaopXHvcA,Karizmaplus,2025-03-28T12:10:46Z,سهراب پاکزاد,pending_review,
6,سهراب پاکزاد,pop,13,b6FCSE2_XkE,Sohrab Pakzad - Shookhi Nadaram (Lyric Video) ft. Asef Aria,UC9qZPJyvvZiBmzYdqdgly1w,SohrabPakzadVEVO,2024-01-19T15:21:23Z,سهراب پاکزاد,pending_review,
6,سهراب پاکزاد,pop,14,DrnKqDhfdGM,واکنش سهراب پاکزاد: دختره جیغ میزنه وسط کنسرت ( تا آخر ببینید ),UCkD9OfpMEjuCHgsWH0aYqRw,Bamzo | بامزو,2024-09-24T18:02:58Z,سهراب پاکزاد,pending_review,
6,سهراب پاکزاد,pop,15,E1xgedbMDwg,Sohrab Pakzad - Khialet Jam (Music Video) - موزیک ویدیو آهنگ خیالت جمع از سهراب پاکزاد,UCCn_0vWsa35jSTRNlX15hzQ,TPM - Top Persian Music,2021-02-17T16:08:43Z,سهراب پاکزاد,pending_review,
6,سهراب پاکزاد,pop,16,uNa3i6zGd98,Sohrab Pakzad - Yaghi ( Lyric Video ),UC9qZPJyvvZiBmzYdqdgly1w,SohrabPakzadVEVO,2023-12-21T17:30:05Z,سهراب پاکزاد,pending_review,
6,سهراب پاکزاد,pop,17,2JCi3fSTxwA,Sohrab Pakzad - Khateh Ghermez [ Lyric Video ] ( سهراب پاکزاد - خط قرمز ),UC9qZPJyvvZiBmzYdqdgly1w,SohrabPakzadVEVO,2024-02-08T13:46:27Z,سهراب پاکزاد,pending_review,
6,سهراب پاکزاد,pop,18,_pl7LSxtgD0,Sohrab Pakzad - 110 Ta | سهراب پاکزاد - 110 تا,UCQnVOIzzZ-r2vKWZGEvd7Zw,Sohrab Pakzad,2025-03-14T08:30:06Z,سهراب پاکزاد,pending_review,
6,سهراب پاکزاد,pop,19,MIPh-gNbGrk,Sohrab Pakzad Top 10 - میکس بهترین آهنگ های سهراب پاکزاد,UCCn_0vWsa35jSTRNlX15hzQ,TPM - Top Persian Music,2023-04-26T17:30:02Z,سهراب پاکزاد,pending_review,
6,سهراب پاکزاد,pop,20,7EFxlwV-2MU,Sohrab Pakzad - Kie (Official Music Video) | سهراب پاکزاد - موزیک ویدیوی کیه,UCpToffK2aE57CCK_uBCNHyA,Fact Music,2023-02-12T21:28:48Z,سهراب پاکزاد,pending_review,
6,سهراب پاکزاد,pop,21,gDsNVAWX0-g,Sohrab Pakzad - In Che Hessie ( Lyric Video ) ft. Amir Tabari,UC9qZPJyvvZiBmzYdqdgly1w,SohrabPakzadVEVO,2024-01-20T17:32:00Z,سهراب پاکزاد,pending_review,
6,سهراب پاکزاد,pop,22,OH5768Sd18k,Sohrab Pakzad - Yaghi | آهنگ یاغی از سهراب پاکزاد,UCCn_0vWsa35jSTRNlX15hzQ,TPM - Top Persian Music,2023-12-21T15:16:24Z,سهراب پاکزاد,pending_review,
6,سهراب پاکزاد,pop,23,mMsf3f8ctTY,Sohrab Pakzad - Bombe | سهراب پاکزاد - بمبه,UCQnVOIzzZ-r2vKWZGEvd7Zw,Sohrab Pakzad,2024-02-15T08:11:51Z,سهراب پاکزاد,pending_review,
6,سهراب پاکزاد,pop,24,nsExqoIjHTQ,Sohrab Pakzad - Ashti - آهنگ آشتی از سهراب پاکزاد,UCCn_0vWsa35jSTRNlX15hzQ,TPM - Top Persian Music,2021-02-24T17:34:03Z,سهراب پاکزاد,pending_review,
6,سهراب پاکزاد,pop,25,tEQwFsOXK4o,Sohrab Pakzad &amp; Asef Aria Top 20  ( بهترین آهنگهای  سهراب پاکزاد و آصف آریا ),UCQnVOIzzZ-r2vKWZGEvd7Zw,Sohrab Pakzad,2024-03-03T15:21:48Z,سهراب پاکزاد,pending_review,
7,گرشا رضایی,pop,2,qqUHJ-trNyc,Garsha Rezaei Top 10 - میکس بهترین آهنگ های گرشا رضایی,UCCn_0vWsa35jSTRNlX15hzQ,TPM - Top Persian Music,2023-03-20T18:30:48Z,گرشا رضایی,pending_review,
7,گرشا رضایی,pop,3,FiF32_QR_5c,Garsha Rezaei - Mahoora - Music Video - موزیک ویدیو آهنگ ماهورا از گرشا رضایی,UCtr7DrT-BGQnst11NLCsv_w,Persian Music,2018-12-10T15:15:00Z,گرشا رضایی,pending_review,
7,گرشا رضایی,pop,4,XUGJ6f0DtIA,Garsha Rezaei - Delam Khast | گرشا رضایی - موزیک ویدیو دلم خواست (آلبوم &quot;1984&quot;),UCisezGQDdiJZ6lmMQjVclvA,Garsha Rezaei,2024-10-04T16:11:38Z,گرشا رضایی,pending_review,
7,گرشا رضایی,pop,5,P5O0gKeBZ3U,Garsha Rezaei - Darya Darya (Music Video) - موزیک  ویدیو آهنگ دریا دریا از گرشا رضایی,UCCn_0vWsa35jSTRNlX15hzQ,TPM - Top Persian Music,2021-01-28T15:30:10Z,گرشا رضایی,pending_review,
7,گرشا رضایی,pop,6,PuTzWhG-8-4,Garsha Rezaei Top 10 - میکس بهترین آهنگ های گرشا رضایی,UCCn_0vWsa35jSTRNlX15hzQ,TPM - Top Persian Music,2023-09-30T17:30:03Z,گرشا رضایی,pending_review,
7,گرشا رضایی,pop,7,Xq34n7EGX4U,Garsha Rezaei - Naro (Music Video) - موزیک ویدیو آهنگ نرو از گرشا رضایی,UCCn_0vWsa35jSTRNlX15hzQ,TPM - Top Persian Music,2019-06-09T10:55:32Z,گرشا رضایی,pending_review,
7,گرشا رضایی,pop,8,p_XX3ITquXk,Garsha Rezaei - Darya Darya - آهنگ دریا دریا از گرشا رضایی,UCCn_0vWsa35jSTRNlX15hzQ,TPM - Top Persian Music,2020-07-13T16:30:10Z,گرشا رضایی,pending_review,
7,گرشا رضایی,pop,9,Hl7bf8Jqyx8,Garsha Rezaei - Akse To - Live in Concert - ویدئو کنسرتی موزیک عکس تو از گرشا رضایی,UCisezGQDdiJZ6lmMQjVclvA,Garsha Rezaei,2025-05-01T16:38:11Z,گرشا رضایی,pending_review,
7,گرشا رضایی,pop,10,tjso_6uA4e0,Garsha Rezaei - Donyami - آهنگ دنیامی از گرشا رضایی,UCCn_0vWsa35jSTRNlX15hzQ,TPM - Top Persian Music,2019-06-14T20:08:58Z,گرشا رضایی,pending_review,
7,گرشا رضایی,pop,11,9-HYYKmWQBI,اجرای&quot;عکس تو&quot;گرشا رضایی و همخوانی زیبای مردم🩵#گرشا_رضایی #گرشارضایی #garsha_rezaei #garsharezaei,UC6uOk4kSCROrgKkdHKv2I7w,Mrspecial,2024-03-11T14:10:00Z,گرشا رضایی,pending_review,
7,گرشا رضایی,pop,12,H-lUHCpSuVw,شوخی گرشا رضایی با نعیمه نظام دوست، میشه نعیمه رو بغل کنم؟ + چرا نمیشه…در حاشیه اکران سریال یزدان…,UCIoXa9CZoDHPao2qnfGU5mg,honarnewsofficial,2025-05-05T12:30:15Z,گرشا رضایی,pending_review,
7,گرشا رضایی,pop,13,hti0pAu04_o,Garsha Rezaei - Sharm (Music Video) - موزیک ویدیو آهنگ شرم از گرشا رضایی,UCCn_0vWsa35jSTRNlX15hzQ,TPM - Top Persian Music,2020-11-23T18:30:11Z,گرشا رضایی,pending_review,
7,گرشا رضایی,pop,14,KRjasbPiTDM,نقد گرشا رضایی #نقدکنسرت #گرشا,UCmp7UNNvJIkRTd44nC5PR9g,Saeed Afrough,2026-07-09T06:57:20Z,گرشا رضایی,pending_review,
7,گرشا رضایی,pop,15,du58UVKaxBs,Garsha Rezaei - Darya Nemiram - آهنگ دریا نمیرم از گرشا رضایی,UCCn_0vWsa35jSTRNlX15hzQ,TPM - Top Persian Music,2019-10-25T13:34:43Z,گرشا رضایی,pending_review,
7,گرشا رضایی,pop,16,qmsoUEp1SJs,Garsha Rezaei Top 10 (2024) -  میکس بهترین آهنگ های گرشا رضایی در سال 2024,UCCn_0vWsa35jSTRNlX15hzQ,TPM - Top Persian Music,2024-05-25T17:30:12Z,گرشا رضایی,pending_review,
7,گرشا رضایی,pop,17,SNyPFjnk5-8,Garsha Rezaei Top 10 Mix - میکس بهترین آهنگ های گرشا رضایی,UCCn_0vWsa35jSTRNlX15hzQ,TPM - Top Persian Music,2024-07-05T17:30:03Z,گرشا رضایی,pending_review,
7,گرشا رضایی,pop,18,jhvv7cJ8D2k,Garsha Rezaei Ft. Hayedeh - Axe To | همخوانی آهنگ عکس تو گرشا رضایی و بانو هایده,UCisezGQDdiJZ6lmMQjVclvA,Garsha Rezaei,2023-12-07T14:30:10Z,گرشا رضایی,pending_review,
7,گرشا رضایی,pop,19,5JQ2kJDAZ18,Garsha Rezaei Podcast  - پادکست گرشا رضایی,UCisezGQDdiJZ6lmMQjVclvA,Garsha Rezaei,2024-09-09T16:30:02Z,گرشا رضایی,pending_review,
7,گرشا رضایی,pop,20,c0B6mRQ90l0,گرشا رضایی و هوروش بند - دریا دریا - Garsha Rezaei &amp; Hoorosh Band,UCCn_0vWsa35jSTRNlX15hzQ,TPM - Top Persian Music,2020-08-05T15:00:10Z,گرشا رضایی,pending_review,
7,گرشا رضایی,pop,21,iT7i_3xy9qs,Garsha Rezaei - Ghermez - آهنگ قرمز از گرشا رضایی,UCCn_0vWsa35jSTRNlX15hzQ,TPM - Top Persian Music,2021-12-02T11:20:03Z,گرشا رضایی,pending_review,
7,گرشا رضایی,pop,22,fnp5bL8oNC4,Garsha Rezaei - Darya Darya (Live in Concert) | اجرای کنسرتی آهنگ دریا دریا - گرشا رضایی,UCisezGQDdiJZ6lmMQjVclvA,Garsha Rezaei,2025-10-12T15:30:06Z,گرشا رضایی,pending_review,
7,گرشا رضایی,pop,23,ZEKGk8I7X34,Garsha Rezaei - Chesh To Chesh - آهنگ چش تو چش از گرشا رضایی,UCCn_0vWsa35jSTRNlX15hzQ,TPM - Top Persian Music,2022-03-09T16:33:02Z,گرشا رضایی,pending_review,
7,گرشا رضایی,pop,24,qfDHsZ2Ncd4,Garsha Rezaei KHABAR KHABAR(Music video),UCisezGQDdiJZ6lmMQjVclvA,Garsha Rezaei,2023-05-06T08:42:54Z,گرشا رضایی,pending_review,
7,گرشا رضایی,pop,25,dgcUbReYltc,Gole naz darom Garsha Rezaei گل ناز داروم گرشا رضایی,UCvQF6ODadEBg5SESEbPWmcw,YounnesMusic ,2025-02-28T19:20:29Z,گرشا رضایی,pending_review,
8,ساسی مانکن,rap_hiphop,1,k7QpRijPbtQ,Sasy - Marmoolak (Official Video),UCVjt1H4u5z3Ya7_hxHGus6w,Radio Javan,2025-03-13T18:00:07Z,ساسی مانکن,pending_review,
8,ساسی مانکن,rap_hiphop,2,NNtMb0DrBRA,Sasy - &quot;Tehran Tokyo&quot; OFFICIAL VIDEO | ساسی -  تهران توکیو,UCVjt1H4u5z3Ya7_hxHGus6w,Radio Javan,2021-03-10T16:30:11Z,ساسی مانکن,pending_review,
8,ساسی مانکن,rap_hiphop,3,K4fBpEhpVak,Sasy - Baradarane Leila (Official Video),UCVjt1H4u5z3Ya7_hxHGus6w,Radio Javan,2023-12-06T17:30:08Z,ساسی مانکن,pending_review,
8,ساسی مانکن,rap_hiphop,4,p0EwOVQ3P0s,Sasy - &quot;Doctor&quot; OFFICIAL VIDEO  | ساسی - دکتر,UCVjt1H4u5z3Ya7_hxHGus6w,Radio Javan,2020-03-11T16:30:11Z,ساسی مانکن,pending_review,
8,ساسی مانکن,rap_hiphop,5,TiByW865lLc,Sasy Mankan – Ninash Nash | ساسی مانکن - نیناش ناش,UC6-OazUqmbrVK_b1uMYcjfA,Radio Javan,2021-03-02T22:34:06Z,ساسی مانکن,pending_review,
8,ساسی مانکن,rap_hiphop,6,zW6kjHP7mBE,sasy mankanninash nash ساسی مانکن نیناش ناش,UC5qpK8RV882s3J1aCI0umig,Ghaphlan Khaligh (Ghaflan Khaligh),2013-04-25T22:09:33Z,ساسی مانکن,pending_review,
8,ساسی مانکن,rap_hiphop,7,hwZU5Xwfk20,Sasy - &quot;Gentleman&quot; OFFICIAL VIDEO | ساسی - جنتلمن,UCVjt1H4u5z3Ya7_hxHGus6w,Radio Javan,2019-04-26T16:28:42Z,ساسی مانکن,pending_review,
8,ساسی مانکن,rap_hiphop,8,ej5aKGNBWek,Sasy Mankan - Atse OFFICIAL VIDEO HD,UC7Hs0659Yc82h7Snhjnfd4g,Avang Music,2013-11-28T18:00:00Z,ساسی مانکن,pending_review,
8,ساسی مانکن,rap_hiphop,9,lLNcbz_T7WI,Sasy Ft Arash - Hulu (Official Video),UCVjt1H4u5z3Ya7_hxHGus6w,Radio Javan,2024-03-13T14:45:08Z,ساسی مانکن,pending_review,
8,ساسی مانکن,rap_hiphop,10,IuVfk1Co64w,Sasy Mankan Ft Radin Band  - Ninash Nash (HQ),UCpG143VsbN_aNlxkHC9n1rA,arian2009,2009-02-14T05:37:02Z,ساسی مانکن,pending_review,
8,ساسی مانکن,rap_hiphop,11,LpcvEthPmCE,Sasy Mankan - Khat Roo Khat OFFICIAL VIDEO HD,UC7Hs0659Yc82h7Snhjnfd4g,Avang Music,2012-02-11T23:29:01Z,ساسی مانکن,pending_review,
8,ساسی مانکن,rap_hiphop,12,WTfQkGMwpmQ,Sasy - &quot;Tobeh&quot; TEASER | ساسی - توبه,UCVjt1H4u5z3Ya7_hxHGus6w,Radio Javan,2025-03-02T17:42:31Z,ساسی مانکن,pending_review,
8,ساسی مانکن,rap_hiphop,13,QD9Nj6F0EN4,Sasy - &quot;Maman Mano Bebakhsh&quot; OFFICIAL VIDEO | ساسی - مامان منو ببخش,UCVjt1H4u5z3Ya7_hxHGus6w,Radio Javan,2022-03-09T16:30:12Z,ساسی مانکن,pending_review,
8,ساسی مانکن,rap_hiphop,14,kbBulLOQ4qY,Sasy - &quot;Saaghiya&quot; OFFICIAL VIDEO | ساسی - ساقیا,UCVjt1H4u5z3Ya7_hxHGus6w,Radio Javan,2016-03-16T16:41:02Z,ساسی مانکن,pending_review,
8,ساسی مانکن,rap_hiphop,15,f1Z4aozQxxs,گلچین بهترین اهنگ های ساسی,UC2Oqki4KiHm8B9Im45WCZHQ,Music melody,2024-09-30T07:10:21Z,ساسی مانکن,pending_review,
8,ساسی مانکن,rap_hiphop,16,5sxpgsG0JFE,صحبت های عاشقانه ی سپهرحیدری وآرام جوینده💔🥺#shorts #short #tiktok#ساسی #سپهر_حیدری #ساسی_مانکن,UCpzPEdsHCpkrjFzkeKc6n3A,VividTv,2025-03-07T16:30:03Z,ساسی مانکن,pending_review,
8,ساسی مانکن,rap_hiphop,17,kLN4og_w65s,موزیک ویدیو جدید ساسی با آرام اکس سپهر حیدری❌️😱,UCtnsBNReKiPjTZoz7qBZDlA,مجله خبری پرایم نیوز,2025-03-05T18:15:05Z,ساسی مانکن,pending_review,
8,ساسی مانکن,rap_hiphop,18,L3UPz_KIZn8,Gentleman,UCHgdN_bLmnnuvt6bKn8Uxfw,Sasy - Topic,2021-10-15T02:36:54Z,ساسی مانکن,pending_review,
8,ساسی مانکن,rap_hiphop,19,oluKIRkHWEg,دابسمش ساسی مانکن آهنگ خاله لیلا (شماره ۶۲),UCFAIKt9lqX8_UR5avUWrQjg,StorySasy,2023-12-13T12:45:49Z,ساسی مانکن,pending_review,
8,ساسی مانکن,rap_hiphop,20,yi_GI91N1dQ,Sasy - &quot;Baradarane Leila&quot; COMING SOON TEASER | ساسی - برادران لیلا,UCVjt1H4u5z3Ya7_hxHGus6w,Radio Javan,2023-11-27T16:55:41Z,ساسی مانکن,pending_review,
8,ساسی مانکن,rap_hiphop,21,ddfW1OhMbEk,Sasy Mankan - &quot;Nagoo Na&quot; OFFICIAL VIDEO,UCVjt1H4u5z3Ya7_hxHGus6w,Radio Javan,2014-06-03T16:20:55Z,ساسی مانکن,pending_review,
8,ساسی مانکن,rap_hiphop,22,eDqWWbO6e1k,Maman Mano Bebakhsh,UCHgdN_bLmnnuvt6bKn8Uxfw,Sasy - Topic,2022-04-23T17:17:10Z,ساسی مانکن,pending_review,
8,ساسی مانکن,rap_hiphop,23,vfBp8vu40js,Sasy - &quot;Hame Bada&quot; OFFICIAL VIDEO | ساسی - همه بدا,UCVjt1H4u5z3Ya7_hxHGus6w,Radio Javan,2017-12-20T17:35:42Z,ساسی مانکن,pending_review,
8,ساسی مانکن,rap_hiphop,24,YfJ9TIisS-w,Sasy - &quot;Ostad&quot; OFFICIAL VIDEO  | ساسی - استاد,UCVjt1H4u5z3Ya7_hxHGus6w,Radio Javan,2017-08-02T16:32:34Z,ساسی مانکن,pending_review,
8,ساسی مانکن,rap_hiphop,25,1VZWoJe5n-M,sasy mankan (tehroono la kon) new ساسی مانکن تهرونو ال‌ای کن,UCzIjGS-HRN9NNK3fkkv9fsw,pedro xavi,2010-02-23T19:36:24Z,ساسی مانکن,pending_review,
9,هیچکس,rap_hiphop,2,sqemXVtZg4w,Hichkas - Ekhtelaf,UChysexdHBwnvEMDFuKiCUZw,HichkasVEVO,2017-11-01T13:02:39Z,هیچکس,pending_review,
9,هیچکس,rap_hiphop,3,4qw3qTV4608,Hichkas - Ye Mosht Sarbaz,UChysexdHBwnvEMDFuKiCUZw,HichkasVEVO,2019-09-26T14:38:38Z,هیچکس,pending_review,
9,هیچکس,rap_hiphop,4,HtsfwsHP3pk,Hichkas - Oon Mesle Dadasham Bood (With Lyrics) | (هیچکس - اون مثل داداشم بود (متن آهنگ,UCk4z-69inYrGU91ekoiAdGA,FSocietySJ,2022-07-17T16:52:42Z,هیچکس,pending_review,
9,هیچکس,rap_hiphop,5,olvrvRd6l1A,Hichkas - Man Chizi Ke Mikham,UCAnylXo06Lw_x8swLZhIosg,Hichkas,2024-11-28T12:35:18Z,هیچکس,pending_review,
9,هیچکس,rap_hiphop,6,yMYNnZr63pg,معین‌زد آهنگ هیچکس رو تو کنسرت خوند😱🤷‍♂️#رپفارسی #هیچکس #معین_زد #اجرای_زنده #کنسرت #hichkas #rap,UCxGDGm26uFZ9PJ3-JcXaPRA,Farhikhte_HipHop,2025-09-14T13:23:11Z,هیچکس,pending_review,
9,هیچکس,rap_hiphop,7,nKY6vq97MzI,Hichkas - Rooye Jenazat Miraghsam,UCAnylXo06Lw_x8swLZhIosg,Hichkas,2024-05-24T16:52:44Z,هیچکس,pending_review,
9,هیچکس,rap_hiphop,8,Vj7aclXlj2Y,فری استایل هیچکس از ترک اختلاف👀🩸#رپفارس #رپفارسی#شورت #hiphop #rap #هیچکس #اختلاف#edit,UCwjQElxgabbU4OIbAXxhYjA,RAP_FARSI,2024-09-23T06:41:06Z,هیچکس,pending_review,
9,هیچکس,rap_hiphop,9,i_bLcFCdSIo,Hichkas - Inyekiam Vase,UCAnylXo06Lw_x8swLZhIosg,Hichkas,2022-10-19T19:46:44Z,هیچکس,pending_review,
9,هیچکس,rap_hiphop,10,qRAXqSI4cjU,HICHKAS &quot;HAMINJOORI&quot; REACTION  - ری اکشن به ترک «همینجوری» از هیچکس,UCoOjmdECYvybtOOKtlwvsAw,RadioActive Zone,2025-01-21T07:00:26Z,هیچکس,pending_review,
9,هیچکس,rap_hiphop,11,jNCLP_fT8kg,اجراي زنده آهنگ به روز خوب مياد سروش هيچكس در لاهه هلند ye rooze khoob miad  Hichkas holand The Haag,UC-rSD_7jPlK0uD8rlU12B1g,Filimo Medio,2022-12-07T13:08:31Z,هیچکس,pending_review,
9,هیچکس,rap_hiphop,12,3od69FXVbNA,هیچکس و پیشرو و تتلو ۱۳۸۳ #هیچکس #پیشرو #تتلو #رپفارس #رپر_ایرانی #رپفارسی #رپ #اجرای_زنده,UCM-IfEJlVROv5Ev04-uIbKg,RapFars,2024-11-01T14:30:01Z,هیچکس,pending_review,
9,هیچکس,rap_hiphop,13,C7iAvWNNtkw,Hichkas x Ho3ein x Shayea x Pishro x Sohrab MJ x Khalvat x Fadaei x Quf - Chi Shenidi (Saya Remix),UCqMQlHv2vCC1hUvDGFvJqIw,Ali Fani,2022-06-25T13:42:21Z,هیچکس,pending_review,
9,هیچکس,rap_hiphop,14,hnctT-Btbck,Hichkas - Har Ye Rooz (feat. Poobon),UCAnylXo06Lw_x8swLZhIosg,Hichkas,2024-03-07T09:09:41Z,هیچکس,pending_review,
9,هیچکس,rap_hiphop,15,VEGMR6Z_Vsc,هیچکس انتظارشو نداشت💀,UCtS_MyKAEqPJgw-WNPxb5cA,SINAVID,2026-07-08T13:14:50Z,هیچکس,pending_review,
9,هیچکس,rap_hiphop,16,LTxHVuXwViw,HICHKAS &quot;DISHAB YE BASIJI KOSHTAM&quot; REACTION   ری اکشن به ترک «دیشب یه بسیجی کشتم» از هیچکس,UCoOjmdECYvybtOOKtlwvsAw,RadioActive Zone,2024-05-10T03:48:21Z,هیچکس,pending_review,
9,هیچکس,rap_hiphop,17,75PJxS6zVwo,Bazam kalan - Hichkas ft.Pishro (Lyrics) | (بازم کلان - هیچکس فیت پیشرو (بامتن,UC-nWrwyltC2ibR8jp5y9Ucg,Moltafet Therapy,2019-08-11T10:28:09Z,هیچکس,pending_review,
9,هیچکس,rap_hiphop,18,Ai9Sq7nMxU8,ROOYE JENAZAT MIRAGHSAM - TRUMP &amp; HICHKAS :) فیت ترامپ و هیچکس SOHEIL KHODABANDEH - CLUB VERSION,UCWTApkr82_QxpEr9Pa2m1CQ,Soheil Khodabandeh ,2026-03-07T06:56:04Z,هیچکس,pending_review,
9,هیچکس,rap_hiphop,19,s3ICyx96IM4,هیچکس &quot;یه روز خوب میاد&quot; hichkas,UCd26HBP85gdHjA_BXfDJS0Q,siavash1994,2010-03-28T18:40:58Z,هیچکس,pending_review,
9,هیچکس,rap_hiphop,20,U0llynq--ig,Reza Pishro X Putak | هیچکس یا فدایی؟ | EP06,UCa20QQoV4gaLv9XRki-ynWQ,PUTAK,2023-08-06T17:09:17Z,هیچکس,pending_review,
9,هیچکس,rap_hiphop,21,ncyctpN4zMc,دیس های شدید تتلو به هیچکس🔴#تتلو #هیچکس #rapnews #rapfars #پوتک #فوری #رپر #rap #tataloo #Hichkas,UC70ecBCkLFaSAC5UCLPJHPA,RapFars,2023-08-11T11:09:51Z,هیچکس,pending_review,
9,هیچکس,rap_hiphop,22,N_DwOWb3IPE,Hichkas - Tigham Rooye Raget (Visual),UCAnylXo06Lw_x8swLZhIosg,Hichkas,2024-01-25T08:43:07Z,هیچکس,pending_review,
9,هیچکس,rap_hiphop,23,is0xNeQBO78,حرفای عجیب و جنجالی سامان ویلسون به هیچکس♨️#رپ #هیچکس #رپفارسی #سامان_ویلسون #مصاحبه #رپفارسی #رپر,UClp7AB4tDx0ioD1WSJNCBlQ,AA trap,2025-07-20T19:23:07Z,هیچکس,pending_review,
9,هیچکس,rap_hiphop,24,w1hkTux7uc8,هیچکس و زد بازی رو با خاک یکسان کرد🤣💀                              #shorts #امیرحسین_قیاسی #رپفارسی,UCXx7IRnRe5w3iCS3b5ji-3g,Amyr IQ,2025-10-26T12:31:13Z,هیچکس,pending_review,
9,هیچکس,rap_hiphop,25,my0kbHIpCMw,Rooye Jenazat Miraghsam Hichkasروی جنازت میرقصم هیچکس,UCObiBmofF-Cz-zmaA4AwUiQ,زن زندگی آزادی ,2025-05-30T18:14:04Z,هیچکس,pending_review,
