channel_id,channel_title,total_candidate_occurrences,unique_artists_matched,matched_artists,api_channel_title,api_channel_description,custom_url,country,channel_published_at,view_count,subscriber_count,hidden_subscriber_count,video_count
UCCn_0vWsa35jSTRNlX15hzQ,TPM - Top Persian Music,20,4,سهراب پاکزاد | علیرضا قربانی | فرزاد فرزین | گرشا رضایی,TPM - Top Persian Music,"Welcome to TPM - Top Persian Music! We are dedicated to bringing you the best in Iranian music. Our channel features a wide variety of genres and artists, including some of the most famous names in the industry. With numerous videos boasting millions of views, we're proud to be a top destination for Iranian music lovers.

We're always looking to work with new artists and expand our offerings. If you're an artist interested in collaborating with us, please don't hesitate to reach out by sending an email to [tpmusic.channel@gmail.com]. We'd love to hear from you!

DMCA - § 512(f) Misrepresentations Section 512(f) deters false claims of infringement by imposing liability on anyone who makes such claims, for the damages suffered by other parties as a result of the OSP's reliance on the false claim, and for associated legal fees. Don't make false claims! 
If you have any concerns about the content on our channel, please don't hesitate to contact us at [tpmusic.channel@gmail.com].
",@toppersianmusic,DE,2016-06-20T13:55:19Z,493434212,780000,False,11239
UCO7rnnjVkPeDutLWuROEzKw,MohsenChavoshiVEVO,15,1,محسن چاووشی,MohsenChavoshiVEVO,"Welcome to the Official VEVO channel of Mohsen Chavoshi. Please take a moment and subscribe! Thank you

",@mohsenchavoshivevo9770,,2021-11-02T00:34:24.129702Z,82965163,1010,False,75
UCVjt1H4u5z3Ya7_hxHGus6w,Radio Javan,13,1,ساسی مانکن,Radio Javan,Radio Javan is the premiere source of Persian and Iranian music with the newest and latest exclusive music video and songs.,@radiojavan,US,2007-06-21T12:04:44Z,972925145,1060000,False,2841
UCMQ39QYA6tpAu_ZDaOWn7IQ,Farzad Farzin,11,1,فرزاد فرزین,Farzad Farzin,"I am Farzad Farzin and this is my official YouTube channel.

You can find link to this YouTube account on my website:
http://farzadfarzin.net
http://t.me/farzadfarzin2",@farzadfarzinnet,US,2014-11-30T15:23:39Z,70480409,75300,False,184
UCregxQqAisNcggQriK9f3Qw,Alireza Ghorbani,9,1,علیرضا قربانی,Alireza Ghorbani,"Official Channel of Alireza Ghorbani
Iranian Singer And Musician
Alireza Ghorbani was born in 1972 in Tehran. He started his vocal lessons when he was 12, and he was a solo vocalist of National Orchestra when he was 27. Alireza Ghorbani also became at thirty years a foreground singer of the Persian song. His very ramified repertory constitutes the radif and the tasnif, whose vocal rarest techniques are very well controlled from him. He occurs in small formation, with four musicians, as with the national Orchestra of Iran

t.me/AlirezaGhorbaniOfficial
",@alirezaghorbaniofficial,US,2017-01-18T10:57:21Z,40906129,74500,False,113
UC8u6telGfDJ2wd8lSwLoauQ,Persian Music Group,7,3,فرزاد فرزین | محسن یگانه | همایون شجریان,Persian Music Group,"Persian Music Group is the leader in Persian Music industry. Check out the newest and latest music videos and songs here on our official YouTube channel and subscribe if you want to hear more.

If you want your videos to be published in our channel please write us an email to get to know more about the different options and conditions.

Please note that any copyright action against the Official YouTube Channel will be taken seriously. Please email before taking any action and we will aim to resolve any issues as quickly as possible.
_______________
DMCA - § 512(f) Misrepresentations Section 512(f) deters false claims of infringement by imposing liability on anyone who makes such claims, for the damages suffered by other parties as a result of the OSP's reliance on the false claim, and for associated legal fees. Don't make false claims!",@persianmusic_group,DE,2018-10-01T15:25:05Z,1131490463,1450000,False,2963
UCF2LMk6XCzazmPPWrxc7qSg,Mohsen Yeganeh,7,1,محسن یگانه,Mohsen Yeganeh,,@mohsenyeganehofficial,,2012-04-11T19:02:23Z,330631570,571000,False,56
UCQnVOIzzZ-r2vKWZGEvd7Zw,Sohrab Pakzad,7,1,سهراب پاکزاد,Sohrab Pakzad,The Official Youtube Channel Of Sohrab Pakzad,@sohrab.pakzad,,2023-12-17T15:48:24.373797Z,55877543,39900,False,84
UCmBIX3tItWTCmbkcARiyZkg,Homayoun Shajarian,7,1,همایون شجریان,Homayoun Shajarian,"| The official YouTube Channel of Homayoun Shajarian |

",@homayounshajarianchannel,DE,2020-12-27T08:43:42.268504Z,32707763,103000,False,269
UC9qZPJyvvZiBmzYdqdgly1w,SohrabPakzadVEVO,6,1,سهراب پاکزاد,SohrabPakzadVEVO,,@sohrabpakzadvevo,,2023-05-01T23:30:54.168564Z,29200902,2630,False,44
UCisezGQDdiJZ6lmMQjVclvA,Garsha Rezaei,6,1,گرشا رضایی,Garsha Rezaei,"Welcome to the official YouTube channel of Garsha Rezaei! 

Here you will find all of Garsha’s music, including his latest hits and old favorites. With a unique voice and style, Garsha has captured the hearts of fans with his beautiful melodies and heartfelt lyrics. 
Subscribe to stay up-to-date with all of Garsha’s new releases!",@garsharezaeiofficial,DE,2022-02-20T17:23:53.299156Z,10561242,17900,False,241
UCAnylXo06Lw_x8swLZhIosg,Hichkas,5,1,هیچکس,Hichkas,"Soroush Lashkary better known by his stage name, Hichkas (nobody in Persian) is an Iranian song writer, rapper, record producer. Dubbed the godfather of Iranian rap and pioneer of Iranian hip-hop genre, Hichkas’s early releases combined traditional Iranian instruments and urban beats to create a hybrid genre, a combination of east and west. Lyrically, Hichkas’s songs are full of idioms, onomatopoeia, similes, alliteration, assonance, metaphors, a play on folk Persian proverbs and themed around social and cultural issues. Hichkas’s first album ‘Jangale Asfalt’ (The Asphalt Jungle) was initially released in 2005 was seminal in that it was the first professional hip-hop LP to be released from Iran, and became a fine example of Iranian arts and culture. Hichkas also, founded 021, Candis and the record label Saamet. Hichkas is working on his highly anticipated second LP, Mojaz.",@hichkasofficial,GB,2019-02-15T19:32:37Z,12753699,69700,False,18
UCjibqVppvIlLK4lbXRsbhhw,Melodifa,4,1,همایون شجریان,Melodifa,"MELODIFA is a reference channel in Persian music on YouTube. 
Subscribe to the Melodifa channel to stay up on the latest news and updates from Persian music.

#melodifa #persiansongs #Iranianmusic",@melodifa,CA,2019-01-13T17:25:55Z,188447718,375000,False,1477
UCFnc_tL9if9l5As18rnAyGA,Mohsen Chavoshi,3,1,محسن چاووشی,Mohsen Chavoshi,"Welcome to the Official Channel Of Mohsen Chavoshi



",@chavoshiofficial,DE,2012-10-05T22:09:31Z,173430665,237000,False,98
UChysexdHBwnvEMDFuKiCUZw,HichkasVEVO,3,1,هیچکس,HichkasVEVO,"Soroush Lashkary better known by his performing name, Hichkas (nobody in Persian) is an Iranian rapper, songwriter, record producer. Dubbed the godfather of Iranian rap and pioneer of Iranian hip-hop genre, Hichkas’s early releases combined traditional Iranian instruments and urban beats to create a hybrid genre, a combination of east and west. Lyrically, Hichkas’s songs are full of idioms, onomatopoeia, similes, alliteration, assonance, metaphors, a play on folk Persian proverbs and themed around social and cultural issues. Hichkas’s first album ‘Jangale Asfalt’ (The Asphalt Jungle) was initially released in 2005 was seminal in that it was the first professional hip-hop LP to be released from Iran, and became a fine example of Iranian arts and culture. His second album the ‘Anjām Vazife’ (The Tour of Duty) EP was released in 2011. In addition to performance, Hichkas founded 021, Candis and the record label Saamet. Hichkas is working on his highly anticipated second LP, Mojaz.",@hichkasvevo,,2017-10-31T10:23:19Z,7215614,3770,False,3
UC6J32FcpsyYA_JGxrEHPbBQ,Alireza Yazdani,2,2,علیرضا قربانی | محسن چاووشی,Alireza Yazdani,"Welcome to my channel! 🎵
Hi, I’m Alireza Yazdani, and this channel is dedicated to Persian remix music with an ambient vibe. Here, you’ll find unique remixes of Persian songs with atmospheric and emotional soundscapes.

‏If you love calm, emotional, and immersive music, don’t forget to subscribe and hit the 🔔notification bell so you never miss a new upload",@alirezayazdanimusic,GB,2025-02-13T23:56:10.979915Z,975584,3160,False,14
UCUR0IBUfM1puV2qa-3m7FWQ,farsiReact,2,2,محسن یگانه | همایون شجریان,farsiReact,ری‌اکشن خارجی ها به آهنگ های ایرانی🤟🤟,@farsireact5359,,2021-03-14T10:18:50.445643Z,7509250,39200,False,12
UCkD9OfpMEjuCHgsWH0aYqRw,Bamzo | بامزو,2,2,سهراب پاکزاد | محسن چاووشی,Bamzo | بامزو,"A world full of laughter, fun and cool things!
From challenges and jokes to funny moments 😎
Every day a new mood, a new video 🎥
یه دنیای پر از خنده، سرگرمی و چیزای باحال!
از چالش و شوخی گرفته تا لحظه‌های خفن 😎
هر روز یه حالِ جدید، یه ویدیو جدید 🎥
",@bamzoofficial,TR,2012-12-16T11:57:24Z,556190962,167000,False,3011
UCpToffK2aE57CCK_uBCNHyA,Fact Music,2,2,سهراب پاکزاد | فرزاد فرزین,Fact Music,"Welcome to the official YouTube channel of Fact Music. Fact Music is a registered TRADEMARK owned by NG Network GmbH.

Fact music will distribute, protect and promote your music on YouTube.


Contact us: 
Email: info@ng-network.com
Tel: +4915213057484
",@factmusic,DE,2016-11-29T07:52:08Z,82846825,186000,False,1339
UC4gRh2WzzbO2gaQepHGUt0Q,radical music,2,1,هیچکس,radical music,"Enjoy

",@radicalmusic6092,CA,2021-09-12T09:29:32.326021Z,1678583,1050,False,423
UC7Hs0659Yc82h7Snhjnfd4g,Avang Music,2,1,ساسی مانکن,Avang Music,"Avang Music's official YouTube channel is the ultimate destination for Persian music fans. As the leader in the Persian music industry, Avang Music offers viewers  with the latest music videos and songs from top Persian artists.

With a vast collection of music and entertainment content, Avang Music's YouTube channel offers a wide variety of playlists for viewers to enjoy. From pop and rock to traditional Persian music, the channel has something for every taste. In addition to music videos, the channel also features live performances, interviews, and behind-the-scenes content that offers a unique look into the Persian music industry.

",@avangmusic,US,2008-04-14T11:06:25Z,1387287736,1150000,False,2588
UCN73foROjDkwZEKS05z6KHQ,The ZiCord,2,1,محسن چاووشی,The ZiCord,"Just Record!
Publish and Sell Your Music Globally with ZiCord!

Please note that We own all rights to the content we publish on this channel.
So, Please Don't Make Fake Claims. We Can Pursue This Matter Legally.
DMCA - § 512(f) Misrepresentations Section 512(f) deters false claims of infringement by imposing liability on anyone who makes such claims for the damages suffered by other parties as a result of the OSP's reliance on the false claim, and for associated legal fees.

",@thezicord,US,2022-03-18T06:35:08.249108Z,18356587,14900,False,131
UC-nWrwyltC2ibR8jp5y9Ucg,Moltafet Therapy,1,1,هیچکس,Moltafet Therapy,,@moltafettherapy4877,IR,2019-07-22T13:09:22Z,749034,1400,False,5
UC2Oqki4KiHm8B9Im45WCZHQ,Music melody,1,1,ساسی مانکن,Music melody,,@musicmelody-r6j,,2024-09-29T01:50:52.398182Z,10419,49,False,3
UC3I1bp19AQ79Volhez_YsxA,Bz_beats,1,1,هیچکس,Bz_beats,"سلام من امیرم و عاشق موزیک و آهنگسازی هستم . 
اگر شما هم مثل من از موزیک خوشتون میاد
و دوست دارید کار های خفن بشنوید چنل من رو فالو کنید
و با دوستاتون به اشتراک بذارید .
",@bz_beats1999,TR,2021-03-07T10:42:42.618052Z,107278,298,False,21
UC3yxyivq_AXMRYu547R-9Rw,کنسرت ایرانی,1,1,محسن یگانه,کنسرت ایرانی,,@concerthaye_irani,,2022-01-17T12:19:05.820742Z,5210478,8170,False,459
UC4ZY5S7wdyYEWw9lS6HxSLQ,Harefeh,1,1,علیرضا قربانی,Harefeh,"Hello everyone, welcome to our YouTube channel. This is our cozy little corner where we delight in sharing the most popular songs in our language, along with their English translations, with all of you. We hope you enjoy them!

""سلام به همه، به کانال یوتیوب ما خوش آمدید. این گوشه کوچک دنج ماست که از به اشتراک گذاشتن محبوب ترین آهنگ ها به زبان خود به همراه ترجمه انگلیسی آنها با همه شما لذت می بریم. امیدواریم از آنها لذت ببرید!""
",@harefeh,CA,2012-08-22T22:12:44Z,345481,1650,False,83
UC4dxhQVYl2MBblmQQet76Cw,Shahin Famil Page,1,1,هیچکس,Shahin Famil Page,"فامیل 🫀👊
",@shahinfamil,US,2019-06-23T13:11:10Z,2188589,4180,False,367
UC4za7IvgFZguD8o-nS9LnaQ,Shahram Afshin,1,1,علیرضا قربانی,Shahram Afshin,,@shahramafshin4242,,2015-12-31T16:48:30Z,93856,152,False,100
UC5qpK8RV882s3J1aCI0umig,Ghaphlan Khaligh (Ghaflan Khaligh),1,1,ساسی مانکن,Ghaphlan Khaligh (Ghaflan Khaligh),"Ghaphlan Khaligh (Iran)
Netzwerk Administrator
Stuttgart-Germany",@ghaphlan,DE,2006-05-19T16:05:01Z,3163687,5670,False,94
UC6-OazUqmbrVK_b1uMYcjfA,Radio Javan,1,1,ساسی مانکن,Radio Javan,Radio Javan is the premiere source of Persian and Iranian music with the newest and latest exclusive music video and songs.,@radiojavan6894,US,2021-03-02T22:21:30.550356Z,11107,24,False,3
UC6uOk4kSCROrgKkdHKv2I7w,Mrspecial,1,1,گرشا رضایی,Mrspecial,"آقای خاص هستم✌️
با همه چی و هرموضوعی درخدمتتون هستیم🔥
از موضوعات موسیقی و آهنگ بگیرررررر تا موضاعات فوتبالی و....البته بیشتر‌موسیقی هستیم🔥
میخایم باهم خاطرات خوبی بسازیم🔥
همراهمون باشید",@mrspecial78,KW,2020-05-03T20:18:01.330747Z,1253966,2750,False,541
UC7vFVP6U4wFiAC4nFQc8ncA,Maryam Khatami,1,1,فرزاد فرزین,Maryam Khatami,"Welcome to Maryam's World! Follow me as I take you through my daily life and exciting travel escapades. Let's enjoy the little joys and big adventures together! 🌟🌍✨ #DailyVlogs #TravelFun
Find me on other social media or contact me from the link below 
https://linktr.ee/Maryamkhatami",@maryamkhatamii,US,2023-08-02T02:49:29.361917Z,5148306,16000,False,190
UC7zsmnc17R-LSTV4Dl5sN2w,Homayounshajarian fans,1,1,همایون شجریان,Homayounshajarian fans,"‘’دوستداران‌همایون‌شجریان‘’
╰همایون‌زرین╮
˵دچارتو‌نمی‌کند
دل‌ازهوای‌تو˶",@homayounzarin,,2024-12-25T14:21:36.47386Z,3530689,4250,False,128
UC9PxiuAlnUmaAhe52mYeXeQ,Mohammad Fazlali,1,1,علیرضا قربانی,Mohammad Fazlali,,@kiuf2000,,2006-11-16T06:07:18Z,5087053,12200,False,22
UC9eV0XXaHkTvPYh0oIAvbfQ,simorq farhang,1,1,همایون شجریان,simorq farhang,http://www.simorqmusic.com,@simorqmusic,,2009-11-02T09:53:18Z,4540129,12300,False,138
UCAJbSaWpLovszCdQoGxa2mA,Ebrahim Mohamadi,1,1,همایون شجریان,Ebrahim Mohamadi,,@ebrahimmohamadi4312,,2013-01-09T10:15:58Z,41517,83,False,4
UCCXJKONAosl9wdkS1x9XGvg,Justruler,1,1,محسن یگانه,Justruler,,@justruler,,2008-07-15T04:36:48Z,677485,1360,False,8
UCFAIKt9lqX8_UR5avUWrQjg,StorySasy,1,1,ساسی مانکن,StorySasy,•صفحه رسمی دابسمش های ساسی مانکن✓,@storysasy,AU,2023-11-10T19:33:12.804936Z,1462567,1870,False,340
UCGV-fV3AkEHYzf1iW2ADeMA,Day2DayWorld,1,1,همایون شجریان,Day2DayWorld,"New Playlist : Checkout Day2DayFinance! How to manage your own finance, step by step

Day to day Travel playlist includes travels and promoting tourism
Day to day Reviews playlist include reviewing products and promoting them
Day2Day Events: Promote concerts, and interesting events

",@day2dayworld,CA,2009-01-01T13:02:54Z,2600331,8870,False,69
UCHZk9MrT3DGWmVqdsj5y0EA,BBC Persian,1,1,علیرضا قربانی,BBC Persian,"Latest news and current affairs videos, documentry and music from BBCPersian.com",@bbcnewspersian,GB,2006-06-22T10:50:33Z,1006154083,1190000,False,19435
UCHgdN_bLmnnuvt6bKn8Uxfw,Sasy - Topic,1,1,ساسی مانکن,Sasy - Topic,,,,2016-11-28T18:16:04Z,21628628,22800,False,71
UCIE-g20DJ5wE0eligPQP3Ww,cafe_rap_music,1,1,هیچکس,cafe_rap_music,"درود به کافه رپ موزیکی های عزیز☕
چطورید
قراره که اینجا کلی ویدیو های رپی با ادیت های خفن ببینی
اونم از همه رپر ها
بیف☠
دیس⚔
هیت🤘
دیس بک🗡
نسل یک دو سه چهار و .....
از یاس
حصین
پیشرو
هیچکس
تتلو
شاهین نجفی
فدایی
سورنا
بهرام
و
.
.
.
اینجا آهنگ ها سانسور نمیشن🔞
پس با هدفون وارد شو
خوش اومدی به cafe_rap_music

لینک کانال تلگرام:
https://t.me/cafe_rap_music
",@cafe_rap_music,US,2022-03-04T14:46:56.518055Z,1891583,1880,False,149
UCIOY-M_EY-YB5hliDfbOrng,Pavel Hama Ali,1,1,همایون شجریان,Pavel Hama Ali,,@pavelhamaali,,2015-06-05T16:38:57Z,460736,550,False,3
UCIoXa9CZoDHPao2qnfGU5mg,honarnewsofficial,1,1,گرشا رضایی,honarnewsofficial,"‏Media/news company
اخبارو حواشی  روز سینما،تلویزیون ، تئاتر و هنرمندان و...
‏The daily source for Iranian cinema,TV & theatr
.
❤️سلام جهت همکاری و امورکاری به ایمیل زیر پیام بدین👇
Honarnewspage@gmail.com

💢لطفا کپی نکنید هم تو یوتیوب هم اینستا خطر کپی رایت در کمین است✨
.
ما یه رسانه بین الملی هستیم که اخبار و حواشی هنرمندان ایران و جهان و ولاگ اکران های خصوصی رو منتشر میکنیم
و بعضی از فیلم های کوتاه و بلند که مجوز انتشار آنها رو داریم رو در اختیار شما عزیزان میزاریم

‏We are an international media that publishes the news and sidelines of Iranian and international artists and vlogs of private screenings
‏And we provide you with a number of short and long films that we have permission to screen",@honarnewsofficial_,TR,2024-03-03T18:07:11.503675Z,482267137,67800,False,3584
UCIsP6PqqS0IJ4tQroGs39dA,Iranian Diaspora | خانه ایرانیان خارج از کشور 🌍,1,1,علیرضا قربانی,Iranian Diaspora | خانه ایرانیان خارج از کشور 🌍,"Welcome to Iranian Diaspora

A global community for Iranians living abroad and Persian speakers around the world.

This channel covers: • Iranian lifestyle abroad • Immigration experiences • Travel and tourism • Iranian culture and traditions • News and stories from Iranians worldwide • Entertainment and educational content

More than 6 million Iranians live outside Iran. This channel aims to connect Iranians across the globe and create a bridge between communities in the United States, Canada, Europe, Turkey, Australia, the UAE, and beyond.

🌍 Website: https://www.0098.link

📺 YouTube: https://www.youtube.com/@iraniandiaspora

بیش از ۶ میلیون ایرانی در خارج از کشور زندگی می‌کنند. این کانال برای ایرانیان و فارسی‌زبانان سراسر جهان ایجاد شده است تا فرهنگ، سبک زندگی، تجربه‌ها و اخبار جامعه ایرانیان خارج از کشور را پوشش دهد.

#IranianDiaspora #IraniansAbroad #PersianCommunity #IranianExpats #IraniansWorldwide

",@iraniandiaspora,TR,2009-05-12T19:37:11Z,2837128,3840,False,910
UCLZbXbV3g-YYpUpyDBg3SrA,خنده بازی,1,1,فرزاد فرزین,خنده بازی,"کانال خنده بازی مرجعی برای برنامه طنز ایرانی است و سعی می کند کمدی های متنوع با بازیگران محبوب را به صورت پیوسته منتشر کند.
هدف این کانال شادی آفرینی برای تمام فارسی زبانان در تمام دنیاست و ایجاد نشاط و سرگرمی برای مردم، حتی اگر چند دقیقه باشد، افتخار ماست.
طنزهای مختلفی مانند خندوانه با رامبد جوان و جناب خان ، شب های برره با مهران مدیری، باغ مظفر، زیر آسمان شهر و برنامه های سرگرم کننده دیگر تاکنون در کانال منتشر شده اند

",@khandebazi,DE,2018-06-20T20:18:05Z,618501929,386000,False,10629
UCLqt9UYZ1KHgPRfGJjIzX9A,Majid Noori,1,1,محسن یگانه,Majid Noori,,@mjnoori,,2022-05-14T08:54:02.212739Z,342414,763,False,95
UCM-IfEJlVROv5Ev04-uIbKg,RapFars,1,1,هیچکس,RapFars,"به کانال رپفارس خوش آمدید 🥷
اخبار رپفارسی و ری اکشن و کلیپ های نوستالژی رپفارسی 
شب ها ساعت ۲۱ به وقت ایران لایو فری استایل رپفارسی و گفت و گو با مخاطبان داریم
حامی نسل جوان رپ فارسی 
@RapFarsi_TV   @Rap-Fars  @Rap4me
4my.production@gmail.com
",@rap-fars,AE,2023-08-03T16:54:56.010091Z,19556957,11300,False,362
UCMPdfQnOy5Vu07j6C141FWQ,PUMP VOD,1,1,فرزاد فرزین,PUMP VOD,"به پامپ خوش اومدی! ما اینجا کارای معمولی نمی‌کنیم.
از بازی‌ و چالش گرفته تا اتفاق‌های عجیب و هیجان‌انگیز، هر کاری می‌کنیم تا سرگرم بشی و حال کنی! و عجیب تر اینکه تنها جاییه که به جای اینکه پول خرج کنی، کلی جایزه و هدیه گیرت میاد.
اگه دنبال ماجراجویی، رقابت، سرگرمی و کلی لحظه هیجان‌انگیز و خاص هستی… دکمه سابسکرایب رو بزن و آماده شو برای یه عالمه سورپرایز!!
",@pump_vod,NL,2018-08-10T08:21:59Z,110148140,316000,False,269
UCPXz0-xxF-CpeygWBdyG8dg,Semi Journey,1,1,علیرضا قربانی,Semi Journey,Virtual tours of around the world با من جاذبه ها رو ببین,@semijourney5256,,2021-11-10T11:49:26.453389Z,131341,386,False,89
UCQiwqOaVlmKxTJKgR2K9DOQ,Travel by Sina,1,1,فرزاد فرزین,Travel by Sina,"Join my adventures around the world! I love traveling and trying new places, modes of transport and different hotels, I'll make sure to introduce you to my best experiences.
",@travelbysina,GB,2015-05-01T20:52:04Z,793487,8430,False,11
UCQlzBlY30F51MXStCS2KfGQ,Parsi Tv,1,1,محسن یگانه,Parsi Tv,"به مجله یوتیوب پارسی تی وی خوش آمدید
در این مجله درباره هر موضوع جالبی ویدیو ساخته می شود
لطفا انتقادات خودتون رو از  طریق کامنت با ما در میان بگذارید",@parsitvofficial,AU,2019-05-29T08:22:24Z,64469247,158000,False,3821
UCQngZK1cnqB6C9A11wIPkvQ,Music City | موزیک شهر,1,1,محسن یگانه,Music City | موزیک شهر,"بروز ترین کانال بررسی تخصصی اخبار و حواشی موسیقی

 سلام به کانال موزیک شهر خوش اومدین ❤️
اینجا باهم به موزیک ها ری اکشن میریم و آهنگ ها و عملکرد خواننده ها رو بررسی و نقد میکنیم
همچنین به بیوگرافی و اخباروحواشی خوانندگان میپردازیم🎤🎤🎤🎤🎧🎧🎧 

اگه علاقه مند به موسیقی و اخبار و حواشی خواننده ها هستی ، کانال رو سابسکرایب کنید  😍😍😍

موسیقی
آهنگ
حواشی
اخبار موسیقی
",@music.city..,CA,2022-10-23T11:25:26.983001Z,867208,1980,False,204
UCQycZB9MF-PAouhfh_DCk7Q,NAVID KARATE,1,1,محسن یگانه,NAVID KARATE,,@navidkarate,,2011-06-15T06:27:19Z,18410,93,False,2
UCRgGCtT4uacTbePp7EEJXBw,NG Network,1,1,سهراب پاکزاد,NG Network,"NG ( New Generation ) Network provides rights management, digital content (music & non-music) distribution and channel management services. 

Tel: +4915213057484
Email: info@ng-network.com
",@ngnetworkco,DE,2021-07-01T07:42:40.190434Z,3790907,17400,False,138
UCU5NicMWNILYk1nbxJkCzsA,Faranak99,1,1,علیرضا قربانی,Faranak99,,@faranak99,,2009-07-24T05:36:07Z,5317724,7110,False,23
UCVJZW-tOn3hFgeh0kZpSbjw,Mehdi Kord Art Group,1,1,محسن یگانه,Mehdi Kord Art Group,"| The official YouTube Channel of Mehdi Kord |

Media Rights Company : Persian Media Group
",@mehdikordartgroup,DE,2021-10-20T12:10:56.945612Z,7212730,17500,False,233
UCX7iFtn4OnJYNLXyKQsnHGg,MELODIFA CLASSIC,1,1,همایون شجریان,MELODIFA CLASSIC,"Melodifa Classic is the most popular Persian classical music YouTube channel. Melodifa Classic exclusively publishes most of the songs of the best Persian classical music artists such as Mohammadreza Shajarian, Homayoun Shajarian, Alireza Ghorbani, Shahram Nazeri, Alireza Eftekhari, Salar Aghili.
Subscribe to Melodifa Classic and get access to the best songs of the best Persian classical music artists on all kinds of YouTube videos. (Music Videos, Lives, Shorts)


",@melodifaclassic,CA,2019-10-06T01:09:39Z,43013879,68100,False,1243
UCX8r8XhlJITCBUHMTT6MjPw,𝙵𝚊𝚛𝚣𝚊𝚍 𝙵𝚊𝚛𝚣𝚒𝚗,1,1,فرزاد فرزین,𝙵𝚊𝚛𝚣𝚊𝚍 𝙵𝚊𝚛𝚣𝚒𝚗,فن پیج فرزاد فرزین ,@farzad_farzin2,,2023-05-16T06:59:44.987293Z,1654954,1280,False,406
UCYuvDRcENMW51dpcIh9CL0Q,safra hossaini,1,1,محسن چاووشی,safra hossaini,,@safrahossaini1355,,2018-07-25T19:41:45Z,20425,48,False,1
UCZ_EaorXnxxb-lr4Et2AZaQ,ژلوفن,1,1,محسن یگانه,ژلوفن,"صفحه هنری ژلوفن🌱
‌🕊جایی برای تسکین روح
🔰همنشینی (موزیک تصویر متن)🕊
",@zheluofen_1,US,2023-08-09T06:36:48.388958Z,99015946,41700,False,731
UC_xcDPW-ARj59n1qhYaLOqQ,Alireza Ghorbani - Topic,1,1,علیرضا قربانی,Alireza Ghorbani - Topic,"Alireza Ghorbani was born in February 4th 1972 in Tehran. He started his vocal lessons when he was 12, and he was a solo vocalist of National Orchestra when he was 27. Alireza Ghorbani also became at thirty years a foreground singer of the Persian song. His very ramified repertory constitutes the radif and the tasnif, whose vocal rarest techniques are very well controlled from him. He occurs in small formation, with four musicians, as with the national Orchestra of Iran.

Alireza Ghorbani is a great artist deeply rooted in the tradition but also of an insatiable curiosity and a large open-mindedness with respect to the other cultures.

The handsomely chiseled features of Ali Reza Ghorbani have become part of the new generation of Iranian singers of classical Persian music. Born in the midst of the turbulence of 1970s and 80s Iran, Ghorbani has laid claims to being a worthy successor of the man regarded as the undisputed master of Persian classical song, Mohammed Reza Shajarian.

He has released 19 albums in Iran and Europe until now. Also he participated in several international projects, some multi-cultural (Iran, France, India, Mali) projects in Europe like: Le Rhythm De La Parole, SOUFFLES DU MONDE (released in Europe) and some other projects such as cooperation with Dorsaf Hamdani Tunisian singer, concert with the Dusseldorf Symphony Orchestra, Concert with Kamel Orchestra Vienna, performance at the Cologne Philharmonic, and concert with the Vancouver Opera Orchestra.",,,2013-10-24T07:35:04Z,6996383,1120,False,333
UCaBf4RgTCzJIEnvOlNuxYKw,Sedkhareji | سدخارجی,1,1,محسن چاووشی,Sedkhareji | سدخارجی,,@sedkhareji,TR,2021-08-29T06:22:40.212299Z,3715765,6560,False,238
UCb3VTEQxFjxTFOEan2AZJdA,REMIX SIAVASH,1,1,هیچکس,REMIX SIAVASH,"Hello ! 😃
I am Siavash Negahban   😎
I hope you enjoy my remixes. 😊
Thank you if you become a member of my channel and support the remixes. 🤩
Introduce any song you want in the comments and I will remix it for you.😉


",@remixsiavash,AU,2020-10-23T10:51:23.029635Z,4183169,8960,False,60
UCbH4g2hM_uquaz5oqnfuCcQ,Persian Music & Concerts,1,1,محسن یگانه,Persian Music & Concerts,,@persianmusicconcerts9147,,2015-09-08T22:47:11Z,287237,540,False,18
UCd26HBP85gdHjA_BXfDJS0Q,siavash1994,1,1,هیچکس,siavash1994,"برای دیدن کلیب های بیشتر به اینجا را کلیک کنید
              http://www.youtube.com/siavashoo

http://www.facebook.com/people/Siavash-Avana/100000706024930",@siavash1994,,2010-03-23T05:00:44Z,589994,887,False,23
UCfTyeE7jWJK6q7lTdIUv57w,Anoushiravan Rohani,1,1,همایون شجریان,Anoushiravan Rohani,"Anoushiravan Rohani is an Iranian composer, pianist, conductor, and music educator who’s widely regarded as one of Iran's most prominent and influential musicians of the 20th century. He was born in Iran in 1939 and began studying music at a young age, under the guidance of his father, a renowned musician and composer.

Rohani's career spanned more than seven decades and encompassed a wide range of musical genres, including light classical, traditional Persian, and Western styles.

Anoushiravan’s compositions such as Iranian Most Played Song “Tavalodet MOBARAK” ( which is the Persian Happy Birthday song), “Soltan Ghalbha”, “Gole Sangam”, Omid e Zengani (by Pink Martini) &  “Maybe I Maybe You” (for Scorpions band in Germany)are amongst his 500 Famous Compositions.  His legacy continues to be felt in the world of Iranian music and beyond. His contributions to Persian classical music, in particular, have been widely recognized and celebrated.

",@anoushiravanrohani.,US,2023-06-10T00:35:31.978402Z,2643556,7590,False,37
UCg-gC2zxNjttTUiPMSuBydA,musics 212,1,1,علیرضا قربانی,musics 212,,@musics2123,,2022-01-06T10:29:16.800583Z,67024,290,False,22
UChLs096B3kOpLYhVK1ldSvg,Khosousi,1,1,همایون شجریان,Khosousi,مرجع آثار تصویری موسیقی سنتی,@khosousii,US,2013-01-06T11:57:41Z,15045661,43200,False,2564
UChdqGZPSamzW8MgaopXHvcA,Karizmaplus,1,1,سهراب پاکزاد,Karizmaplus,"Arts and entertainment, business and media, Celebrity, and world affairs—karizmaplus’s features and exclusive videos capture the people, places, and ideas that define modern culture.
Media strategist : abbasvardi",@karizmaplus,AE,2019-03-02T06:38:41Z,1658389,2840,False,759
UCiEK11dphMbDnbSXNvLOFCg,AmirSadegh Rassouli,1,1,همایون شجریان,AmirSadegh Rassouli,,@amirsadegh,,2017-11-05T22:21:42Z,606282,1890,False,5
UCjW-hegZKCBrF0Fqex1btMA,PersianUnderground,1,1,هیچکس,PersianUnderground,"We support the underground music and art scene in Iran.
 
Persian Underground was founded in 2010. Our goal is to bring you the latest news from the Persian underground scene. It can be anything from news, gossip to music videos. In the near future we'll release our own Internet based radio and TV-shows. Our website is currently under construction.

Got something on your mind? Use the E-mail address below and you'll be hearing from us shortly.

persianunderground@gmail.com",@persianunderground,,2010-12-19T23:21:37Z,934531,1410,False,23
UCk4z-69inYrGU91ekoiAdGA,FSocietySJ,1,1,هیچکس,FSocietySJ,Music is the literature of the heart; it commences where speech ends.,@fsocietysj,,2018-03-31T15:39:48Z,1690088,3590,False,17
UCkFy4v0k9tDYr0bYPiYu8MQ,Passions,1,1,محسن یگانه,Passions,"Hi, 
Learn languages with songs, discover Various Cultures, Countries, through their music. 
I; Sophie; speak well 8 languages, 5 of them I have started with songs, so I am here to help you achieve your dream too. These are personal translated lyrics. The scripts in the original languages, as well as the Latinization of the words, are done by myself.
With images of the country that the song is from or related to the lyrics or pictures of the artists instead of a blank background..
I will be adding traditional instruments music that I love which are relaxing. Rain sounds are from Normandy where I live at the moment. 
I have also started to make greetings cards in different languages, you may ask personalization with a name/message, I'll do it just for you to share :) 
thx anyway for visiting my channel hoping that you enjoyed it !",@passionsinternational,FR,2020-02-12T15:09:23.848385Z,1288145,8590,False,301
UCkpVRmYsrxg4I8SsTQA2CkA,Masoud Masoumi,1,1,علیرضا قربانی,Masoud Masoumi,"Just a few minutes, few melodies, A better mood.
فقط چند دقیقه، چند ملودی و حال بهتر
",@masoud.masoumi,,2014-02-13T19:11:38Z,740449,2530,False,104
UClXh_eGGA6q5qQ5QBhjLTFw,idehistaofficial,1,1,علیرضا قربانی,idehistaofficial,"ایستا مگنت پلتفرمی‌ست برای گفت‌وگو با چهره‌های اثرگذار و الهام بخش معاصر ایران.
در پروژه‌ی «ایده ایستا»، به سراغ افرادی می‌رویم که آثارشان صرفاً بازتاب زمان نیست، بلکه بر شکل‌گیری و درک ما از زمانه تأثیر می‌گذارند.
هر ویدیو، روایتی‌ست از مسیر، تجربه و انتخاب‌هایی که به خلق اثر انجامیده‌اند.


",@idehistaofficial,,2024-04-27T14:11:55.166416Z,58879,390,False,28
UCmDDQg9YcTx6EqTIXgYh40g,Maryam pakzad,1,1,سهراب پاکزاد,Maryam pakzad,,@mari.pakzad,,2023-02-12T22:10:57.343618Z,691600,1150,False,44
UCmp7UNNvJIkRTd44nC5PR9g,Saeed Afrough,1,1,گرشا رضایی,Saeed Afrough,تو این کانال درباره موسیقی صحبت میکنیم و نقد کنسرت و خواننده هارو انجام میدیم.,@saeed_afrough,,2024-08-08T08:03:03.269472Z,2592423,7600,False,143
UCn6Hn_drPfUrg85_BcuuUYw,tahmineh alaei,1,1,ساسی مانکن,tahmineh alaei,,@tahmineh85,,2007-09-29T12:35:42Z,6491598,4950,False,74
UCoOjmdECYvybtOOKtlwvsAw,RadioActive Zone,1,1,هیچکس,RadioActive Zone,"Dentist obsessed with Persian rap!!  

",@radioactivezone,US,2017-05-21T21:10:42Z,124966011,212000,False,2068
UCoZSdMt8rbbMIWhtTglKbgQ,seyed amirhossien fallahasl,1,1,علیرضا قربانی,seyed amirhossien fallahasl,"Videos from Iran 🇮🇷
I’m seyyed amirhossein fallah asl
ویدیو هایی از ایران
سیدامیرحسین فلاح اصل",@a_m_i_r_f,TR,2016-05-27T09:56:44Z,348678,611,False,223
UCobfxWqSORuodnQ5rdNw-bw,Mohsen Yeganeh - Topic,1,1,محسن یگانه,Mohsen Yeganeh - Topic,,,,2013-10-21T07:38:24Z,32962531,2860,False,267
UCp7ZHoSS_JBhS3Xi7dVg2DQ,Sohrab pakzad,1,1,سهراب پاکزاد,Sohrab pakzad,"All about sohrab pakzad
#song#concert#live#music
Instagram @sohrabpakzad_liliyana",@sohrabpakzad_liliyana,,2020-11-03T09:02:06.852817Z,3740157,8460,False,528
UCpG143VsbN_aNlxkHC9n1rA,arian2009,1,1,ساسی مانکن,arian2009,,@arian2009,,2007-08-27T22:54:11Z,1642086,804,False,21
UCpzPEdsHCpkrjFzkeKc6n3A,VividTv,1,1,ساسی مانکن,VividTv,"“به VividTV خوش آمدید🌹

جایی که حواشی داغ دنیا هرگز از چشمتون پنهون نمی‌مونه! 
از شایعات جنجالی گرفته تا رازهای پشت‌صحنه‌ی برنامه‌ها و درگیری‌های ستارگان روازنزدیک باماتجربه کن. 
اگر نمی‌خواهید هیچ خبری رو از دست بدید، حتما لایک کنید، کامنت بذارید و کانال رو سابسکرایب کنید. 
با VividTV همیشه اولین کسی باشید که از حواشی داغ تلویزیون باخبر می‌شه!”


وی ویدتی وی
vividtv
حواشی
حواشی سلبریتی
سلبریتی
پشت پرده
خبرفوری
حواشی هنرمندان ایران
اخبارسلبریتی ها
حاشیه سلبریتی ها
عکسهای سلبریتی ها
هنرمندان
بازیگران
سریال

#سلبریتی
#حواشی 
#حواشی_بازیگران 
#بازیگران_زن 
#فیلم  
#حواشی_هنرمندان
#بازیگران_مرد 
#خواننده 
#سریال 

",@vividtvfarsi,TR,2025-01-18T16:43:54.641205Z,1242727,1490,False,107
UCqZeJVn5evgB93CPe2QMypg,Naghmeha - Persian Songs and Poems نغمه ها و اشعار,1,1,همایون شجریان,Naghmeha - Persian Songs and Poems نغمه ها و اشعار,کانال اشعار و نغمه های فارسی,@naghmeha,SG,2020-12-28T12:46:05.451342Z,2662928,10000,False,69
UCsFDA7_0r1TF6UKbVufy4cQ,FarzadFarzinVEVO,1,1,فرزاد فرزین,FarzadFarzinVEVO,,@farzadfarzinvevo,,2025-01-26T18:18:49.208646Z,253631,350,False,17
UCsb9Omt71lVD1Uxt31OZFdg,Hashieh Farsi,1,1,فرزاد فرزین,Hashieh Farsi,,@hashieh_farsi,TR,2025-04-20T09:45:48.417137Z,35480559,12500,False,358
UCtnsBNReKiPjTZoz7qBZDlA,مجله خبری پرایم نیوز,1,1,ساسی مانکن,مجله خبری پرایم نیوز,"                  بروزترین حواشی و خبر های یوتیوبرها و  اینفلوانسرا ها رو با تحلیل حرفه ای، اینجا میتونین پیدا کنین. با ما همیشه در جریان باشین😍👑

اگه دنبال آخرین حواشی یوتیوبرها، سلبریتی‌ها و اینفلوانسرها هستی، جای درستی اومدی! تو پرایم نیوز، جدیدترین اخبار یوتیوب، خیانت، حواشی جنجالی، روابط پرحاشیه و جدایی‌های خبرساز رو با چاشنی تحلیل و جزئیات برات پوشش می‌دیم.
پس اگه دوست داری همیشه از داغ‌ترین اخبار فضای مجازی باخبر باشی، عضو شو و زنگوله رو بزن تا هیچ 
خبری رو از دست ندی! 🔥
قابل توجه دوستان، اگر هر مشکل و پیشنهاد داشتین از طریق جیمیل میتونین با ما ارتباط بگیرین❤️

⚡️Beyond the Gossip: Smart Takes on Digital Culture and Breaking News with Analysis.

",@prime_news1,GB,2024-09-01T16:04:18.29803Z,4847730,3670,False,227
UCtr7DrT-BGQnst11NLCsv_w,Persian Music,1,1,گرشا رضایی,Persian Music,"Enjoy Your Favorite Music with Us!

Discover the best songs and artists right here. Whether you’re feeling down and need some soothing tunes to lift your spirits, or you’re starting your day with a smile and want energetic tracks to keep you going, we’ve got music for every mood.

Listen to all the hits from Garsha Rezaei, Hoorosh Band, Reza Sadeghi, Farzad Farzin, Zanco, and many more, all legally and officially.

Remember, when words fail, music speaks! ❤️
",@permusic,DE,2018-08-19T07:05:48Z,69807055,126000,False,5071
UCuAbXDzPgqJLeWZ7ywAj0Jg,farzad farzin,1,1,فرزاد فرزین,farzad farzin,,@farzadfarzin2929,,2021-10-21T12:06:27.319966Z,78439,203,False,6
UCuGnnvoIOfRfkvYVHzTUWYQ,Persian Media Group,1,1,فرزاد فرزین,Persian Media Group,"""Persian Media Group"" on YouTube - Official Music Videos, Live Performances, Interviews and more...
___ 
DMCA - § 512(f) Misrepresentations Section 512(f) deters false claims of infringement by imposing liability on anyone who makes such claims, for the damages suffered by other parties as a result of the OSP's reliance on the false claim, and for associated legal fees. Don't make false claims! 
___ 
© 2026 (Persian Media Group) All Rights Reserved",@persianmediagroup,DE,2017-02-07T07:00:56Z,1098379280,1150000,False,5026
UCvLV2IdPgzeUCECrdz5nE8g,PERSIAN RAP ACTIVITY | پرشین رپ اکتیویتی,1,1,هیچکس,PERSIAN RAP ACTIVITY | پرشین رپ اکتیویتی,Please subscribe ♥️,@rapactivity,US,2023-04-21T09:44:11.962819Z,354843,620,False,22
UCvQF6ODadEBg5SESEbPWmcw,YounnesMusic ,1,1,گرشا رضایی,YounnesMusic ,"""This is my channel, where I share vibrant music, glimpses of my daily life, and my journey as both a percussion and keyboard player. My disability doesn't stop me from sharing my passion with the world.""

""این کانال من است، جایی که موسیقی پرجنب و جوش، نگاهی به زندگی روزمره‌ام و سفرم به عنوان نوازنده سازهای کوبه‌ای و کیبورد را به اشتراک می‌گذارم. ناتوانی من جلوی اشتیاقم به اشتراک‌گذاری علاقه‌ام با جهان را نمی‌گیرد.""

""هذا هو قناتي، حيث أشارك الموسيقى الحيوية، لمحات من حياتي اليومية، ورحلتي كعازف إيقاع وكيبورد. إعاقتي لا تمنعني من مشاركة شغفي مع العالم.""
",@younnesmusic1998,,2024-03-14T22:00:35.486741Z,7901508,6670,False,555
UCw5LO6ba1yNC3cps4Zu_1Hg,Mohsen Chavoshi - Topic,1,1,محسن چاووشی,Mohsen Chavoshi - Topic,,,,2013-12-21T02:36:54Z,26680087,2280,False,407
UCwjQElxgabbU4OIbAXxhYjA,RAP_FARSI,1,1,هیچکس,RAP_FARSI,هیپ هاپی ها ساب کونن🙌🏽,@rap_farsi_q69,,2024-07-30T17:16:39.106304Z,383874,787,False,49
UCwlYVENxLlg7AaaHBIV62IA,Moltafet,1,1,هیچکس,Moltafet,,@moltaf,FR,2009-07-18T14:33:07Z,17608732,55700,False,145
UCxGDGm26uFZ9PJ3-JcXaPRA,Farhikhte_HipHop,1,1,هیچکس,Farhikhte_HipHop,"🎤 رسانه فرهیخته هیپ هاپ،اخبار صفر تا صد رپ فارسی تا موزیک های جدید ! 🎶🔥

اینجا قراره بهترین لحظات رپ فارسی رو تجربه کنیم! بررسی ترک‌های جدید، تحلیل فلو و تکست، واکنش به دیس‌ها و دیس‌بک‌ها و کلی محتوای خفن دیگه! 🎧🎬

اگه عاشق بیت، بار و هیپ‌هاپ ایرانی هستی، اینجا خونه‌ی توئه! سابسکرایب کن و زنگوله رو بزن که هیچ ویدیوی مهمی رو از دست ندی! 🚀🔥

رپ یعنی زندگی – پس پلی کن! 🎶


(برای همکاری از طریق تلگرام با ما در ارتباط باشید ✅👇🏾)


🎤 Farhikhte_Hip Hop Media, For News from Zero to One Hundred Persian Rap to New Music! 🎶🔥
Here we are going to experience the best moments of Persian rap!🇮🇷
Reviewing new tracks, analyzing flow and lyrics, reacting to diss and dissbacks and a lot of other cool content! 🎧🎬

If you love beats, bars and Iranian hip hop, this is your home! Subscribe and ring the bell so you don't miss any important videos! 🚀🔥 

Rap is life - so play! 🎶 

(For Collaberation : massege us on Telegram)✅👇🏾",@farhikhte_hiphop,DE,2024-07-08T00:59:35.249678Z,20294353,8390,False,220
UCxMWUitJjW5TxxzV6lzxEjA,Travel with me l سفر با سیمی,1,1,سهراب پاکزاد,Travel with me l سفر با سیمی,"Travel | Cafe Lover | stylist |Cooking
اینجا لحظه های قشنگمو باهات شریک میشم🥰🙃
",@simitrip,,2024-12-29T20:18:32.801259Z,4241469,4600,False,38
UCxYCveiCgp8RKegstlMNs4w,kooshafilm,1,1,همایون شجریان,kooshafilm,"منتخبی از آثار سینمایی تلویزیونی و مستند را در  کانال کوشا فیلم مشاهده می فرمایید
You can watch a selection of TV movies and
 documentaries on Koosha Film Channel
",@kooshafilm,US,2012-11-24T01:03:16Z,8554809,8930,False,271
UCyGYNC7IQWWmyb_4h8OxElg,Raharecords - رهارکورد,1,1,علیرضا قربانی,Raharecords - رهارکورد,"This is the official Youtube channel of Raharecords.
Raharecords is a music production company which has different genres of music from all around the world.

Copyright © 2018-2025 by Raharecords.
All rights reserved. This channel's contents or any portion thereof may not be reproduced or used in any manner whatsoever without the express written permission of the content owner.
DMCA - § 512(f) Misrepresentations Section 512(f) deters false claims of infringement by imposing liability on anyone who makes such claims, for the damages suffered by other parties as a result of the OSP's reliance on the false claim, and for associated legal fees.

کانال رسمی رهارکورد در یوتیوب
رها رکورد اولین و بزرگترین حامی، ناشر و پخش کننده موسیقی است.
تمام حقوق این کانال متعلق به رهارکورد می باشد.
تمامی محتوای این کانال، حسب مورد، دارای مجوزهای لازم از مراجع مربوطه می‌باشند.
",@raharecords,DE,2019-03-25T08:08:18Z,6724200,17500,False,2148
UCzIjGS-HRN9NNK3fkkv9fsw,pedro xavi,1,1,ساسی مانکن,pedro xavi,,@bym2e,,2009-04-22T20:32:56Z,1238569,930,False,38
